temperature,humidity,rainfall,soil_pH
1.2089546750710816,-1.510870242873592,-0.8774477124780458,-0.5496365258770282
-1.2237811298049974,-0.7833073473291796,-0.9051254692991804,-0.8667680774356773
-1.2821761040296884,0.40892313915856865,0.7388269469721599,1.330059548344177
-0.8782347551296796,0.5841987677075958,-0.9567936130138883,-0.08772346169303456
-0.6459585658938305,0.4236024027772975,0.16344914126451873,-1.3264101209275634
0.1830660673707329,1.1111384585280168,-0.9340670197549538,1.48124105959792
0.4643618536834461,-1.284824620776993,-0.9485168739808614,1.3337248212584125
-0.040988419083735066,-1.1273576004672088,-0.7914261576082318,-0.10448326046789022
0.40928983055483575,-1.0190964984440865,1.454147951003337,0.8964940395504823
1.2277150461891633,0.4499746801756717,-0.16782968660612477,-0.001617469053800834
0.39005221717843797,0.763515472465673,-0.33245396031645313,1.1612139932226813
1.1038193349564842,0.7961360018806312,0.7126718155178052,-0.16494364390584224
-1.3173301996543438,-0.6886576996778409,-0.131460211998069,-0.3875640624846604
1.4510541683072598,0.9293975193983388,1.8857561158428715,-0.8508610189946454
0.17790802164591518,-0.7125027815615806,0.08817241849690878,-1.2006950117627802
-0.4365162028043384,-1.5355587064567058,2.441627834151422,-0.5295480483453242
2.4894615070741395,1.6710503386331637,0.018277524503297546,1.0398425506441042
-1.2534806912598133,-1.2928039744889481,-0.7344403372522555,-1.6073561150198354
1.1658125433624176,-0.5582314012371373,0.7149370759976701,1.0043547104689758
2.4702262173461995,0.9883443669000811,-0.4393080038339694,0.6595539467085948
-0.6659037994093757,-0.9616272356400466,-0.22853903100675563,0.344678469334932
0.15603312551138424,0.8078141936805535,-0.4892241267857139,-0.482898397203066
1.7029472898431068,-1.6693244714092652,-0.2846716737932244,-0.03214423301854738
-0.6667952376615298,0.8710434134650198,-0.5671701043249078,-0.016296179448111573
0.15522788500933143,-1.548786459339243,-0.7784326787800936,0.4815625168487299
0.552310030238106,-0.8032775303138444,0.015034042840522979,0.8290855103206507
0.10601846036903313,0.2926357087523901,-0.22388440767455267,0.7832132364327034
-1.9345254808008048,1.009306269785927,0.23689062435237507,-0.5241427538759315
-1.3568174132973614,0.5569044889367573,0.6167651816626223,-0.9093507900491388
0.4762319511894581,0.6338525734020615,0.9948281306074088,1.1109933465485529
0.14408184935004742,1.149555271530011,-0.5324076236834094,-0.7635294958846569
0.16121280901787807,-1.089871240692265,1.0923332576004885,0.3191970395692252
-1.4379789826773455,-1.2798907696320467,-0.0978447891128329,-1.0275093263469408
0.17483517197409587,-0.5489450614631768,-0.9099658660986897,-1.67122927556457
2.624568686704837,-0.597327003198101,0.22253017565705535,0.8055719864579161
0.2539856583702503,1.6710503386331637,-0.1520388451903461,1.4097140997197064
-1.1997378182171465,1.0978166261737967,-0.6080172207756231,-0.8828640150911387
0.09765347345644375,-0.4265607953575116,0.8104838553947161,0.2940652859028098
-0.993392072139073,0.743286628855541,0.4315366393949999,-1.699572766089606
0.30291674200708074,-1.250677429590165,0.04692978442227597,1.2834677139231465
2.7971530809270484,-2.213627564808961,0.28245246874621693,0.12811791438652062
0.7576939699116856,-1.457837263693956,-0.48037156230990147,1.3997020465429828
-0.1014643379547863,-0.8807486484294643,-0.00782314412703913,0.5579097114870718
-0.7883050229006243,-1.1159082929401487,-0.909366414224456,-0.7104051018495986
-0.6665944500688448,0.8765405944416788,1.1153368340200378,0.30486140367038783
-1.182973885457005,1.1911080696797423,1.1018084906428718,0.8946177771705256
-0.7380088571101054,0.6726928382653367,0.012012459200067362,0.1742424229042866
0.4892970858835296,0.6143516733540905,-0.24080987360663753,-1.500634669282724
3.9706827673747735,-0.934112362149923,-0.821565166550592,-0.9558264945546735
1.020388839178547,0.45819405971510807,1.0829548284595438,0.4939247347669129
-0.06801170027184908,0.7170327296502726,-0.4580458617266224,-1.20152439804992
0.1488375840991493,-0.9375892810726534,-0.8571893614374617,-0.18124798661565195
0.7904937540636034,-1.060930708896953,-0.015337907598176813,0.6694115928036009
-2.0171769527586414,0.692920795403656,-0.9291803469972227,0.6416868321661051
0.26144691431737327,0.7238546951306786,-0.08219722561422478,-1.300674035613856
-1.3490322677703646,0.4993719242814508,-0.2839630562318566,0.2520035540242893
-0.6274347220722704,0.6122418684677206,-0.7064253982324994,0.5731720352345392
-0.40020089374043083,-1.1866031142365168,2.8640923532802303,0.06735571818192675
-0.2713315722895091,0.48532616361164993,-0.9809194007134664,-1.229405630506536
-0.8233875850910213,-1.1129505212602193,1.3179070499730425,-1.6409628344094511
-0.5418432116142619,-1.397931189720786,-0.4473179764562996,-0.7818032805558537
-0.07469693109540718,-1.4949388453212593,-0.9336577371682474,1.502920308691763
2.8075614580186596,1.0128472105563837,0.1841553697827699,0.9334528604454079
0.4391666225547425,0.9021162595691179,1.584675998832505,0.8178580892428947
-0.8519801671318944,-1.5484917095706896,-0.2927201090332509,-0.1660061280844228
0.44163202901827003,0.8490318161759919,1.2128743237988715,-1.2578649791196077
-0.9386701717540099,-1.4458009459853653,0.0372039782820909,1.5769471416145386
-1.0515773757757407,-0.32887702154202125,-0.0258641652450254,0.14854431581677108
0.22078530416589362,-1.6917700332084917,-0.9820903210695398,0.1050953225866587
0.23024913339688874,-1.0504635570641778,-0.67553470538682,-1.4870658258664249
-1.0003152175939476,0.4775201432351434,1.1699554107575088,0.1758440222514777
0.35890122936100466,0.6434017617187432,0.129554443133699,0.5670795076394373
-0.14000256367592867,0.8445999769291748,1.545141750959561,-1.08579489364624
-1.1374103354072809,-1.3408931751690445,-0.9539605662698954,-0.5174543324938795
0.6861057682493583,-1.1426055545956288,1.3538972584246867,0.7927844819172698
-0.6287167383079991,0.5914620380576396,-0.9412934357373789,0.4115905119542082
0.7561914339642085,-0.9303750700213139,0.4029610580226806,-1.3254313969772449
-1.4191886172754766,0.5751081710204109,0.6342817673213212,0.24054935648870218
0.44725570796290476,-0.682032363666288,-0.5052631307403553,-0.30538086387768687
1.2595166300875762,-1.1354058622401042,-0.7125743301631275,-0.5164621352101025
-0.39695770812546843,-1.2081210324676575,2.6780167244261492,-0.2594749460825601
3.074992000085427,1.1610684872687542,-0.33183147953005476,-1.0124860466190737
0.38890383627222347,0.7621086071824872,-0.6302719296081585,-0.12217868075343682
0.0890218934558878,-0.5382690225727368,0.13594871237345224,1.1294768848621586
-1.2341311685855927,-0.46172931267320083,1.8868321824021763,1.4905501850696605
-0.7689457442368793,-0.8843066518373733,-0.29293627501600944,1.4777100160404986
-0.6277969390735261,-1.0074914320841326,-0.9278288414168593,1.5525244745899778
-0.8895425985000036,1.6710503386331637,-0.8191797536745944,-0.009024822261575822
-0.35285566198156404,-0.7958029481412789,0.6209567214118861,-0.23287619043115157
-0.5353751276043458,0.36456960707844843,-0.4588697295430659,1.1070692777739417
0.9060905797853913,-1.107737787689945,-0.09254750144811098,-0.4858366729788728
0.49452211925970885,-1.2607728861580967,-0.4684993597166587,-1.0096679264403021
-0.6174371954649068,0.6071178958021395,-0.8746098756923598,-1.2910559721321755
0.1827703788357707,0.8950128696884345,-0.32610151172733975,-1.3943754932933552
0.6564691588923323,0.6322351396808094,-0.026283131812478943,1.0791677910586068
-0.05243999411550459,-1.2341771326405,-0.6182544241223663,1.1237956351962226
-0.833648640395975,-1.83077462393687,-0.5421422639912039,-0.716731004437957
-0.8968322173887122,-0.7831748984066689,0.23427111534759085,0.0008303243442929169
-0.5032799015631818,-0.9522019432660275,-0.7734357165460445,0.38236760245435053
-1.3521469973389013,1.2301672598498936,0.6513292603619654,0.8547854519275851
0.8379833705837161,-0.14786960355928613,-0.8717411751046449,-1.0213440860789869
4.844788528148001,-0.04130698528714755,-0.7942602605672935,-0.4146865614009652
-0.7732337157047795,0.8442569947046179,-0.957465064367458,-1.5855212401785634
-1.6761063266391205,0.6108872675063856,0.32186353754006297,1.4368450120101355
0.7648558813543722,1.6710503386331637,0.057329686272798386,-0.7677569706171412
-0.5854242117872082,-0.20160358928229732,-0.826911735111415,0.966165077464433
0.3060466441922435,-0.30461515937029426,0.7861000999702747,-0.40564953389812597
1.3228343352513514,0.5370930350359259,0.41594007577109704,1.0345843315006467
0.48699356350509454,1.1702795772293457,-0.8225741600016545,0.49470342158285463
0.049948443379742656,0.6906644587598428,-0.03736320027839152,-1.2032909940012335
-0.18039878133949108,-0.8867016192835318,-0.10201247442014928,0.9623400597195718
-1.265303908117855,0.8312594382123062,0.23485690416631613,-1.7044139016385451
-0.5037814960974681,1.246292129828767,-0.6509788292506471,0.5812159961928263
-1.0150765155423966,-1.1243550582385453,0.5314181959843373,1.1449494180714548
0.6320467214203922,-0.17574000824736394,-0.6212195337256321,0.8480732909352255
0.706451879127213,0.911456044729359,1.145014681451141,-1.6274633301997787
-0.541899746097671,0.682894193820677,-0.7202688491015484,-1.0359653811831329
-0.10658722231776874,0.2838118305214699,0.5907939038515727,-1.0118121901916617
0.35578803834757267,0.8987431043777272,0.5134419128017482,0.5320091951273226
0.9639185035905984,0.7542030311604052,-0.3198944452604685,1.3325319188069134
-0.6952461572720038,-0.8351991317885293,1.447165933770008,-1.6440394662213875
-1.2844785753810581,-1.2513454421555286,1.9124438603223386,1.10960420314177
-0.5794921383286818,-0.4878397513071878,-0.370292710478562,-0.8663413473801891
0.5024484644490818,0.7485543485144408,-0.4548441587629886,-1.2624520510133777
-0.3033199619643318,1.6710503386331637,-0.47720333481482263,1.3182661427579394
-0.564342481019081,0.7505264497567741,-0.024885926561651256,-1.2312289820770483
-0.11026405420228073,-1.3485836324567122,-0.2559434753750537,-0.3861117288874911
0.40952735463472556,-0.7738087108899944,0.8141480179473436,0.29462513768507836
-0.4801521148446533,-0.20337957896048872,0.40231294857994104,-0.19204633574029592
-1.133167961475414,0.946634435623617,-0.1245543257986761,-1.4708006161830547
-0.8151677064868813,-1.3349866407344864,-0.39920276983460146,-1.6205497586888098
-0.2843323999012904,0.25481699981976325,-0.7035620484824128,0.5508759054478064
0.9771792556813832,0.6301154592095237,-0.18447357832561195,-1.3474795889375153
-1.2935260528970824,-1.0723008821638633,-0.7629392354654487,-1.338358135120328
-1.065976175275619,-1.180249930168289,-0.8346825335858474,0.7709231128313148
-1.332041242505845,0.8228818776808104,1.9795897155419353,-1.3100292572170367
-0.5193020882865235,-0.564980627462705,-0.7138428230451264,-0.9365549314839985
-0.41810070251655035,-0.3134703389751957,-0.2394359479973221,-1.2314969120880472
-1.810098389134658,0.7186223058727216,0.7279131936086048,-1.2263194820382732
-0.47985200039093123,0.6769978464390655,-0.5258594502082987,-1.5474436300968923
0.3731600638930836,1.0894498628958402,-0.87108580692531,-0.41010570907294097
-1.0799253014396075,-1.1752934961485375,2.1100329211802533,-0.2896587767825277
-0.5304587768030569,-0.8856672407903142,1.9427887981933045,-0.08815316182148596
0.6534348555472312,0.8133457265744447,-0.9655389323040006,-1.3517759710150627
0.9524948259852364,0.8119504543117632,0.24065813489686344,1.1818374980935509
2.0481096344401517,-0.5637399836235408,-0.34068448211465346,-0.3300653517798823
-0.5455318075020437,-1.0972985620621019,0.43448728951877047,0.3678148434917196
1.618703112938647,-0.7812178540888218,-0.5340013479482382,-0.3102002172278437
0.9182272754093016,-1.0982504497296677,0.17089200185500422,-0.1304814452757669
0.5073209915286435,-1.388617904579805,1.8623368698724794,-0.15807032359842135
0.24048543752906748,1.3352906209590736,0.6446608255086588,0.0829015314170108
0.8643562726532397,-1.033744420152303,-0.852512656168388,1.4109018606528583
0.26559024738111486,-0.6554225600155693,1.0054495951333207,-0.18608217830664556
0.6634549454482338,0.7690153818595938,-0.19632184908206227,1.3439940510578046
-0.6285316752456601,-1.37311451438016,0.05207395960518907,0.9281044662027859
1.0118892222859661,-1.4167609019836627,1.5026692376055784,0.510755101386998
-0.5023254367822696,-0.6309076685028854,-0.5283855847085132,0.8055740523482172
0.9938923804214309,0.8502612207792986,-0.29065876351361675,-1.5603205335943784
-0.7143059348103814,0.5868406477036913,-0.7873949814026779,0.7738283379237225
0.7521819371061446,0.8322225994643603,-0.11332904115952779,1.0696578861382409
0.28940158469674426,-0.7943966222651366,-0.6074439721954631,-0.27638134463525627
0.5609856224857407,1.0196332867267146,-0.5923322492555706,-1.3532094338830971
-0.08860106935753641,0.9722145568295845,-0.6934359831346005,1.0535319467490365
-0.056755386283272126,-1.2945455814654458,-0.007571782208709091,-0.05836293776756098
-1.4054213357978127,0.7370451166711519,-0.9216928509886825,-0.8438310770014659
-0.9785935288737188,-1.4444249826633626,-0.7690694375132623,1.5322409845633096
0.008050024244630107,0.9167442302116897,-0.21979798364375808,-0.7655308135014226
-2.6450963734594586,1.0139903360071254,0.10184214623551405,-1.6794302894588866
0.7743999758584017,-0.3055751456952518,0.4255650419678194,-0.40963493915471066
0.9702936734949241,0.6299885438759871,-0.35086849674566906,-0.427242215475085
0.02735127945727842,-0.6148485902339471,-0.24898108034060573,1.0149515277447498
-0.31824920213891783,0.8066713941863681,-0.8488375537104653,0.3320731819887593
-0.773789513401075,0.7032732188862675,-0.8697819223309479,0.4597207195535679
-0.9813253863418485,0.699578705217635,0.37292691543457934,-0.6435128360141746
0.7377394970050801,-0.7870353485464319,-0.46367642500618445,0.4671442927242436
-0.6184365893821938,-1.337662269306302,-0.8163226010093028,-1.3538748693904732
2.1601418980154543,0.8638626730441267,-0.9107119804641731,-1.5773625812173087
-0.36107859943284165,-1.4848339676998976,-0.8342488064948292,1.7061551674533393
-0.9487427314231835,0.7409920349856017,1.0095224324129262,1.7158311035822815
-1.0698413514693375,0.8025739578242556,-0.300519126975271,0.9626719946414815
0.3337650947500923,-0.7630648499672192,-0.6599308847903055,-1.0008336556464574
1.0266693985263895,0.22508828257952954,-0.9214412271014464,1.283821580519172
0.24862203216225248,-0.9060182351165745,-0.808912400272151,-0.11151905184515551
-1.1551035441339328,0.10390286822527951,-0.8476050156266821,0.8497935894913423
0.513855478884843,-0.15328186116021075,-0.18640077388567544,-0.471788658542749
0.6590446649537167,-0.2646738146467179,0.7005863879198707,-0.40946372164329287
-1.7566552199365164,-0.670450247819182,-0.47704151927363075,1.6159505225816413
2.3574617402840645,-1.0751110688201628,0.2055628922649439,-1.486106749833444
0.7680226304028558,0.4809354445615682,-0.6127541715524952,0.6797379766015689
-0.92877177717011,-0.9933237329802627,-0.7825321816706979,1.0284617361288309
-0.007661851530389553,-0.7387519327927189,0.11730635614165924,0.9430902176967312
1.1068982959294271,-0.6635821072229705,0.058612255180614616,-0.27459525643346383
0.30070289239669223,0.788187682760717,0.25742353331373863,0.49323322294943034
-1.6615181513074464,1.6710503386331637,0.9130357425491253,0.46547964239252054
0.6151303424000194,1.1033109249743325,0.20669857063484892,0.483786270172886
-1.7985835770519727,-0.8145334558378727,0.321005531126349,-0.056442895108125134
-0.7425064318295871,-0.914524764098311,-0.9405828804510572,-0.39487806919854007
0.2261759842420477,1.075132229813667,-0.546481967618316,0.16979944816073603
0.01587370715207826,-1.2492048675608354,0.585313117950555,-1.0606500102954908
-0.7330260786584492,0.7178388276202484,-0.9358242841283604,0.22951827595555063
-0.6040387025018688,1.0274393151280798,0.9211403267987046,-1.620016123683087
-1.196522616816014,0.9656855954137505,-0.8335151697957234,1.3880710423095937
0.8321044190194368,1.3604119197057736,-0.7354809051673189,-0.2202013280732997
0.36009174250772924,0.5163116091318314,-0.611668372801453,-1.5731472312595136
0.1495946544207488,0.7306652654084363,-0.560286114335649,-0.45998440287521053
2.8139225436665867,-1.2233474277134377,-0.6246484716443387,1.1768184774014123
-0.5478498166008243,0.8369572683644687,-0.6774601200978377,-0.7216388567951875
0.848336267223798,-1.6402948207118095,-0.8585742795252908,1.5982226195940767
-0.993080146342601,0.3632939652921511,1.3923061411417188,1.4157441252961627
-0.18604687099754227,0.08242026602336847,0.09272685357340632,0.6503334129783902
0.35588171951234726,0.8834399952775733,-0.6662583078083818,-0.7201140478988627
0.7350280546180559,0.9081472452901369,-0.9667704733779362,-0.07304832056757556
0.24706356185782727,1.0775560728802345,-0.3648693924619278,0.06955088614464665
0.18242806431495426,-0.8081134510303193,0.7553335201521739,-1.3845599280209921
1.5680003108910916,0.44574821524363223,1.1608367026736697,-1.1874396188155087
-0.05036909788486788,0.7734105813044035,2.462787412868088,-0.3334813755268813
-0.7330876416656444,-0.30369031286123294,-0.7671462207025523,0.38253134557430407
0.869469277737439,-1.0804966892125882,-0.35626727184062074,-1.6468204200855534
-0.44936593459434965,0.6210194856329865,-0.6637102972216772,-0.8751591202470196
-0.48428598843890097,1.0180667887113923,-0.5017087559864372,0.09207601977257322
0.8617979906948623,0.8538972558555286,-0.4438523057867516,1.5939108468776357
1.8429814822348367,1.6710503386331637,-0.8320296890438569,0.6611432693521097
0.08959503241142872,-0.8993398307479099,6.861144100335896,-0.794687659669652
3.627148279888623,0.8526138322032665,-0.6442380502469108,-0.1875153851167641
1.3129194407363773,1.6710503386331637,-0.5775388319900807,-0.453941175389029
-0.3701183816477201,-0.7916274050063251,6.476116045448452,0.4952138447832881
-0.3177192701359366,0.9435969943282294,-0.6025625628178015,0.9897831101233212
0.7924821654401043,1.0620345656855124,-0.8008290255587984,-0.32830430311215414
-1.8924724455519433,0.77042888241785,-0.5032389014193333,-0.778658406535356
0.2743691824991036,-0.10843106070721628,-0.9746864592900993,-0.8726079083763348
-0.8438624485682654,-0.9802051286260456,0.2773290393373357,-0.517935465970462
-1.0213824459683998,-0.7469668360073031,-0.8215500352318491,0.3291020194456999
1.1937531525246308,-0.2381080009815105,-0.42185114451331174,0.568824530919503
-0.02186797866067936,-0.514049261335055,-0.7027575006003497,-0.2896361920034535
-0.12069070802274538,0.7720573827268027,-0.9600303534297128,1.6603392599630766
2.9425908267741163,-1.1926300517448578,-0.29662253104287134,-1.2430458696244457
0.0805542772190114,-1.3440051028170414,-0.39157534975575514,-1.361711395717374
1.2820546682844873,0.6870217592678635,0.15498861416421839,1.3525188879093126
-0.4150160585674786,-0.33517990395954295,-0.2091948303642928,-0.2089051799536591
-1.3946558409858738,1.19952523202212,-0.81557634224161,0.06369823707895804
-0.4284792290264002,1.0069453085154523,0.04797185751062229,0.39303443723641684
-0.8578389615160639,-1.0515393035828897,-0.4277437190218854,0.8958275732357784
-1.1179107684876406,1.6710503386331637,1.1026329772260448,1.6841715468636156
0.9421307005305108,-0.5644212465001928,-0.9734319308915361,-0.0977077213456441
0.5011823969444336,1.0882959085355304,0.020997535632268288,-0.10838740126087595
-1.2826517508847344,-1.5074475199447135,0.15332146249337228,-0.9621244491890119
-0.9951135681792884,0.8109269855128705,1.6796042919477199,1.339274760637583
0.43679504707270567,-1.4802389358649835,-0.33968784877152364,0.05187352136952525
0.000679601455723904,0.8583951306662675,0.5305595591245107,-0.04117382985255217
-0.07898072030174347,0.5754729164363294,-0.3263418094351344,-0.2354589932906945
-0.6158824403884365,1.1669346213124323,1.2834525097331047,0.5589458804831339
-0.6134560353897902,-1.7405164179267492,-0.671995751823454,-0.8844140002370309
-0.3098571350890634,0.8881562618025128,-0.786618244258027,1.7204438031705376
-0.004186561358626383,-0.8106052039821138,0.09187538276183405,-0.6834695016833685
-0.18645376131713634,-1.3240112730418727,-0.7119855332065183,-0.5136546452127994
-0.21768665394568407,-0.8353212464770194,-0.3447423535178141,0.9591747053004028
0.8797131144395619,0.793362608188944,-0.4990128183692835,-0.08397600955080126
-0.3902496192226632,0.7893623702022103,1.330134270360467,1.0720913095758706
0.1997595534478742,-0.5196161441935607,-0.43788459723288004,-0.385831551733823
0.9194769597023659,-1.252966090143483,-0.2039570193165662,0.9679830053281787
-0.1341497326573356,-0.7757249052745204,-0.38330907607882536,1.342392055039684
1.4119905815096463,-1.070787467837074,-0.8838122916583777,-1.0493467823255602
-0.5066584069894151,0.7849370857005138,-0.1881760243366691,0.47160421287107795
-0.6665732584546804,-1.0483676680923495,3.26699646386403,0.02018945167164426
-1.9017287027724914,-1.259827959348255,0.3651979686092451,-0.4693826396261395
2.127334745158912,1.0466753643881563,-0.29586241551274456,-0.9643094151847567
-2.6046179288302675,-1.408151746547314,-0.7278826473988788,0.7381979728304888
0.055686478793651684,-0.8979993519531252,-0.7925330612085141,1.4400419153344097
-0.31685152797843225,1.0140685708125465,-0.506369911295463,1.5354387469233635
-0.6378734759582638,0.9383314156805183,-0.3641131599079943,1.4129669743261222
1.3302219840555183,-1.0873002770258446,2.1023767121733186,0.3741553916898932
-0.9837511535275467,0.9861488155142106,-0.9055974200100012,0.9418189174523497
1.2428399364884717,0.6894804103361774,0.40862543191901096,-0.9102189409446918
0.9945961604980523,0.8677092220677944,0.7437385241258933,1.2668540460335462
0.8430857364639283,0.6689617419863412,-0.11757353009357704,-1.390765309073716
2.1982483608892136,0.352723548325272,-0.19510374336683675,-0.6667289134638823
-0.2889938226305152,-0.7341263940033076,-0.5464347238428545,1.2329809854450609
-0.06661418035364268,1.6710503386331637,-0.6739794937766823,0.987168037767614
-0.9152525371296676,-0.9636214241244724,-0.3775427554163097,1.7017103957374684
-0.35329580866268195,-0.8664651344814489,-0.5903110343159703,1.5230351229238073
0.7936033068132711,-0.5417480560170491,-0.20436551996528246,-0.49957203891335167
0.09597530764944703,-1.9519086088992912,0.15254510818623218,-1.5767687676563507
-0.8014541510770494,0.9482875616369836,-0.1060171020557502,1.2766286420626984
-0.34869367072133534,-0.4388216930919301,-0.5721165871244139,-0.26036467014753195
0.29364009892021237,0.7282059497098701,-0.12115806359366432,-0.739871195200248
2.3240093679593805,-1.0144113154876726,-0.5846092605795868,-0.6077961920714203
-1.1246272491411788,1.013895329755234,-0.8027867441738011,1.1853034091456216
0.8028838968990373,-0.5441150456935443,-0.07670728288144564,-0.27285013351926585
-0.6147531189834855,0.8351119264386869,-0.2854284215021333,-0.5360008424715798
0.47466690706347375,-0.3791054830088926,0.8695426624859262,1.4919843300202966
0.9517474496916413,-1.6131827232698457,-0.6219969000966822,-0.8990750894815578
-0.26263849797849464,0.6885554543663905,-0.925161659951722,-1.0367623852587904
-0.2407214859690755,-1.949289659218894,-0.36036862691264754,1.481114720527837
-0.7285178563752824,1.0101529065137587,-0.4877061714303231,-1.1330669120256207
0.807547984353051,-1.3384786649200215,1.498833300991324,0.815090245530629
-0.816996862971811,-1.0731494295745931,0.18234713585054788,-0.7110004670848233
-0.06885495819917888,-1.1724479011189914,-0.11500586026707466,-1.265444549484836
-1.6044878742955506,0.3939414075153417,-0.8549418812909112,1.5651430429464006
-1.240170550941354,-1.4345752540588979,-0.6551382413862679,-0.7705753617504078
1.6947729312848485,0.753724779683964,0.07737231585394165,-0.693219411213301
-1.751425199358342,-1.0072431966668869,-0.6319359386396679,-0.3721897080276272
0.05282946297036992,-1.3424236808333627,0.9497083007089374,1.6531731609198357
-1.1006104932034013,1.1610248017150424,-0.7779651301724191,-0.35062853362813057
0.3155580349577024,-0.5302820796418818,1.233522272755915,-1.465025508998488
-0.5888041158947296,1.123004744179365,-0.48582330276020225,-0.8632513211467534
2.3340639421333225,0.23348175623870548,0.5453931937221793,-1.0804137823734914
-0.09107392581151415,-1.1482263076018795,0.2874316369033613,-1.1768511881606285
-1.3337143414269759,0.6320427256395637,-0.10061630141337345,-0.8544526705486039
-1.0620126992853691,0.7464495712088978,-0.9179496067335858,1.0155400566325183
-2.2066700754314974,0.8465155437870967,-0.04956552889435332,0.4447756645514689
-0.7558836117531205,0.8417610663326093,-0.28695809649877296,-1.2536388870614044
-1.5732880523064385,0.6983800437693715,0.9512655857479686,-0.30564707435851823
-1.8024202441101993,-1.19539295879905,-0.8971969842778439,0.24908154361191287
-2.0024860552059613,-0.9263089977980613,3.492203135660473,-0.9572949641993447
-0.14724511627926476,-1.0770311018008352,-0.7175046727256127,0.3072588307282555
-0.40158080138877184,1.6710503386331637,0.39980666506669177,0.15947640148329337
0.4698724200019634,-0.955750602717217,-0.897549993241771,-0.8307369849033827
0.7808298169752418,-0.8438869044397747,-0.83923913881045,-1.0837385865629536
0.018167167145945046,-0.6299054744590967,0.32884040726888997,-1.6349861783255735
-0.39155161796064875,-0.015602162066902542,2.3886233336279337,0.8526997791319101
0.9583259156319417,0.5323063265053151,-0.8979657698344221,-1.333306722835384
-0.32659442978314623,0.9206702378324125,0.3994492556638107,1.1571974983472362
0.4859668333359588,1.6710503386331637,-0.6573579625562215,0.8188371497670153
-0.034180553175879334,0.7176496108993724,0.7869753614308598,1.5992876081388567
1.7312194357759734,0.5951533634191655,-0.9125928302804861,1.0872059936882408
-1.129620120805984,0.8181047225149403,-0.36663824374534526,0.2753324816646747
-0.2529990579331781,0.9424353304730323,1.2044743653984946,0.834974297961719
-0.15342746280600975,0.7720986741343935,0.2737782762090224,-1.0716966570956308
-0.8025879981311691,0.6561583998102952,-0.6644024994561334,1.4836115220218777
1.6263051251835665,0.777060836798967,0.2561238888810653,-0.5341462650311144
-0.4917397996851439,1.0443683898752845,0.8724460744533326,1.1977723835374625
-0.8377749309842237,0.7946520432061711,-0.48268410078984275,1.4510958969839534
-1.139921672398755,-0.8473352605428878,1.0147008702332483,0.15715350654538845
0.7452114066363166,1.105102885592311,1.9842724568274415,-0.5988392030457339
0.0569241427647486,-1.2036734943048149,-0.6347647315608798,1.3236115307935836
-0.729496959596056,0.7227178936252333,-0.5725320843754053,-1.1931077440724673
-1.805216477752815,0.9614164601270732,0.48267956956926467,-1.6541504268750875
1.5130999850174238,1.6710503386331637,-0.6959765720710558,1.7269574870136486
-1.3684266576240325,-0.7808423053898415,-0.9601369571849596,-1.1054778956736881
0.021370398934723624,0.7926834226361057,-0.5209963677669064,-1.2340905721176116
-0.3999162864145231,-0.1511195485261579,0.8146125255796879,-0.21075787534961446
-0.8059202065489831,0.6037270335561703,0.6503942191703521,-0.8891950885190668
-0.467817182206549,0.680711178270742,0.06568496108785529,0.3735631451638088
0.3999042497437536,0.8871373491274122,-0.12718354230564727,0.44676833090278717
-0.7503758336701283,-1.0572730824149372,-0.7560407650188293,-1.2774824218099707
0.23552747592860987,-1.0648598788244366,-0.9103256194875091,0.5284997176392795
2.939065228606625,-0.2993439202401108,-0.5487541870734762,1.123687798135695
0.06232232919759383,0.8955170736534608,-0.9363869083723722,-1.4852376073835039
0.7871151012620059,0.5143873495578692,-0.8242128117261176,-1.568067214492356
-0.4365843399834757,-0.9183460235030115,1.2252383278602486,1.3253963084290172
-0.10625719580616554,-2.010278399437176,-0.6766266111176636,-0.1116520707382826
0.5597493796329401,1.022143232903453,-0.01641635829072251,-0.4574587883963883
-1.1656939792192722,-1.1881264892410166,2.2573988896588584,0.20160399204337837
0.06458416821279608,-0.9942551067129205,-0.029008692866477725,1.0176638121955404
-0.8815697463496475,0.9771080766137255,-0.9173328770923378,-0.11139320025824706
-0.69540352924816,1.0552085592978955,0.28553452197271084,-1.574126517822553
-0.6080230812701687,-1.2613224245011563,-0.5714114324827068,-0.20595607982392086
-0.17903392591426415,0.7234050955172692,0.36886601824060006,0.3640900117553409
-1.7684073630306703,-0.4150350545260302,-0.8945272559789421,1.5893819321592224
-0.6206968327412163,1.0937236469388876,-0.3156506407657399,-1.2262781775552065
0.1876453222841913,-0.6519645278551542,2.4879966317183837,1.2811724962753812
-2.211324899253351,0.4037378821086617,-0.5537883064894542,0.9333739848661314
0.23890452646101518,0.45433577055648583,0.5012075062516894,-1.4597651433836276
0.7564403011458162,-0.9930197002894461,-0.24550151019584102,-1.589350660947612
-0.8331156167005814,1.6710503386331637,-0.28372547425158157,0.3740506463715364
-0.3015399817469439,-0.8967989413495105,-0.2586949860211725,1.1358471672995927
2.2353075186941913,-0.677970954781493,0.38026035839052474,-0.04117995084111588
-0.20115851443541,-1.089528081612174,0.24435976271556684,0.8431389019849027
-0.8624164991312852,-0.9943131793745453,1.1101678581997854,1.4347154965703708
0.06616750211769556,-1.6335735628364108,-0.6356244728881523,-0.6046011171554492
2.7878246256363712,0.9430639716074081,-0.6988573774799434,-1.2476246236912376
0.86480206598754,-0.11633145461227366,5.776329105172538,0.046056815279740405
-0.1967872087679536,-1.1799417324707437,-0.11037707703470842,0.29393587109063934
2.244232940656044,-0.4789860557108486,1.2525031572523921,0.2902781468625892
-0.1642988131822691,0.9289474792450076,-0.4014018225836655,1.64245210031652
1.1421548687483376,-1.6033713389750306,-0.43964335055832937,1.408207327400755
-0.3917046134306178,1.072343446124742,-0.48079641070437135,0.7919443318587854
-1.1157110377285488,-0.9949028642267589,-0.2850988814626445,-0.09166845684297548
-1.5782022357779257,-0.7144523643333142,-0.14130465101036438,1.3137236229060996
0.6952440088229284,1.0971518115787917,-0.8088681601553274,-1.2139357884638096
2.072289838807492,1.3372351865080712,1.4861935264548443,0.219426054237861
-0.9593456717634395,-0.7632945813810819,0.06717050880860104,-1.0024285811112539
-0.15826822486005,1.6710503386331637,1.2863638853123638,-0.16856699570645414
0.024971141126166753,0.7331610753702896,-0.9669933034223324,-0.5204637370441151
0.22155450631983042,-0.8134892074542404,-0.6307967112698865,1.2771934694292186
1.3631403736416585,-0.23698679558444888,0.8571285443364972,-1.5931744120616107
-0.3398779149902542,0.7049527334906346,1.4032283584119862,0.871990441309343
1.0181415593252654,0.6180946190204849,-0.8431616338530447,-1.1347707235761044
0.006857953750471124,-0.8723647963658396,0.7339227174543198,-0.2511548498629863
-0.8537811799674425,-0.922610329099663,0.4009742610537867,-0.29489949250993497
-0.9694044902405837,-0.750187477810283,0.6271432867949339,0.9869089849086105
-0.9626425206834278,1.1358347852707138,-0.468984571690623,-1.7198211043642506
-1.471347746470057,-0.6206525159599856,0.5587419634808091,-1.7153418806613074
-0.05325878767360012,-0.05986745728384584,-0.7191750523176287,-0.815497955966459
0.3016233008479863,-0.7818257857364374,-0.2590189202193861,-1.1327163416736534
0.06948611393541705,-2.204728863139572,0.2662052337575607,0.488129887388236
-1.047064965346574,1.6710503386331637,-0.7074432924818219,1.6191325624071016
0.8668762272872153,0.6635510582976271,0.7899032066892229,-0.984288174335093
-0.666979525283753,1.0858818527854277,0.8975093893426428,-0.25057333980049634
0.9962961652497955,0.8876890533617059,-0.8894463638229203,-0.40157723233294157
-0.9897238692887383,0.7930427183177423,-0.38597986650078314,0.8691468778498174
0.1332369856943834,0.6612468617237223,-0.1668326975580449,1.3228877978136564
-0.9996718604451388,-1.6266232833728236,-0.7232534103302326,1.6348467115288852
-0.9442654831792762,-0.9285999351324995,-0.020576155393488234,-0.646274641971283
0.36491950857120875,-0.907402834889677,1.3279585814822628,-1.3927928567523675
-0.6200328083723876,-1.1178803878500128,-0.5158616595907428,0.45084441152608873
0.4846569331974333,-1.158489564881374,-0.9097088036268125,-1.6429705353887047
-1.613749167810881,-0.25049752732751424,-0.48171639838907937,0.9664534880989448
-0.5091985450874483,-1.6081363539505926,0.828373367415143,1.1167911781920463
0.364111235454824,0.8161794021840038,-0.4228622479345306,-0.06745462407247739
-0.701665368299656,0.8528418387228721,1.8794572675621226,0.9906295774871438
-1.2174344493392142,0.8944249783941552,0.07149530188204543,-1.1633068855502613
0.6762873104931446,-1.8907476082720343,-0.09679352211438809,1.5008235992863763
0.5922493734314008,0.6579799338414214,-0.6168407210336261,-0.5058056655042585
1.1374386451824294,1.1441634465285344,1.7196756826280533,-1.4942161052857952
0.7316849614598571,-1.4198738477759252,-0.40770486477347295,-1.4317967276773136
3.0670126495734826,1.6710503386331637,-0.060433954796066496,1.407536341086101
0.3324367700717862,0.5770947949363132,0.23723937417529767,1.4842607866886663
1.00570511245827,0.8733453276512695,3.4981647235350093,-0.9985948414983816
-0.28386091513349687,1.6710503386331637,2.751125564415029,-1.4600497611205574
-1.3711464929135024,-0.5354832126929018,1.5870898121633634,0.8511019825797048
1.6956218904658475,1.2330201159775018,0.8712544998928523,0.5069801715252448
-0.4776926018162749,0.6248000214866034,2.856780878243398,1.0476059804968552
0.6488155403237419,-1.346771862632192,-0.15769859042118206,-0.841056956771108
-0.11210931681373741,1.6710503386331637,0.05015832403457805,-0.192852708315621
0.8318434449919628,1.3732933214859744,1.8152566243772905,-1.1483596627554975
-0.5079642769788388,-0.3221291686839481,-0.5841064181517835,-0.2743861731572871
0.15869662510472834,0.7501671363701903,-0.39188265202456163,1.6421528377425716
1.5094469831178077,1.0461359077605048,0.603251764536329,-0.6913272119298289
0.6949864391347685,0.9154970486348152,-0.24729758737423232,-1.6005252448741027
0.2417057131518557,0.8082646734514586,-0.8379031318166182,0.876172488909694
-0.8414112830047724,1.6710503386331637,-0.3797177262627973,1.3403444025676512
1.6875824174281864,-0.7021686745911595,-0.3271355919490365,1.146784415024598
-1.8269925258264061,-0.5927287754994004,1.4161439801746352,-1.6390281722132363
0.0255787590749501,-0.6416822472584213,0.5323146171922033,1.237314996491353
-0.6481241778631308,1.1007606558531668,-0.8608448546260822,-1.7256384540315683
0.9477736503770151,1.0175690502690504,-0.28274209829537966,0.33373544891072904
-1.217451269258295,0.7413873277854454,0.006895547059511376,0.7137230884490098
1.096572161492212,0.7625800872654038,0.8224860218330526,-1.4136760753113107
-0.2708762179131138,0.6831330121161439,-0.7444969756131051,1.1447820947970693
1.8981744195266748,-0.13943809294870937,0.13146309672926026,-0.09636736093219121
-0.40217434073610964,-1.225000978514448,-0.7340289633822279,0.238467871824447
-0.04541276616257967,1.6710503386331637,-0.8452885537176226,-1.2243682899461228
2.058857615647597,0.7782188562730695,-0.6662824327061199,-0.8872044140800122
0.03847549312772068,0.5965883554912534,-0.6238090369433035,-1.0640366930378515
-1.195866481055498,-1.0979770806584068,0.04149290320930861,1.4995175507835794
1.3325718837132132,0.686503652301714,0.013118076016766131,-0.9858274274712754
-0.7221218890524173,-1.2049625543918812,-0.6325481973643711,0.5462931457832939
0.5462691237395261,1.1290660671075297,1.1570573148584573,-1.2903881248783862
-0.8136826490526643,1.036508146616906,0.9744265682780209,0.8617928442256693
-0.2667143095817718,-1.4046791097164713,-0.7438033751718625,-0.10221993599785206
0.6369482503381674,-1.7079260208485303,0.23982718231955216,1.2612831940423102
0.7748562667593288,0.5386621887977578,0.6659131275834418,0.6183335771877129
2.583299670959598,-0.3935997140131656,-0.43999627831701005,0.341093597531641
1.6546115506707242,0.7077390288598595,-0.11207000804087813,0.5334705799802982
-1.2696187231723433,0.33159499699491796,1.462047560452566,0.26862023118028566
4.452547397421121,0.7454496505920836,-0.6052165840402468,0.7594606520799505
0.008647277625462815,-1.3526816835388804,0.7618745263268483,-1.720992666674658
-0.18442378158008021,-1.6010308956238923,0.09964011463328523,0.7315898941458541
-1.8429913964674633,1.6710503386331637,-0.15593236161554477,-0.38685264988412155
-1.9049176307987563,1.0965171379412906,-0.3292538748669426,1.3880269007443555
-1.2207085322780462,-0.7594661059212419,-0.6025231067317105,-1.245172827500768
0.08385431055921568,0.45945990537760645,2.084162736514687,0.18163309510291548
0.23179252876033338,-1.1438778058207573,-0.6311210757315631,0.2985537483809118
4.70723296137151,0.9821816489942088,0.6289098322085148,1.3446859669835347
-0.7933004081703543,0.6148468665003993,-0.00740405082611549,0.8605727972186379
0.866302973440271,-0.8819172781899692,-0.6574579561982036,-0.473345632311801
-1.2398472242221887,0.8024054006464134,-0.8835142116402619,-0.5797849929321665
-0.07621312173881145,0.607594109139834,3.461438913450096,-0.7586167007191769
0.2063428655267374,1.154537524974463,0.3803158697657831,-0.15742051209005903
0.0848571388306007,0.67347120768649,0.8245634556893485,-1.5560215500689722
-1.4558592233578918,-1.1659335512535431,3.86752167173675,0.5274554521384859
-0.7910980924769174,1.6710503386331637,0.7842706675596239,1.0196637036709477
-0.5209508256360308,-1.2112525737032518,-0.5605034320658563,-0.3610078069458086
-1.6943734413196674,1.6710503386331637,-0.9081401674306405,1.5552341814056545
-0.7327556691325094,-0.7162729188933037,-0.0467105034680117,-0.31252652710120754
0.7306247740639772,0.986805292740666,-0.14831785400706257,-0.8546200798268232
0.47557388658419686,-0.8908316474725013,-0.5407898714709489,0.07510037502742582
-0.3282959454942312,-0.5005911593855454,-0.2667269270316031,1.6085794366527426
0.8125206480206197,0.864872152827878,0.9064413580108812,-0.9800229010371787
-0.8033876235024215,0.5617269888027613,0.47031104913582034,0.9144570066870664
0.0642346852734076,0.710076819917024,-0.35148031415755604,0.007952112704680749
0.9040042055420261,-1.543097229024114,-0.5187165147934371,-1.6479445768440053
0.38184866533228884,-0.938643131181144,-0.5588645561525083,1.711669468458467
0.4185787093795707,0.6328189519298603,0.08293809433509775,0.433969030552645
0.009017907139603213,1.0085638785870679,1.9442002465333748,-0.2550943169995675
0.19768293343141202,-0.6863112027477878,-0.7126222005089458,-0.3110813330227026
-1.3414707200897362,-0.4707408643295169,-0.891437521038569,0.09112375917218157
0.15067035163771614,0.5866416397377753,-0.7094563842522874,1.054460897989378
0.05452873005127943,-0.2691541070474171,-0.7186204296515807,0.24130716707633176
2.2208059357401844,-1.4187983114597456,0.12433252684136366,0.30430026227856166
-0.3014300175604085,1.6710503386331637,1.0331894901314322,-0.7627807012692162
0.31674555579175395,-1.1066121810404053,0.6298639519156196,1.133094009142759
0.5709690384291527,0.9364716323100338,-0.9805086344186649,-0.5390612254036932
0.9082750827641203,-1.26929977395456,-0.8838116871089698,0.48208116955968305
-0.8749435240362204,0.851572025158619,-0.949885276092989,-1.412078879136872
0.4581864063684451,-1.020921098315978,-0.6070987930859327,-0.14186951269238027
-0.26306332499350626,1.010267151308971,-0.5095191287658118,1.0805610112202562
-0.24948137351694702,0.8987800382257151,-0.3271780711285467,1.2229589660179065
0.7228335376028655,0.7736854320303996,-0.5291196343505996,-0.5006344669926529
-1.7747023963885438,0.7141832464697262,-0.9801385968925863,1.6149312113724938
-1.6209465478492604,0.8695932079044267,0.8383519374764928,-1.1890300926517439
3.8074196857304883,-0.31153047569104625,1.2979963662094447,1.6038461512594409
-0.04432074135423581,1.0373009943297393,-0.9519857872267916,1.3758009420628834
-1.2611574081505523,0.6366249723331588,0.1802589891828862,0.45005140649626446
-0.8388576894006617,0.8548842738069408,-0.7658354940520271,-1.1476141265084674
0.6849721144464542,0.45514254126216613,0.05887806169632442,-0.918536653598011
-0.43789643877241624,0.9055114162652138,3.0473105229661157,1.6319029753308942
-0.33760272841216876,0.7198262234250812,1.1125700547368758,0.10510743537693104
0.5135277158855419,0.7864879436737029,2.0711586242367086,0.17614231541438746
1.3375036362599522,-1.115002694652007,-0.7244472486242962,1.4143190570460429
0.5943454700838576,0.7609692554256583,0.3727141376498879,0.2925350475495656
1.65889996498572,0.7464525589898322,1.2951162633402313,-1.4330451699389593
0.5612779683940678,0.7418093369240362,-0.756834875012876,0.2059623693086066
0.5978858958403693,1.6710503386331637,1.671879351278429,-0.16561311879572005
-0.053515956268470576,-1.2195356073224137,-0.5966570416091589,0.04773839096964089
-0.19162097679988488,-0.7462938539431315,1.944525306108209,-0.44021442157304075
0.5650362983562501,-0.7948632871979865,-0.5124988881401659,0.19875196652385047
0.5065904931699249,0.595052008388206,-0.2743565612817593,0.8368745586475644
-1.5586128565043156,-1.028701045590834,-0.9184721257779261,1.2260453741524129
2.3140584318527875,0.8336514743143548,0.5429256505360815,0.3755984312982912
0.49752263055746354,-0.6929278818526666,-0.6206289980933865,-0.5284914660501462
-0.9138382214075669,-0.444505141287377,5.3173869016247775,-0.4021690916886815
0.5031668876895122,0.8881932102877992,-0.8925767591254404,1.6201854006146412
-0.7292053221059106,1.02864645437151,0.786442164179604,-1.397838487370223
-0.8729254336529115,0.597427933164271,-0.9073978031445394,1.0400630027815945
0.9849307195291236,0.01709108266642889,-0.6887870047415414,-0.04496868239497978
0.39561071292346667,0.5602638234959051,-0.742471332230595,0.19131866972687187
0.9179948641416196,1.1898019486044886,1.3714389309104718,0.8725398574170686
-0.12305155349000575,0.47184190826994327,-0.017547354747226636,-0.4317468375174501
1.2766959379687322,0.7558881039456696,0.37018029168002464,-1.5144145359001107
-0.1942780867172336,1.1443115603905336,0.9623733077811405,-0.017667222293552196
1.9614296757609881,-0.7552836321321613,-0.6876965103556295,-0.893081466797031
0.7999675651216819,0.6250994829917396,-0.6048807801319281,1.3215979070147648
0.37784899944413497,-1.1447307094043373,2.420523575095085,1.0774025881899492
-0.06446299513877643,0.8423012026570713,0.40586480388269813,0.9827133539640266
-1.0592827996854817,-1.5314504095332988,-0.7801751639671076,1.2759044877822643
1.3023330110124187,-1.1357192154737334,0.055720846343256546,1.0028675530569644
0.30989501904656,0.763647827282383,-0.5810073031598497,1.574239672087309
0.1281645895645512,-0.6247960344876242,1.5443208330177465,0.8552259225293787
-1.3262520843457382,1.0414457162275028,-0.2648959767103977,-0.7711549599922894
-0.7523123528934251,1.6710503386331637,0.8914233631741648,-1.230883538663922
-0.24209820482760538,0.8979260967054182,-0.5865194060892694,1.6425265949922783
0.08269420520883368,-1.4989677519933005,0.5035930368577163,-0.6750851347935107
0.04818293716772981,0.6011137573128138,-0.603016657802154,-0.16774061924177666
-0.8500851495106307,0.899577269325223,-0.6361457311119416,0.20603925568240783
-0.08354556542138686,-1.5587275516489247,0.026552980809145723,-0.24398212455813256
0.549514696812935,0.9521439556488385,0.12914974162240725,-1.330472145167942
0.2915589974660036,1.6710503386331637,3.265019317413162,0.9678764317363587
0.3100691671898166,-1.1092059730559634,0.6216192459707288,-0.5835501725404197
-0.7172670313385339,0.5948207958567244,-0.134972866506044,-0.33947550682889127
-0.49582164358412145,-0.16599948724100339,-0.6725479609820947,1.46907911372498
-2.3935954909545525,0.6777067395539302,-0.8596461275937811,1.084862596182982
0.3964286936950347,-0.9542036055392037,0.4483927814336579,0.6719889343633285
1.117298322381768,0.5513075444615707,-0.1474918618311679,-0.2045164720900725
-0.33317049312511443,0.9538101968489698,0.7423845326745961,1.7230023709085498
-0.3529568072607557,0.5123027314846157,1.0210749563360833,1.259831391579499
-0.7619917364437765,0.7721494888552302,-0.7039294102244624,-1.2745535682838036
2.7360190062900447,-0.1170315157615285,0.11322546484582778,1.217909976950605
-0.6110585158807127,1.6710503386331637,-0.29623449203176877,0.7468835439194542
1.2384740598943529,0.9393068577494688,-0.8896442419158924,-0.6584237163469624
1.7190121882795897,-1.1174252495649293,-0.7453519550174088,-1.5810868632394859
1.6721241362607773,0.13983533921337152,-0.7527822162468998,1.3219485915937808
-1.0724371063700358,0.5177914263358387,-0.9250941097599481,0.5937805394273727
0.9222475860329504,1.6710503386331637,-0.2345742183297469,1.5191771496552764
-0.2124908194948379,-1.04078892889535,-0.8899158113259796,-0.9702059470557572
-0.8655343425480156,-0.6024495392441611,-0.09510038306973156,-0.21584363322432587
-0.9875912858969025,0.47239132677621215,-0.9562652159907102,0.8065195772724713
-0.3630763296379393,1.6710503386331637,-0.3589919867002316,-1.1632886012711003
0.25713601528692587,1.310090988725924,-0.694576128470002,-0.05911259045547383
-0.31046010844796923,-1.6821148846193397,0.3085757887976891,-1.0295012258225908
1.0979809085511822,-1.076056831464288,-0.9239757778160642,0.56234629248212
-0.779825939275924,0.7939720081784147,1.3568908064587264,0.906566472675557
-0.33302153036613774,0.822824464623535,0.4968625624931051,0.7133876192415723
-0.3762028528486583,1.1653751887466504,0.5283990168065722,-0.41909705808674946
-1.1927460008302109,-1.2173564339651126,-0.772318051226461,-0.9748174361005941
0.7020085124468004,1.2105302076874367,-0.6552713013146364,0.13302096038139608
0.08914182982236937,0.9489989541633859,-0.9251731078596184,-0.7884323070266938
-0.33094480039733565,-0.02538545109569667,-0.031131697987258757,1.2647035957809278
-0.7759376451218688,0.7939798769989549,-0.6945132007345324,-1.2276037791609966
-0.5757733409453272,-0.948025008168829,-0.10725347689563137,1.7036403222245806
-1.4580143485892532,0.8540088082127042,1.3723556922093654,1.6655312929492905
0.24958031962117835,-2.000353966216453,-0.952243684379035,0.7373338495550814
0.42966988938711503,0.9459036778368757,-0.6555673724922364,0.8811897203985972
1.4246107076723409,-0.27612036233079423,-0.7139158823804354,0.04880893018767965
0.001153356431885204,-0.7806311125951452,-0.28954101066481136,0.1669822545399944
0.27445858256863276,0.6369958613263175,0.4477753983515377,-0.9995877443899079
-0.305963828746961,0.7803422892802475,-0.2580696155510531,-1.1521847136771441
-1.035298712518933,0.6864685424972485,-0.32865220962911296,-1.4243371487330663
0.5232842111457854,0.6175142477429223,-0.5188542179403344,0.5170985908497606
1.6662810685487948,0.7720319678331776,-0.9271656538646841,-0.25968110871734407
0.7847106840835717,0.8043042420279412,0.1451908241491948,-0.19850068859016912
1.9208754634590743,1.6710503386331637,1.9576630990160067,1.1600052226265694
-0.9097641799343208,0.6696818074275286,-0.7974250751149369,1.1721078034891528
-0.9665977223923504,0.5443633231845258,-0.49414929248662054,-0.894879749423285
0.8694759914359114,0.4211416738972797,0.5416737639183604,-1.1305991019718278
-0.7451938398900362,-0.9496953193475864,-0.4962697960312501,-1.1453646774083843
0.9223366472625179,-1.1417615338929157,0.14712661332585883,1.2801740260173238
-0.65288063947455,-1.1050286123492101,-0.46122404720212196,-0.6608887360906935
0.6215540620430058,-1.014520507756716,-0.21633850829170342,1.0151094438125947
1.0445488187603897,1.6710503386331637,-0.9547125271474626,0.6046228297948127
-1.3441488260049517,0.9885561433947017,0.020337824043041033,-0.24092361017354652
0.07769539334818708,-0.9077778646062328,-0.5016504741632889,-0.8432054634773793
-0.5116167539180129,-0.410140051834241,-0.6582689235364217,0.04063340397172535
0.34572088844376764,1.6710503386331637,0.30605941968772477,-1.3282864312259017
-1.399875445738806,0.7747476261432167,-0.3041071175766708,1.3589887417525937
-0.04851891661173235,-0.7690984749881264,-0.9306638853494779,-1.4724735465165946
0.7428781356742022,0.6986991699144895,-0.4791869114177188,1.1833479607369435
1.4195284064774607,0.8176628074024243,0.728683416125007,0.6431716580876602
0.1354070282820708,1.6710503386331637,1.826953163841832,-0.9950143046399704
0.32050872074693826,-0.43565407136548456,-0.5720653181264823,1.6171125629966114
0.315666125931796,1.0395352229420376,0.2037169460108115,1.0082211825086478
0.6260285898170699,-1.3490626022644632,-0.8947615795093152,0.6290645952518328
0.0997580527714662,0.4992315482927352,2.1043814172346895,-1.291878096991035
-2.163331883355039,0.7826626737980396,-0.6076235532403251,0.7664859192828845
-0.7389060068419774,-0.8450362963949339,-0.32923244883250846,0.361260689892314
1.947195908865146,1.1114426173673182,-0.33654279515747443,-1.263800469878944
0.12244582093286474,0.6006399055227538,-0.06407366367957291,-1.380208393181219
0.7194403827079782,-0.6766955365693555,-0.8660511306454964,0.9366216808904934
-0.21750049443865288,-1.2120857248392976,-0.12037214390981893,-0.5306045502240858
0.6254718244612004,-1.2898721147068752,-0.6357097363279358,-0.22617132497044168
1.1421879479967623,1.0161321934224843,-0.3742620926842011,-0.1977671797587318
-0.6105543278502998,-0.2061095579342549,-0.6335852429226393,0.5267102005091524
1.135936718733014,0.7620009225578368,0.10881821622209306,0.3517138691649805
-1.4910817774626082,-1.560690611888821,-0.21903830124354132,1.6985606462891079
3.2848028243923,-1.5113008886091508,4.401406762976481,-0.8302067726321442
-0.35009132126870873,0.7232723821738992,-0.2760947031253996,0.18106746543578897
-0.05378881504821047,0.5812864951315501,-0.20431864307077982,-1.1579046059929203
-0.8738817807106023,1.6710503386331637,-0.7464855835888207,-0.1015011190808898
-0.5507746401353756,-1.407888600555123,-0.8258101707276304,1.2016313879518228
1.6749320917411126,-0.5063146614287058,-0.5683196624089634,-1.5204835630739497
1.2889900996432042,-0.8118618059072714,-0.22896982545688918,-0.5708391918746875
-1.480989089142258,-1.2728123518779264,-0.49784797528487046,0.4680030868436446
-0.753228732915414,-0.5738020801640551,-0.9563574244392202,-0.7018888486950361
0.27243528473834533,1.0173928958770766,2.0919748776502964,1.1062635132954393
-0.6040106764398703,0.6846034041251418,-0.8546223557573075,-1.0369085418351653
0.1352870931104523,-0.7387098216188316,-0.496119552180853,0.022886313933305997
0.6659705067377388,-1.0511025028776804,-0.5849729956874462,0.8218978384170874
-0.6955546726364789,0.8521048123570787,-0.6870884561177788,1.0022920365733232
0.6402050878059706,-0.4792968659190414,-0.2260927032467812,-0.07317114706534791
0.3181500562598324,-0.694911629414546,-0.49804123246528154,0.19107952085089136
0.9143151314350609,-0.9669178743377296,-0.36704782318226165,-0.6085080786580896
1.1219122180926988,0.5736329404904024,1.3311311657146676,-1.3782634699535998
0.4710684300716812,-0.851162296631975,-0.40526296002413065,-1.6363372869575847
-0.946686541458524,-1.961845229464314,-0.7169942846662736,-1.417159439922109
-0.20020713031401857,-0.8478074229202416,-0.2934330773004127,1.093496127040465
3.313612530874076,-0.3775304898641319,-0.8772445317818763,-1.1468874750547107
0.7998138001826914,-1.2986274078596003,-0.9531585348192011,-0.2819915527974713
0.357153564678983,0.49601791806982537,-0.8338407796856026,-0.2754239715053465
1.1406984261238775,-0.5319496584380685,0.006737978682376194,-1.4749202065919418
-1.401661332992208,0.8323463851809084,-0.33835607311026705,-0.7706606044773912
-0.6671524563386599,-0.5096152725634618,0.39299017105710754,-1.1280501586105374
0.28734766146413404,-0.8982762763480617,1.4905735035888832,1.1091535298278492
-0.6216579923118607,-0.5531762880766518,-0.9256020517178236,0.23520008333304476
0.4938693033064244,-1.2132479870161685,0.042210227956412924,-1.416521198790467
0.48113272151427006,1.2237613298558918,0.06850634238373428,0.7614729648002493
-0.06850405011601322,-1.0388041488276725,-0.8920705784639317,-1.408605750533139
1.3405663882059922,-1.9727131645738814,-0.1257223864091867,0.9027310291314565
1.0735270821227825,1.6710503386331637,-0.6995175784040725,1.493652271310647
-0.5872572705464943,1.6710503386331637,0.0010464544246335898,-1.427022588035951
0.8300425895710838,0.5748006250732403,-0.526539378083899,-1.4323013666428204
-1.2304784405533786,1.2089863718359286,1.0296541723448591,0.5441759929208766
-1.7890672361677706,0.824470008024946,-0.8040624767047195,-0.3743553872091783
0.6379270602917833,-0.3669352699746889,0.16756511767287877,0.11534176246569
1.7303428631830562,-0.5187918501278799,-0.4184835402444564,0.028755329900718513
-0.6208334522411582,-0.7043142613819473,-0.49316954028440674,1.5011798581160176
-0.7039514186749178,-0.8275553518131397,0.5479922529212587,-0.3110200094706502
-0.7335172611952959,0.6216169338189873,0.3595668477914705,0.5612216671165667
0.9135732931939913,0.7424638251561908,-0.0520271259697804,-1.661069736298573
0.48451830238533844,-0.5902669483330043,-0.15999300927387225,0.3767604797173384
-1.38066187761777,0.815857434365981,-0.545918568344114,0.904148448926331
-0.5636211492289865,-0.8263562035156338,0.12656778715142977,-0.014731018094273216
1.461394838260085,-1.6790717975558096,-0.8534215122630003,-0.8285218713103738
-0.07699413816610357,1.2140673305204457,-0.6490224222572549,0.9969871379398658
-0.3936095280342297,0.9145797613644847,-0.7400494165706334,-1.6746318781664864
-0.988884151774007,0.9548233100918023,-0.87417784931753,-0.19032957780129064
0.32658882554325896,-1.0949067484299897,0.6713929105163624,0.24699469259854206
0.36107754342089227,-1.0863171608865305,2.1496938827227168,1.0170937464953032
0.24437207909882247,-1.4078521146840526,0.39804188048167405,1.1250918387110596
0.358097921632943,0.9821509423895199,-0.7440360684376023,0.15081289744272208
0.6325433994470211,0.22783841679290276,3.51697721654959,0.11459187899186246
0.22903926728385,0.9283508028268919,-0.9260901797162832,0.6347841903510107
-1.265655889735547,0.9374157874223562,-0.6295570334123729,1.01210136428685
0.35900536879838163,-1.4088275059901678,0.5416216036746764,-0.2642594402855907
1.511180539555296,0.4593383337895567,-0.892340153759697,-0.08024668551663483
-0.4136039088010922,1.1055121948287447,-0.05519899052657868,0.7177690543887554
1.4859203566267436,0.6947394387933419,-0.317266879173476,-1.2951467204205604
0.26313014626131126,-0.8395522085845001,-0.8001511851137414,-0.06290516477683882
0.4270858593982486,-1.5442960182257253,-0.6133731377917945,-0.8294459356178656
0.3737335788714101,0.7288215202982069,-0.255708775833385,1.1305796100500225
-1.1323407162728607,0.4715616253187612,-0.21785524731688663,-0.4503810948802202
0.35511721868075674,-1.1851266822042614,-0.21171540039318942,1.508975171330962
0.5938850503106246,0.8053276923222379,-0.8425649293316182,0.43483963513126805
-0.9253717870528345,0.6205718427474256,-0.8177609395793592,-0.9608401492957802
0.42179478412629484,0.71851772885616,-0.008260375453872629,0.49272088380167395
-1.31161296552033,-0.6289982972525598,0.48499001566651473,0.43797504565002376
1.5901865817973735,-0.6686244239771106,-0.12675172742614627,0.9929432274778628
-0.22452823572022795,-0.8174972451313036,-0.820290607571156,1.0411044525567206
-0.7153455378287239,-0.9534003637975205,-0.020436787707945648,-0.21686207032556795
-1.9211399893509313,0.9288084134176394,-0.9098724616368249,0.7851150744596689
-0.5608842515382451,0.5513704844158499,0.22160869986774062,-1.1276202067427918
0.47346220462979755,0.7351519016408751,-0.8307758662029666,-1.2523833253674335
0.029915491541845276,0.5721930408186717,-0.17705855455965375,-0.8957838807276957
-1.4404517525427818,0.8432772123229337,-0.728066819363483,-0.7645096828475836
-1.2571486659652908,-1.3620520914685814,2.99324420286887,-0.10911456070778142
-0.4597230384815812,-0.7188806611116789,-0.6550415575495779,-0.5322149441409935
0.7275335923933856,-2.0623937141877464,-0.2913366307902148,-1.589428691311011
0.0314720136902539,-1.0180135893442375,0.5084909588575859,-1.234247909551075
-0.139831263020216,0.30985899711848564,-0.41875199755113285,0.2870397979305825
-0.9022110912274879,0.7617624262145093,0.6074405432258231,0.05554351732919501
0.729278697406896,-0.6611258205307646,-0.06439182362439566,0.09759669729788509
-0.005350791927795139,1.3332235737576699,-0.3832336870908119,0.7022684559057629
0.22686791491076802,0.5955092370479119,-0.5895999388588853,0.5017582401485701
-0.04804389604574848,0.7927410048274883,-0.981333674296126,0.870128428427923
0.09587934797326245,0.9964890021661468,0.7324988658251345,0.3022871242976848
2.5874185759663013,0.850512784235704,0.213016005514155,-0.35620331943528355
-1.5507676293096524,1.2600499470532167,1.2782229824962572,-0.2786939358872468
-0.1269788685594019,-0.9536895397777092,-0.09840652725598048,-0.11086293630905779
0.6064893631459984,-1.3208583940325531,-0.4608190980563168,-0.15573394914020636
2.5655253776813933,0.7381231711361105,-0.8150700471872087,-0.06048679591104362
0.9095569840719836,-0.8515116728346747,-0.059005476320169926,0.988258634397828
-1.0173397983769308,-1.2099421419110319,1.4875767698302451,1.5221458790735436
-1.20644246965473,-0.7771220567528327,-0.6423277310653559,-1.5985256277046258
-0.3796320226195568,-1.7934901233473222,-0.3637386275240731,-1.1332998976698425
-0.37734808435022366,-0.6264743615064935,0.7579072024122314,-1.5199175534508107
0.5082263417362427,0.6977250066437143,-0.8730533790550542,-1.2938580445790242
0.511373985126416,-1.345990758162418,-0.549102263022724,1.4661539713306313
-1.5148032968887002,0.9295989985909614,0.8286752840371928,0.7209060747405198
-0.5035023634310958,0.8139666974157815,-0.50005848861307,-1.4942450330122805
0.7983996052763925,1.051560251667508,1.1574325477644682,-0.15314211465192107
-1.6126179357147123,0.524699790184531,1.1763691042753237,-0.3850703610781417
-0.14865152175005072,0.6730604980396514,-0.9714494708533572,-0.21406138802974115
1.454632112700239,0.7825216403981932,-0.8647491791809758,1.4498527010304643
-1.4692777408525948,-0.4987929332185908,-0.9266392996450136,1.587419280360421
-0.25019126075330256,0.8127340152560844,-0.7056555722331739,0.8156214961497749
3.8925409283220684,-1.569755920058949,-0.7318887893922017,-1.4365362840048703
-0.5108453129455439,-0.6996022511916364,-0.6127058436205769,1.665891398203403
-0.7352413615795976,-0.20457734457284849,0.11184017746010622,-0.515057331137178
1.5537368848219861,-2.278899302128308,1.228764122130636,-0.605825189877927
-0.2557522200800515,-0.9286314682297678,-0.0758266140360825,-1.5596241739266172
-0.3224010170999793,-0.09718132206663815,2.0347127656270856,1.5778028229306305
-0.31371198470181483,-0.732094846973531,0.8857305138239099,1.5491515666986655
-1.0522836390255172,0.8657180629424049,0.6297969528177619,0.9658197051398485
-0.7869922894337636,-0.6210916875544512,1.3867594729289205,1.7249538282956203
-0.29975077105698333,0.6552269522121011,-0.3051667281353597,1.572355548070277
0.39002967930230376,0.9800264032669788,1.2931177073093547,1.3455055286606625
0.611650763886232,0.7001382675705962,0.3260906561318014,0.40419236532541586
0.1504770403826136,-0.6952422068098691,-0.784858199648528,1.6307030058524512
-1.7545663658532002,-1.2446145867038287,1.1789181000559894,-0.818566450762424
-0.2666634623855561,0.8409549705133752,0.14965985485287794,1.4227389648886948
0.035073518688081354,0.6689697550995078,-0.8422614829137876,0.9886086362103843
0.2129097868130296,-1.1918199758264334,-0.7269455610799143,1.3806274690997913
0.3170149054869876,-0.9638608541791592,-0.386265338013904,-0.7866836368192668
-0.9594206939835507,0.6467886641664212,-0.6241839220219464,0.02978766218714336
-0.0583739633986436,1.038721898969302,-0.8754679737932122,-1.6008447960564784
-0.6659159311653201,0.847791303910272,-0.7384034248019328,-0.6599470292322732
0.057060239893615375,-1.0515782371363258,0.06013122940708018,-0.6189340414724891
-1.000792180209357,-1.7195878018064827,-0.23587196095870372,-0.5206667953147737
-0.13269371451806047,0.8610609920286234,-0.6877092640051516,-0.1765698567307236
0.20338330528793525,-1.792619788231324,-0.4730941419271394,-0.2288383619543741
0.494718269306002,0.44394816918269886,0.2508887980469673,0.28505552800556055
-0.7299791745096711,0.9458932612624706,-0.2129113489246864,-1.5372953327644034
-0.6315561129815025,-1.5220874607967159,-0.4529061770672028,-0.2781927217416259
-0.8366592552932824,-0.9607554981850946,-0.9234288248854168,-1.405404524569636
-1.178051433638635,-0.5330760529386377,1.0234058304180709,1.257521226889067
0.29473105075033873,-0.7042856234241457,-0.1135808741351952,-0.9586617952920415
-0.341291194083656,1.226203414744002,1.4958240115075667,0.7988521507481565
-1.759494566463016,0.5748947508469447,-0.649454178448174,-0.9287614662911193
-0.20224986544982215,0.547929320474173,-0.5248064573675068,-1.2726421166087487
0.19086593803557592,0.45863752855442713,-0.5836894560754059,-0.6643199370412605
1.745949204034321,1.0985117049802453,-0.14603251128835873,0.6878758936796058
0.7409268650369738,-0.9081014006123592,-0.6209145282435314,1.0269638889064745
1.492435535092498,-0.753744947791507,-0.7104460984995664,-0.8405444528419834
-0.7096290833733901,0.5841903674778307,-0.6066400125947552,0.20081987471979484
-0.5869270882184394,0.8703837923892129,-0.31624019260931835,-1.445113735261443
0.5040426465554915,-1.1844759847353796,0.9683494727136971,0.8957271528346892
0.7187276924911014,0.7409323878547639,-0.4136645127907492,1.5034551738189688
-0.5221378862076819,-0.37267472910550586,1.602360722563403,-0.20951880130434083
0.6379666998553908,0.40509392896792684,-0.9397209260974009,-1.2119770983404339
-0.49284562495107226,-0.6517681731488268,0.07058782713002917,1.3298048391281303
-0.09200165280437315,0.7568436725069845,0.5740962785671967,0.4464123080694803
0.494905716972883,0.9430246780987808,0.18720604639786614,0.24772180601844787
-0.11624544268261437,0.9666088842533263,-0.8809429574553105,-0.16912169175514039
2.0800475676517984,0.5916490507651434,-0.7605755227791066,0.24297487429156653
1.1339920733001692,0.6882653449116503,1.0822592963247095,-0.4761619007146798
0.20681354612291203,0.741432501055609,-0.5556439565822946,-1.5073222106106146
-0.7951387312181395,0.8514927345844726,0.150873221791842,-0.20603715520985924
1.419994982212814,-0.6196025661757649,-0.3412363268712521,0.028206006315768296
-2.5552553174371453,-1.727536268270386,4.882316300870163,-1.2815518857091055
0.12643767078175783,-1.5978560987697565,5.484527756370128,-1.5530500126157443
0.2350337568452929,0.7116716436765416,-0.6293588919182581,-0.7188650907168822
-0.2771530918087343,-0.46992529514650655,-0.1924273367624503,-1.539199142147873
-0.5151829211975684,0.909408050470032,1.74150059434683,-1.2003945977246548
-0.7969470999328353,0.6743180221299688,1.7522161199789867,-0.040762257105698606
-0.3414280803565925,0.7369357742001321,-0.1340369845893238,-1.4712674663387257
-0.7511279296520393,-1.1864731942700735,1.7600556257899802,1.6787324111015303
0.5294626029441226,0.9375219591280718,1.0296271232187357,0.12764711105666482
-0.628936975560527,0.5195914484576896,-0.8800981326185939,-1.2803274728217628
-0.11252550249810055,1.1054814572351546,3.036973283115819,-0.2399429592500501
-0.5549558707467774,-0.7361404691946226,2.235113475182058,1.371852239980053
0.3028072504948257,-1.5508972179520215,-0.14958129702516337,1.4459443477934018
-0.134022365096138,0.7199130677059503,-0.958027179109564,1.4670592781225116
-0.5994438544421847,-0.35303234621590207,-0.36290168536426815,-0.9193386832841199
-0.8327097117455643,0.7956155935908874,-0.30400491864301543,1.7212566936319857
-0.46988898127959433,-0.9084291827979317,-0.674497753020248,-1.1906474546727002
-0.8477798148806109,0.8214316171188001,2.0453262984766662,-1.1977193220111406
0.29009245801606937,0.985484462607728,1.4552845125031462,1.4373001840299688
-0.22966699168427704,0.7047968436053403,-0.7943861100264296,-1.1125612642536071
0.4728192611158682,-0.7561708435623586,0.7038606443031132,-0.8222797722010571
-0.12343447348475414,-0.5991936503032628,-0.9130788702788264,0.3805159169937653
0.11354654134366172,0.6952529041300803,1.1018828651575376,-0.34904572070093515
0.9609343702967785,0.7469609350319865,2.678171224165347,-0.7310308309698703
-0.15950239724940743,-0.36267027712471056,-0.7361750554651479,-0.15074367277947667
0.07841879901139888,1.1196311224278637,0.6821556804196051,-0.35779321091733934
-0.48950560145481326,0.35874546190097384,-0.2984564808877796,-0.9286839309257284
0.09152236531570954,-0.33431113005839597,0.8573863606435018,-0.05099117274787777
-0.39588328555176094,0.6426234442726829,-0.9613589665748475,0.8221096314722667
-0.25679704222545036,-0.6626822177708696,1.490402928261324,1.5843138530736975
1.3234423100323287,1.6710503386331637,-0.8243102359664367,0.5756960195004933
0.16038760419477496,0.8244662445363227,-0.6566647262341586,1.5768696583783348
-0.11453959476465918,0.7044774819836808,-0.8818434903350842,-1.317991973187742
1.6997881686002867,-1.1167905653174437,0.25458508069740216,0.7888232519733396
0.656767304024922,-0.38077344195215135,0.8526813740306329,0.676556805232883
0.6014264436819495,0.7694338894026561,-0.5194191962087595,1.1041374777256212
-1.483461480325916,0.9604897771864824,1.2033030501793163,-0.4865100076969762
-0.3958291706627848,1.0587256287134088,-0.7289573434248086,-0.6925423224143844
0.41595398821371987,0.980367278624501,-0.40908155793077633,0.9493337945875299
0.6269239302285772,1.0106379715509697,-0.27972627715376164,1.316360481108687
-1.3806403403400493,-1.3363435586526393,-0.1486612953456119,0.4262982800468925
-0.4883083353475746,0.5965845884859595,0.7306360179499883,-0.3478183459381706
2.423030233584226,0.6529538159668686,-0.8084380768663231,0.9045376120892058
0.9135538742101695,1.1357592766384157,-0.9148180460032224,-0.09931642089468383
-0.24044838357829387,0.7121853333828029,0.6767513631745485,-1.1548356948682865
1.506604893683303,-1.4547535460869356,-0.7464150408645137,1.416193922212537
-0.22002423032862864,0.5847380294753677,-0.9707353850582038,0.6773624858994574
-0.3545326716621717,0.9151174162908896,-0.6255792324032012,1.5534647923337739
-0.4866768923414984,-0.8747487838561208,0.07815053666275108,-0.4468423239322363
-0.5908645114003697,-1.468028872147015,-0.8102880409316364,0.7424768057772383
-0.10981195181363368,-0.2857034680291019,0.7661647332347811,-1.3674736748507788
1.0424934255608744,-1.2543499778520715,-0.15543456250268617,-1.467748721602035
-0.32204726338557976,-1.3013371633849,0.06965011685352676,0.23441806369484666
-0.6943866706361262,0.7371813896406195,-0.5809679608811238,-0.21827788350728505
-0.5788337838511336,0.791320455786722,-0.6885782248216028,-0.10104489620453895
1.6021466893235037,-0.6856561045176048,-0.7793017548533588,0.37439541560294765
1.1524876621065818,0.6321834559026295,-0.45503285969790247,0.010670763944712076
-0.5913525540977709,0.8062199482323896,-0.11318254333980168,-1.2085098539004695
-0.27117454696322557,0.9633430088599081,5.503254309395556,0.2691767668438951
-0.31099862152980917,1.3542256355663957,-0.47401750744053023,0.5670491715717889
1.0670028281627706,-0.7656025104298368,-0.7450143797667799,-0.10822043131452437
0.5393134572391408,0.8219245301801817,0.7084979383108738,-0.18539915204638277
0.6927142037777224,0.3986498699658692,-0.3622759282957246,-1.2550809103301444
-0.5965856656110483,-1.3474743679264296,-0.04204953402250642,1.568135318993655
0.38771043025436097,0.9734315238622883,-0.44677049786809225,-0.33410140268863797
0.35881635556303604,-1.5636290892999152,0.22557663474817377,-0.604306459926267
0.1827664935770657,0.6259905819275586,0.1538403605738486,-1.452999056583168
-1.10827626595995,0.8455914454185673,-0.14936517067493746,-1.6304896814978198
-0.9430462772794532,-1.5570283701144314,-0.8068660635797681,1.1960814414624306
1.033169351405376,-0.8805098250660347,-0.7564735589638182,-1.2859185874975723
1.0282478148688374,-0.7483254137196741,0.15675254464485758,1.109881896743927
0.20727086938238887,1.6710503386331637,-0.5485439571630699,1.4856781298276516
0.33569855981963825,1.160902100802494,-0.3134275307180288,1.0365742351474387
0.9803362167494127,0.4235753126428208,-0.8093282077324996,0.880057397891188
-0.5516070571782865,-1.1293852366251755,0.7260846830243892,0.23206460338395807
-0.7704520450383321,0.33482194866379245,-0.17366016281213842,-0.7689913070900164
-1.1202934126761181,-1.065110569572216,-0.9207400076988987,0.5382488418552116
-0.8056803548820936,0.478144492788098,0.5640027239584869,1.6996745332143848
0.12931272424189597,-1.3952941650680561,-0.37394931069516296,1.6497045416111464
1.6521891686788148,1.0384327681811774,-0.14542899282302732,-1.653511820865541
-1.0466191212508673,-0.5980827961355462,0.6285139425782899,-0.9058197544434416
-1.457768395015015,-0.8968409944187093,0.49394569637591157,1.024445664005043
-0.9844928793432015,-0.2941466893039103,-0.608384364989838,-1.7104841737857366
0.9815635471458527,0.5770081693207374,-0.7544722253371048,-0.25725556877944633
-0.13689626782227832,-2.2128063648869465,-0.7627437904953014,0.7744099271270891
0.25391569525684143,0.5504550266988687,-0.7640525140819515,0.051540167518700344
-0.13983011891032712,0.8821664374340606,2.4617041539065165,-0.10406564491944213
0.5721184149393749,0.14359054261510237,-0.9096434768550165,0.7147452257254793
-1.3768504259224454,-0.7045313098720638,1.9278095471942518,-0.13244833987031898
2.1731914092800757,0.8446449766450497,-0.8046244948949467,-0.8176519707553497
-0.3207345762462356,-0.2975955557562273,-0.9460925198685495,-1.17266006190468
-0.4375262067365618,0.7920100288074714,1.535384093528759,0.6447147826909407
-0.6025231244588617,1.0817006044144437,2.452705616543387,-0.9038599296446352
0.12136461616030525,-0.721716623350633,-0.5498794502917059,1.6911950034214667
0.18587090507974485,1.0296959032050976,0.3028175182140824,1.3479082364074833
-1.0978738903989482,-0.8634118203896913,-0.2645047952970425,-1.5857194035333024
0.0567575595028187,-0.954008186584187,-0.6491198569233951,0.8861790853000655
-0.8589079241613183,0.9604435691574864,1.1855582254807095,0.5839996914094828
-0.5817586611348866,0.6044147042650524,-0.8707594329529598,0.13757639452120438
0.23636211018247696,-1.0167467481955843,-0.8451115167336126,0.49683325159169006
1.0663311141717797,0.4464218962041667,-0.9787574498594729,1.6978816119125064
-0.4208739039907733,-0.9681575955063787,0.4210921042617437,-0.6273341530034725
-0.1988117601549951,-1.0942660646113351,0.5258166909901395,-1.3277639582463758
-0.32696137276516607,1.0579422070720785,-0.9671701637406906,0.21225217081172712
1.0586784385929753,0.8529241811297609,-0.13633875291962394,-1.3117465600139386
0.4939841273478251,0.12307278740176088,-0.9679122996507358,1.48885697796837
-1.1846785492415162,-0.5999056210144685,-0.5718388515269442,-1.3516767242236676
0.34987771428837744,0.624340921823119,-0.37734389866406975,-1.6510078427649928
0.45602002016311277,0.7852584048758099,-0.5918004844864939,-1.7325908272408714
1.2677831887618418,0.9478328056648915,-0.7692212050484546,-0.5348538290727034
0.4114256125901065,-1.368945774070635,0.01855251234829448,1.3562534030986364
-1.5810040975640645,0.8455925221106302,1.5380263818689588,0.898602388166577
-0.0645022342674063,0.7904435233113793,-0.9568608507834887,0.9454172579943696
-1.2014378472540987,0.8440521716257721,0.3265205143897049,-1.319189879386389
-1.303847182802228,-1.8271058777865465,-0.5054757405890984,0.002218628475994935
0.6089728192291975,-1.0652256066434924,0.4814514194900998,0.7816094651671327
1.6356738601051635,-1.4045264490542881,-0.9094054630213939,0.9219086641382549
0.6035273789036641,0.6514905957111875,-0.6856558721698351,0.6270699043589625
-0.6142555089629179,0.7542792149755513,-0.01462305085043408,1.2912088933889303
-0.6517824839163686,-1.7576798033620886,0.17783839203466056,-0.38565022312519426
-0.9119140731545373,-1.1939624930320671,-0.3404201046595945,-1.3308154826045624
-0.22552649585943418,1.6710503386331637,-0.6723511430360641,-1.6640552321816178
0.8551248896281877,0.7575542593351843,-0.6948033024379835,-1.1864416432690976
-1.049981131336741,-1.0845494916212448,-0.8015544570005123,1.4326954111197405
0.6323848300712983,0.9436248211036238,-0.13495869574516461,-0.37673159317077665
3.797354186060953,0.685594970416176,0.7330808897278667,0.8282420053432238
0.48490446519889696,0.6820125665403479,0.032177112473911564,-0.41148632523071
0.9176164297379154,1.0124081900473472,-0.08145603745714597,0.48316186862008775
0.8154174099791517,-1.2734767605092179,-0.03345400952818439,0.31757457940267897
-0.5175104818158296,-0.8343912527575214,0.7755298173294907,1.615656214621461
-0.9487884982854131,1.1454746938521905,5.462301026180172,-1.5341300459230687
1.2168878277523323,-0.7223681977606989,-0.6529184745508999,-1.3926460175783175
0.5411128590633288,0.5687180880281343,-0.9124600316499543,-0.6579361203999917
0.3537039322667737,0.9610235117246775,-0.2787411725986358,-1.7323247116570084
-0.25787545612380985,1.0385745566698068,4.034687833116524,-1.407738879237301
1.2671787466279276,0.7950285371590307,-0.011686447949877186,-0.8496243431871958
0.30420820500183304,-1.383376803994567,5.129170667268375,-1.1043941329361555
0.2752126181780413,0.6280947969357326,-0.5850851769703712,-0.33191812422028266
0.7778216258154825,0.6109166563585234,-0.3637650734960589,-0.907173184492485
1.3988322858982918,0.639134363364693,-0.1898999143639479,1.5011127615452877
-0.011607175980143046,0.9011456840412696,-0.7197091178365927,0.34689277832575643
0.23955223567751502,0.743835103608923,0.19020002623494067,0.8176347062583855
0.25250242930087596,0.9670905968563855,0.5777659307284237,1.5600884362059064
-0.7487284281462079,-0.6869818656131459,-0.8485401966616903,1.6985293559863361
-1.0219373493959731,0.6424420297928475,-0.9864391761772355,1.2441140120645384
1.6710118685946083,-2.434259716004902,0.5382019553044782,-1.442602125127991
1.2906058764673665,-1.1183681013043534,1.4000106939092378,1.4500172911469504
-0.024429843025300102,0.8236270582935911,-0.7681042795091217,-0.766889308220902
1.0147535682403797,-0.317745983289205,-0.2135027282127562,-1.7009724298865385
0.3362544649553531,-0.8493521851626611,-0.8616496393659012,1.318416386103887
-0.4275299845707114,0.9353984303311901,-0.9039509230754637,-1.47290727702936
1.3496103319792596,-1.1944346443281826,-0.4828600071553557,-0.4702583083164605
-1.3122506249403219,-0.5896141244402533,1.2760071991164443,0.3684439867577682
-0.474584367449216,1.0241828096632895,0.8700901895243929,0.5930658994413779
-0.3741267430272182,1.0916882261639311,1.5998323884203998,1.3327792650617796
0.13810110173844256,1.6710503386331637,-0.2566051884197711,-1.131220322237797
0.001401727628532037,-1.2642921543593546,1.4759238017106913,-0.6410711831746465
-1.1150812756337258,1.122347025932819,-0.35730075593724925,-0.2343392808489835
-0.2098850438388052,0.4686100887222478,-0.7768016186051463,-0.2936101876140566
-0.5934377264067332,0.7421878127165776,-0.8897824854234664,-1.1068267849295965
-1.457879627149562,0.7981771228463386,-0.7247334836898394,0.5932853967110148
-0.8278082229219559,0.7681560954032703,-0.9676697517170342,-0.34027841246915963
-1.0798092817386453,-1.505665964031175,-0.7418057227143646,1.5089538628432086
0.15242452000123413,0.7358524525172487,-0.16269466511157815,-0.08580115537000059
0.21543467348919249,-0.45055322322998603,-0.13775665634326023,-0.4793737375360744
1.0233948019897254,0.8219104074764563,1.1757686670226986,0.932688809671181
0.491926741999406,-0.895756984800251,0.3431841109086844,-1.234105884655142
0.24686879289149244,0.8586835167368163,0.08689594666322592,0.9846402631698917
-0.3035555343900096,-1.1313500639672165,-0.9600459476919807,-0.6841422751982159
-0.019854770626829363,-1.5746917398445224,-0.9043885321928877,1.513367695097508
-0.9487519787724461,0.8907759162213289,2.0813959608180754,-1.7276550575043041
-0.8287002067778573,-1.1221722337479096,-0.8712468340143401,0.06366391243364963
0.4093761913608277,1.2023686536357245,0.3970940606976802,-1.2072862800087432
1.1937717372260166,-0.937459058160014,-0.010523443183799093,-0.7159590320762282
1.0333450139733857,-0.490349315270175,-0.9182317075025495,-0.07125473164177339
0.2690829665151839,0.9842007569762777,-0.17257278343521643,0.39456211116379075
-0.30839266862000847,0.6888474792965832,-0.916308306174699,0.09868155483777787
0.4428792970769179,-1.2880057658877984,0.15091937988438708,-1.1154922060239554
0.9796508762750684,-1.0867394863926834,1.3383970185559564,0.2668852476110135
0.949561087867096,0.4525588607664818,1.5925105765443306,1.5531773662569175
-1.2442089058513603,0.6185394247458438,1.1153465797677036,-1.5733367590992549
-0.668338683558901,0.8040653287685384,-0.9806824780210457,1.5365893174199685
0.5258960695175166,1.1034655403624127,-0.8728576198052176,-0.5081673324266003
-0.43612444995836697,1.020940586345405,0.06169643120719712,-1.0741800625915392
-1.654421873072419,0.8043465924949581,-0.7460231387595311,-1.226909108351008
0.956018486555653,1.1178983464980223,-0.9415121618990806,0.9012927116939762
-1.1404387047982534,-0.2572132414894052,-0.36299651532527843,1.4022439844509351
-1.752457161483811,0.978976836586991,1.89661915764238,0.019040863157881862
-0.7001208934296779,1.241717227071481,-0.9648973489758814,-0.5557897926612667
0.22017103525625714,-1.0839295122970736,0.0513199166213175,1.0448620867979788
0.2992128960342351,0.7591065528502765,-0.1301284817107035,-0.8473518909978494
1.880535280924538,-1.6646124932276498,-0.02009622778749334,-1.0083893915575466
-0.011201270222834769,0.8760383979796037,1.1843984078583867,1.5389860954913672
0.8995076218144604,0.5411042256191859,0.8901483267966686,-0.6866216334569681
-1.4155602973889705,1.6710503386331637,-0.48569289570299584,-0.22324604645559357
1.2683803367135567,-0.7562341074789388,-0.7902770193850488,0.2560871706240991
0.4939092555875267,-1.1501704525811787,-0.5319309709906817,0.46750752815434476
-1.2548140623740744,-1.317084924053376,0.0624415455636844,-0.3229752651156806
-0.12133946519847469,-1.4645518243071156,-0.6845823845770216,-0.8211490230696664
0.16615577855088967,-0.47645015924772116,-0.032580338236318306,-1.134076049387982
-1.0448992433176487,-0.8352718929266867,1.5049685545107963,-1.6328665980966162
-1.2677052229375725,0.9608361455869301,1.3023816857130492,-0.41045398206774364
-0.5328546604538875,-0.7468878467562692,-0.9551048649136594,-1.3422333640295323
-0.033008827463299736,-1.4720322348957304,2.6131192426325542,-1.4215033368315482
-0.12252322049993837,1.1277736121740645,-0.45989510417962,0.3298951735593094
0.6482348497295388,0.7746583488258614,-0.9538354967994219,0.06919752587614372
0.9267334973112764,-0.6825630363001818,-0.5227864919252816,-1.1394224145203489
0.11069677465231108,0.5265776450201607,-0.14182278793079253,-1.4591239928589999
-0.33936273640353987,0.7852012647272227,-0.6096521191815731,-0.5641428820119401
-1.230674802988742,0.48399366937399624,-0.804064416325883,-1.0315211023202897
-0.8215694547523813,-1.4696950703192526,-0.916391062873174,-0.6146168417644495
4.911533279708028,0.6459500402031465,1.054642214351486,-0.9696107664938661
-1.6306920465807393,0.7440464333134956,0.04617927683615337,-0.41223585719726297
-0.12224372308167154,1.1378236239344695,-0.17026363983181034,0.18423538859818175
-1.8096695421293776,-0.5691559486112745,-0.4011499958276784,-1.335003199992941
-2.091508931333181,-0.9306901659767862,0.47223097585074675,0.35939309415541726
0.8643594225827935,1.0192179855417962,-0.8735608876992099,0.7221576447412346
-0.8791618418226433,1.6710503386331637,-0.413317969515874,0.25421682462988754
-0.6742596393019332,-0.7637108426593157,-0.5566737365982606,-1.703288167220853
0.25275057506730847,-0.8909758212469229,0.5611207566155788,1.5333973823670188
1.173105187899633,1.1063463804140854,-0.7288554934697575,0.1984176023702054
-0.31787315816827405,-1.106952495431565,-0.4758292774667429,-1.0616462008280887
1.2205888572666486,-1.0091582321469659,-0.5424195539750408,-0.1684165867584997
1.0632208144302524,-0.8165224567400523,-0.20214179709999863,-0.8535265186065074
0.6547010223032009,0.708445589960342,0.49150860683274056,0.912255880323763
-0.015380559415689493,0.9760121332238018,-0.49258250520054175,0.39694436045721604
0.2573000652874439,0.6030497218557883,1.7130651909724957,-1.6669296947558394
-0.8900959308663678,1.2669310211216507,-0.005681581831118338,0.6460710316228384
-0.05896668042689807,0.8846618652133444,-0.2535733527740578,-1.4356156615077942
-0.8780465544913338,0.5637912644737497,0.4554992717265048,-1.0573958763718094
1.9067660204636234,0.5305665432857427,-0.8828262642113018,0.3505222298131105
-2.3658971782317133,-0.5673233229245497,-0.9818645942211278,0.2529660152508889
0.5278485765802546,0.7129025799595985,-0.5784854230330567,0.9861762505701469
-0.16950657490197643,-1.420267163109868,-0.5815712375949256,1.127527802537728
-0.5153196005987325,-1.5752987730877321,-0.6334139768740374,-0.8861217941634084
0.7859151742256097,-1.457972199137961,-0.5567840103020519,-1.4866012930393984
0.48467197623309327,-1.6344151332607442,0.41865322905190977,-0.9411705263651612
-1.4018423681779757,-0.6878707960275059,0.054014972330461736,0.17570957110087188
-0.29474454225364777,0.752620686339277,-0.515364854997709,0.29084040097423447
-0.9826975229907864,0.7649095642962821,-0.1116046518546125,-0.9096608628827095
2.2588864375478446,0.7336510620162975,-0.5376412766311295,-1.3469899257000908
-1.0959749505427259,-0.8534280069626385,-0.9125869079960738,-1.4456048855730004
-0.11375798327782488,-0.8214096909814056,0.09849462227373648,-1.0227372083733346
-0.1863264978324264,1.6710503386331637,-0.6423386292204794,-1.380079695881395
-0.11456263221842419,1.2728499199678087,-0.6234468883027116,0.5842250287073012
-0.9585414718364168,-0.3990332041613331,-0.9247599877505787,1.4410062877215566
-0.09507740532315494,0.1272237713890613,-0.6470193426989428,-1.0415023838410535
-1.1814356572136162,-0.795039903460991,-0.8357033810738184,-0.032676097375138866
-0.3166160164342734,-1.002387751730636,-0.3553789558292052,0.18871429547801016
0.9902249075773731,-1.2656493384453429,0.2224405967937553,1.7076067237104462
-0.48819879241844727,0.6984257713940647,1.2746904906549195,1.494830629156222
0.17189677262800415,-1.2428548853619095,-0.45015743624578514,1.3554030857565953
1.475750125782902,0.4875236723306713,-0.26201627041086784,-0.33055774136605853
-0.011755527364957311,0.6208508714497956,0.007367405462590229,1.0211441903816305
0.4482681701931028,0.772973614895121,-0.5033846180541297,-0.8183690327519129
-0.811586475634145,1.2241620210439619,-0.5034055932749706,1.630203690659172
-1.0438444202642168,1.6710503386331637,0.34006122444309844,-1.635165489497022
0.11750786622877503,0.7138006963908243,-0.8002080876826142,-1.2145815221120382
1.4497001865832242,0.8961436968741029,-0.05787883532445005,-1.4209624303781492
-0.5621816125427382,-0.43254016522625904,1.898472310762586,0.3612210393184322
-1.4110231415094192,-1.16687787835536,-0.651620557235516,0.3711400120444377
0.9431970934140873,0.4692665816731815,-0.5298946897693063,1.2959730795713864
0.04923345701929329,-1.5205619437621556,-0.7967769303605081,0.0007758107949274728
0.9375240960507231,-0.9418212025871434,1.5540796491270277,1.6306498325831238
3.0821492261077683,-0.8820204589624403,-0.3026682399713524,-1.7281618565367107
0.18879556964350544,1.1917199814533215,1.9663771861922046,0.4715951788826334
-0.1514739047645959,0.9796064972943284,-0.43349316230963136,0.30970605070906343
-1.617068792695554,1.050444907191547,-0.5027611197766657,-1.5958570111110022
-0.12514923800682892,1.01576612110208,-0.9585639256425311,-0.803676766181252
-0.40048326035663,0.5898726423855807,0.2703066353129728,-1.3644218582759344
-0.29646425529136883,-0.7801520751089612,-0.9852864917074166,0.3354729866526666
0.16666604603119348,1.2517953123578573,-0.6499709012513859,1.23709831337049
0.7852678216843034,0.5142577366591984,-0.7261398931537486,-1.2349437290345722
-0.1740405754130997,-1.1218121313902631,1.0778489404390386,1.2224468366319179
0.14079005869972153,-0.51155686427229,1.0232333500799078,1.676707759772925
2.003408098059801,0.8635201265255119,1.6365276196094096,0.14483557210232176
0.9988801002480912,-1.2039323172201952,-0.48770648246388393,0.3237041623272367
-0.4131069373671779,0.28737383275167133,-0.5173516326299519,-0.9342225950015707
1.30916720100687,0.649904865830739,-0.9145674881709506,0.22698952523425275
-0.5167173187988333,0.7640146828020847,-0.6599279350642442,-0.2103986367459452
0.32575703215873664,-1.0700468554378098,-0.16482103076563004,1.2818148795763906
0.5167009604721282,0.6322309407918424,-0.7441662141086463,1.6886278479113412
0.9397881831507502,0.9976816240451573,0.1425634779340005,1.024848559542968
0.18810236720285312,-0.9023459558461413,3.280210140256954,-0.9436843144085975
-0.1537332542109557,-0.6443392845387724,-0.5792070165117104,1.211661982312572
0.6521391974569828,-0.47222527702569456,0.2041901982334504,1.3435442338101842
-0.27379818033249564,-0.9207818719008117,-0.781483268752536,-1.343030411696252
-0.9372071737197085,0.7066205960009814,-0.7314942346198199,-1.7305266616529873
0.3430206798074748,-0.5353782507124266,1.5280646489817549,0.7097046506951442
-0.3660743375981131,-1.3759922258967106,-0.7871538044618892,-0.9998827867791162
0.13612599200164782,-0.8869770469086405,-0.3790623862367874,1.64317218898335
1.2349805278171517,-0.41111989737225396,1.0276093596472493,-0.0393991281496588
-0.4625521152835825,-1.3161927397235587,-0.5801190119950196,-0.4939896531708555
0.20827105581639224,0.5755359428133618,2.3412352154073988,0.5578398574301109
0.564058382577764,0.8030933588171789,-0.8196173630215708,1.525987539543155
-0.41743278255286487,-0.8076608020272321,-0.04383276430117351,1.3202158717053945
0.759654964178609,-1.2198735303097195,0.6469538123125689,0.04202266822856464
-0.24384108919663824,0.8412322429915975,-0.21668637015618647,-0.49735432864243767
-1.0311339176070917,0.9246162792394993,0.9175202675831883,-0.09422312996182058
-1.7184580978909458,-1.406620667230045,-0.6373994292905629,0.7960386267332512
-0.08681062051225576,0.9729927326270099,-0.528298071246944,0.7856136259169795
0.7124196463137655,-1.123383082321674,-0.7454747588452082,0.7337404195806839
1.0263058761339134,0.8436787896683113,-0.08978635815405779,-0.6283729366330115
-0.29710768231194157,-1.4252191894421593,0.05887196586701456,-1.556249282648332
2.3836286771766786,-1.6154962323629627,-0.43454121551329145,0.4521046524104725
-0.040867764881935637,0.8612449691251549,1.295116691753731,-0.6728569097022131
0.0555095283183913,0.499855277148946,-0.2928176179210263,0.9921158144508929
-0.5435875353013582,-2.0004151456244275,-0.9437634249963505,-0.3720776117031747
0.40487378136443913,0.951490629422141,-0.4914853580586847,1.264510030691248
-0.2729400781663814,1.1121415145842122,-0.8899029106169796,-0.9824008957345625
-1.58495524648241,0.372658621794016,0.6221177602937671,1.525579087185355
0.28147258502508465,0.991988788148871,-0.9038355982391308,-1.3833684140782836
0.915105690009209,-0.7817790686714793,0.298788638859579,-1.469925737737108
2.041367339746447,-0.5718315317478347,-0.37520863391493176,-1.2553650858397198
1.2415739908078045,-1.0754701174479888,0.5514053807674315,-0.35230484102174964
-1.4294344794245986,1.6710503386331637,-0.02577726053121783,-1.4547366592951854
-2.1631521460496295,0.5675416867731731,-0.7958119512783832,-0.8132378965924091
0.6098950820397294,0.41160325114610746,-0.617007760570995,1.339052522500475
-0.6811870799830396,-0.8352605550451959,-0.934289042951747,0.4339715032879415
0.09029631757356887,-1.4087351519952658,0.1258394861668111,-0.7959858425155762
1.6456384671882713,0.4052763650038308,-0.007269671141556634,-0.9675504020052232
-0.08226318857310992,-0.976186493285195,0.6446189059398604,0.48848777853905556
-0.5285640656619828,0.7140695213691741,-0.9109453404381054,-1.1076941319781817
1.0780641821354955,-1.1975343796614428,-0.10006045920297621,0.9298260392105849
-1.1877830536099023,-0.909671065072306,0.10439218305137847,0.39180125931260046
0.2400844805521772,0.8551370916533749,0.00539653426944536,-1.2445676450975702
0.339239006919678,-0.987091757878764,-0.7771044088649249,1.6075252185640785
-0.15959772052345167,-2.1070978301601433,-0.5030411436933054,0.14234875526791826
-1.6087763639089663,1.197353021391926,-0.7695746587569621,-1.6021702083974763
1.1336949155476235,0.5527152222473432,2.3471996190491202,1.3300483492537474
0.8615004394217994,1.0143224269502336,-0.9451861834390386,0.15496546043908693
-1.5856919101435931,0.23272741715272563,-0.6498225090249098,-1.2825417759404665
-0.1741698750394413,0.9319481385274899,1.501191469929566,1.6401130909026362
-1.1010170838107096,1.0381353025067486,-0.9092745045255077,0.8236864750666528
-0.37445555320624596,-0.3997100385254053,-0.7691929549115254,-0.7462220506939167
-0.518551724210202,0.5968085215683276,1.0240432130312758,1.6011116783755635
0.28636612284133467,-2.278187846459756,2.268817809530707,1.3288812115810966
0.23407588321102887,-0.6949009388563318,-0.35786551836775937,-1.4287989792411935
0.6915100984875451,-1.0887856097816018,-0.6473741457254718,1.1510489158524122
-0.8798599307737779,-1.2134389714511724,-0.5061468577725142,0.49155181215645666
0.029799532527351603,-1.1754199452322938,-0.23503958978452494,1.0607986755902068
-1.1682612933931427,-1.1142283978192657,0.26233937156956355,-1.536157899146522
3.524782798472503,-0.5189707923126854,-0.2891514828686153,1.723688855535757
-0.5835680735914833,0.5032464789360811,0.5871921340193377,-0.6357706362583658
0.7204250644741123,-1.3208965061303812,-0.20462444679717415,1.4876241206914846
-0.9784323626197526,0.9383077211909631,1.0186835397456375,-0.2727888652117357
1.213967569671372,1.6710503386331637,-0.6361471823570625,-1.6806437210432845
-0.023947359225700342,0.930985541320273,-0.3053591494788546,1.5142970177686907
-0.5340893243471034,0.5363008387927674,-0.40097791265543803,0.9795123578173323
-1.7382680225024008,0.5871436968460603,-0.5263664953593614,1.4675823041955096
-0.3337597477694579,1.0840617150599023,0.31494612041729864,1.4751847222653327
-1.1511101407692577,0.8685917666318401,-0.40948402574921156,-1.0268925897788188
0.4011270884603177,-1.247467377434598,0.17974458234077656,-0.06276416960797995
0.9145024073180348,0.7051993529021727,-0.7370062988588362,0.41136020983212196
0.6154962005742433,0.7034029764659581,-0.9171928591280262,-0.001336087565882941
0.8185429865174619,0.8442548522865653,-0.35136432346717017,0.42204461621414996
-0.7385691880656821,0.9990269789158507,0.2678042744246195,-0.6189219011309808
-0.5977897365751299,-0.6562277962833509,0.44791739356583654,-0.1987722034291738
0.7080179756179116,-1.4302255259412702,0.1779722882678381,0.7876937300635464
-0.4260614544127045,-0.8234099666879552,-0.5443202595627202,0.05116072897975108
-0.20045125166851172,1.6710503386331637,-0.5037364956555186,0.7401419738984593
-0.9802583589275697,-1.4596118667900069,0.5811703657867083,0.27129042681360377
2.764227943899979,-1.6078022499844844,-0.011713915365184836,-0.7475684822709275
-0.05835068456486538,-0.6261136021013924,-0.5903189652810718,-0.5697058460773661
0.5716997189839687,-1.5520660211270103,-0.7066797118391103,1.5461377985361984
0.5309056822051968,-1.2166220228826907,0.049991739015204296,-1.0693579146562624
0.5801925807335626,0.7889275969380886,0.22969115982024566,-0.7467485814297504
1.915196988780289,-1.0784150004105941,1.5583712415226678,0.27659531466914977
-0.4700918272210015,0.6214849727563098,0.05977190106178755,-1.6279979195659333
-1.2439842349048071,-0.4916302261616775,-0.8932199858275714,0.9645494293951711
0.45231934413447045,1.0580863757096692,1.3587050389886712,0.041005209896094505
-0.36926718320314006,0.8246130945045889,-0.8148015343049375,-1.0412585060186124
-1.735580562284009,-0.6472795419640054,1.3943137925968854,0.4876966004961424
-0.41581628041496144,-1.196458270411691,0.9685216896739788,0.07781184178202571
-0.8212943939086471,-0.7356244203362851,0.14549917839550397,0.8120351394452641
-1.1738983365432443,-0.4386620108330943,0.8092253382131636,0.10653454567226994
-0.08489565072235855,0.8861900462021244,0.14058146873192895,1.7163978284786285
-1.4546450130940218,-0.5661159347302309,-0.5413172573629078,-0.8176048157294848
1.2712704758065567,-0.4438012122016345,0.4239221477312636,-0.9242492417661753
-1.1462448345606229,-0.3373363635890041,-0.7613788374986711,0.9692339040506014
-0.2641470334874053,-0.5926197724342369,1.5297579398105579,1.1217515164905385
1.6689498470061206,0.6429124409473801,-0.8248260138063186,1.4623969320843397
-1.6357103525082866,1.0519086083151528,-0.3483228185922717,-1.6310461602713469
-0.4607369839688789,-0.23044654095247813,-0.024953320586315726,-0.9610602317589512
-0.2634889128426877,-0.8106999706621881,2.060942299766763,-0.1153809064737148
-0.3175785427875395,1.6710503386331637,0.9152293457238233,-0.27268421354369443
-0.8372430563200094,0.7803783809721189,1.5806738149327262,-1.2366331384319562
-0.8003545840420953,1.6710503386331637,-0.2525554372997392,0.15381764042054996
-1.4834437305452968,-1.234468848729338,-0.598622675466106,-1.3355695651991926
0.22884922639259261,0.8090112816397875,0.14338720068977376,0.6503020929545976
0.777830647162781,0.6636094086042695,0.30872402912724334,-1.0473675251925014
-0.4390482697542871,0.7985480618713938,-0.5788325334283944,-0.7146843821330788
0.6702859661496788,-1.8748846676651674,0.5876593889239702,-0.3245953302502786
-1.940689863508725,-0.49174019600893815,-0.6660347521004337,-1.3764818578211913
0.4073668466706693,-1.162698958605452,0.7693962292188326,0.7591367342575208
-1.2078273033037048,0.937528678352779,-0.889441726920877,-0.8235741101520602
-1.5247107359865908,0.0677107277154866,1.712116414225093,0.9767425008193937
-1.5020692029465068,0.6518267135059777,-0.8075564460080276,0.5792880044357396
-1.0470839926167714,-0.9471385789416077,0.8120985705429994,-1.1614066614253726
0.8430274788055125,-0.5971545248261146,-0.8635999695838829,-0.059521867165602975
-1.031973406870869,0.9513135314436422,0.17543576827080792,-0.629622150784486
-0.13980274333291973,0.8469730120030419,0.32725083955172907,-1.3904116089684007
-0.6731529618851857,1.0755867873440657,-0.9353781234479379,-0.18520623265872482
0.007505934602571019,0.9278729316822165,-0.6585241000703222,0.23844075927506173
0.7895841820706573,-1.0145323137890592,-0.7352650258667,-1.1692434804325165
-0.2872861237595556,0.7392352558101798,0.2132848250739355,0.4691193051618912
-0.28887189276601943,0.4629117081614637,-0.6369610269459807,0.8312035733932054
1.3207971726943402,-2.1705909664468357,-0.43932230192631205,-1.4641937603099957
1.3174570466557214,0.8774530442342816,-0.1822741415877005,0.620682337750597
0.7263344729697566,-0.02447305753543099,-0.7447072289153939,-0.22203058797448177
-0.0793389520305904,0.4899449433303844,-0.5119538349858637,-1.156015042768638
0.597589713613462,-0.49301732032150863,0.1760918663837969,0.9225611777284761
-0.6347341700514674,0.5453409624248728,-0.9647419026806943,1.623033836608838
0.5462036378475369,-0.12710358949600695,1.2915523047189776,0.5793086113306624
0.9644671625032486,-1.7950253464634194,0.02868453420182342,-1.446217302643538
-0.04021332685810833,-0.8925175034924214,1.1908244310055691,0.38574076868186424
-0.6675318093370195,0.9352703650030393,-0.4645231375612666,-0.6405217791069919
0.5510270584662291,-0.5775894909461237,-0.2620473700911128,-1.6253521017503856
0.46521413445172244,0.6321702347919468,-0.6811386948132925,-1.4652778098974495
0.11821372825811764,0.5455010460228417,-0.8461404161055728,-1.3236193043244189
-0.06326098837400489,-1.5059842836312083,-0.7474661993339823,1.2309779565524452
-0.8546669826816521,0.5491195679674994,-0.038201356864918434,-0.8669530873993848
-0.3454902042068256,-0.8289452634067338,1.2058167880713233,0.9057764062178627
0.33491707781813834,-1.5810318551788702,-0.6517843371670029,-0.8743548543670762
0.06814860438751418,0.5168343660996813,3.5286800657259794,-1.6926086989704985
0.5794572727328385,-1.4774090849097359,-0.7792102948638888,-1.274656212173437
2.6002773075137764,1.6710503386331637,-0.8879916926141812,1.6442431061319653
-1.382905499609753,1.126848836093447,-0.8875873080183903,1.278750579417437
-0.00503219448266863,0.8273366334030037,-0.2924215378546345,0.8483636619622554
-0.65463294929152,-1.6359758442960044,-0.7268251388019674,-1.6493531512360255
0.6822674955570809,0.6959020417393363,-0.3277801919056109,-1.3319919900146249
2.1063876581990857,0.8215476319928713,-0.25517110108686175,-1.4258819446251443
-1.2479664272846587,1.085939214642654,-0.5214989152274327,-0.2981684093299426
-0.9795128346214924,-1.0100984267167488,-0.6236824222620005,1.0305067051653278
-0.9232689856479522,0.6861357784559402,-0.28022736041455576,-1.3899000975257108
-0.41772372467338276,0.6286359267143807,5.329141632789436,1.6598045426988854
0.6678397759638431,1.2771579313309647,-0.3526804085548606,-0.47693693014916155
-0.1670824056941051,0.851974846176805,-0.921566929761758,-1.177153418273297
0.9475271657980534,-0.17887613960591175,-0.5557939945410318,1.0371245388499197
-1.3438106461654966,-1.1434855121828054,1.3560125792253057,-0.7925018358596795
-1.4078519593920804,1.1227765682198279,-0.5771684305406372,-1.2894831610563013
-0.38382343852704737,0.4437868033403732,-0.9430801082155664,-0.9587318383191344
0.07712545713819297,0.7631772868558246,-0.38432620544379326,0.18552890014244555
-1.2178491195296122,-1.1743082761538337,-0.8302487340053017,-0.4613786356952191
0.31542982799154806,-1.3307492058126196,3.762619041591913,0.7709564906453732
-1.2491892373247853,0.6531994621673906,-0.5434989216800042,-1.0881785647771898
-0.16154954471961777,0.9082873048941675,0.7595522413030846,-1.5760584681657608
0.8086802438506908,-1.213488052178852,1.786768203188291,1.7245169070332815
-0.4247010285662922,0.5561646551243665,-0.5678863356919446,0.8579178500867788
-0.33439192851960625,-1.1591276095722072,-0.7336250153952665,-0.6765089835717024
0.1845502986449992,0.39461969682828807,-0.6457372389115608,-1.3230871909207156
1.2702675163463188,0.43898229038130765,1.501654283032689,1.1853413709120901
-0.053720447717174345,0.74244686408269,-0.820815976868955,0.7732558046564876
-0.8696837602784214,-0.9034250596929779,-0.910124113857955,-1.4252070975844162
-0.9602009906541982,0.8201023307743671,-0.1473921078825722,-0.3030311545146078
-1.2706104595338898,-1.6434655870534047,1.7942998073097627,-0.13266294654068778
0.6118016207499063,0.6754359266731708,-0.6134494696786262,-1.6938506646053781
-1.3394672558237468,0.7443339626623102,0.9520942368676888,0.37895761399498407
-0.012510542008274589,0.8530113978461245,-0.5111637437995283,0.7072581823716845
-0.4020176080469141,0.840332960760463,-0.7671065475323562,-0.9268012787420583
0.5570269626127171,-1.2300518426163662,-0.135331150763303,-0.12029608531954966
2.2357398721641477,1.6710503386331637,-0.21099526553899775,1.6961068879838659
0.6946455387151246,0.9562110692769376,-0.05079394894142495,1.1102560237074393
3.8122723903354863,1.0520622784311706,0.9227877068744298,-0.636339087524659
1.0643008184225529,0.8446445639727551,-0.9572787920398091,0.44978071532744746
0.2759907441613093,0.7931944404067801,1.14205687556786,1.488790533689099
0.525243633027084,1.6710503386331637,0.7463714364444828,-1.3480576314539185
-0.4212015586205661,0.6758097735283584,-0.8691120823649606,1.3785379190128444
0.11521522185530171,0.7973409117485909,0.21883145890526076,-0.12100915066719939
1.0890831204499933,-1.1195513818901985,-0.8196195363775869,0.17334292023577266
0.09033413574575996,-1.3136914480326687,-0.6382403932181917,-1.3755314842816044
-0.5106008111203172,0.7268302680872502,-0.7044049275012715,-1.1956845952392374
0.19597908852368776,-1.8616496705544447,-0.8624784245140535,-0.6498433689145126
-0.46126164184262997,-1.6810730584708489,2.878144194981812,0.3594651835926736
0.2813283185560382,0.9584970211011652,3.2106557339627924,1.4837065785533887
-0.3063344726449779,-0.44426228281704616,0.2019968602753593,1.7163116388923256
-0.3561124992448926,-0.6794107908905037,-0.8808428956204715,0.05206876469526272
-0.7658984898023646,0.6597663926853814,-0.009896693162319847,0.17134699535577635
0.45897627100586097,-0.7873965831447645,-0.5770602824726787,-1.5114143379290974
-0.41147263178320875,0.550943193489714,-0.8368481728768705,1.1249020901853075
0.09173620912124798,0.9215098262052581,-0.24677443740209173,1.3792256977009483
1.6967736889357548,-0.6869985569808116,-0.2926173135496744,-1.3890549092155609
-0.18047755123129458,0.9048709639143689,-0.4092367757284285,0.24904840116571703
-1.2248792525705645,0.7779893363041095,-0.48137560903050386,-1.1322439203978
0.9328670709791835,0.04144114699208625,-0.2099373792239977,0.8758328814206906
-1.9707381031402775,0.7179978038861943,-0.9517325742402565,-0.13271419198736495
-0.10155214486349794,-1.1985658813968594,0.42573452247379673,0.01712023789969148
-0.7065464048592934,0.809837318476666,0.00807385864700757,0.9176600562278219
-0.6041594740475228,-0.999614566708397,1.7236101077537846,-0.12546274158714954
-1.2526115746130004,1.0777114036930149,-0.7291049589350106,0.8325563108707765
-0.3861878602559361,0.4621525505403785,-0.9773192233951744,-0.5624343415447344
1.3793403680092406,0.7547050664103422,0.11927648352169024,0.5902122546305194
-0.8684472619527266,-1.2054321592151926,1.333981711425108,-0.013459086911245732
-0.02375510765558657,0.8844044359097896,-0.5793455878122742,-0.03631285115400384
-0.3739833532075333,0.23514793369863912,-0.5188548252771928,0.36455102268829437
-0.4527128216781837,0.6874556112112081,0.7152224758872574,1.4917392491685446
-0.41624501288788524,-0.6709475399122693,-0.39962363224103287,1.056337575072533
0.3070740315162372,-1.026283126379502,-0.16640680370407615,1.5803977856531997
0.8767308879731807,0.9658872908610305,1.0175112387544047,0.798473081933764
-0.2312584000093189,0.9437634723813346,-0.35930627249227803,1.550182234555568
-0.992873409847318,-0.2932255089162752,0.5332609064649676,1.0451477506657838
-0.40908238401573843,1.6710503386331637,-0.8884844141933325,-1.3664044400719757
3.455042557701626,-0.3446867735877828,-0.686266257875518,0.02947619364183687
-0.4532813778586173,-0.8590826059286905,-0.9344751867338201,-1.1004004823143394
0.15378043692581575,0.6461895014307508,-0.12793188381601842,-1.4666530518942726
-0.6702594497730332,-0.9281431701102225,-0.3708566900522214,0.09480247738417176
-1.219836337975415,-1.2486562735315088,-0.6467046752939579,0.6810961329850985
0.0689763508510337,-1.0290466203147344,-0.7212253164184055,-1.4261380262832686
-1.0909894351444278,0.11717975040187914,-0.5684371666317973,-0.2374728962965485
0.33879985816525904,-1.0656882052875538,-0.8585008107594424,0.3242790326136365
0.6847083288928403,-1.336391768872858,-0.7564250176841327,0.041338810230101455
-2.6262833891579107,-1.483208676862131,-0.7456795951766862,1.3324926262053094
-0.17936509224004155,0.8223911486357393,-0.8967739306482034,1.023890808015961
1.1066894387475268,-1.2654738970962964,0.23994541380416792,1.3068980353316824
1.0979728289687851,0.6678800122090999,-0.938799378484688,1.186736219135342
-0.6458555974872648,0.6412418270559119,-0.16347746973195693,0.04428256119338731
1.2759847495688237,-0.8485510451461257,0.1636805619618033,-1.2931704103745238
-0.39407626149362446,-0.8510286999274116,0.15145431311293836,1.3973809031251958
-0.07825467770373798,-0.9363044357371049,0.5584584531362132,0.7549962886732257
-0.4161136093560674,-0.33726762167959873,0.07009462985138516,0.5840200919374969
0.10863410483154569,-0.660967610362107,-0.825801048658062,-1.4335390178531233
0.49481957407224875,0.4968322513258224,0.1753453040708444,-0.04917585837414044
0.029769021442177825,0.7008383403592279,-0.11687134978587684,0.417051922615633
-0.21340995688636205,0.8498738321203057,-0.465298336493991,0.6758482949300467
1.1204846143092524,-0.21947923254813606,-0.28418069343693636,-1.486506860188911
-0.002561048936383577,0.8659714733067867,-0.9414249310777227,0.2698943425562209
-0.4096803896598347,0.7357537772446912,-0.31836985014078556,-0.9099655102950913
-0.39260214586464076,-1.0918330386815964,-0.7164976377725177,-0.5314322962416689
-0.18941099322024213,0.5714182592593119,0.3860295276368589,1.689012783361013
0.4326478705661579,-0.09326271499601134,-0.5968159744105316,1.5735070666468545
-0.6333912431249076,0.644291231312782,-0.06009974960066602,-0.1664967568290115
-1.1366285135155596,-1.0784423634716265,1.5545561576240614,1.0912048524805955
-0.49142420722445046,1.6710503386331637,0.7909643509890997,-0.974294020757947
-1.4849939268783723,0.5388302687570208,-0.09311767792350412,0.5559368319208541
0.2654859139747995,-0.665364277470757,0.441558164858335,0.3461195356460962
1.9779008513806673,-0.7710635242460324,-0.7243999473968752,0.8228154034841026
-0.9165988709970728,-1.3787792224334492,-0.8923144570927216,1.1860743224119592
-1.1158638074225884,0.5546887454347894,0.4783155430158476,1.7009567980239473
1.053083867301961,-0.9258074706906237,-0.8900981192403405,1.0159601050323566
-0.46239325244670787,0.9765001826586106,-0.5104882632733896,-0.3546187231692151
-2.1575630513369934,0.6540072090967193,-0.42553200060813395,-0.6384114038088738
1.0639688772890747,1.1594125530992527,-0.5304555354758774,1.4088898310997735
0.2590224623513665,-0.9692973422366166,-0.5903812750712485,-0.20319504927682389
0.585191561630445,0.7429760641771449,2.371085873249786,-1.1212895559978366
-0.23313075143523698,0.7382094402123488,1.577083136539223,0.6850496433975566
0.42527118346468135,0.38925019555224366,-0.8929661565033331,0.05839930982673712
0.9132683228047415,-0.7287467793816695,-0.8309765792587492,1.196971736434694
0.9815584156755142,0.9330641505442967,-0.9505578547719262,-0.5608726034380496
0.8642106162386237,1.6710503386331637,-0.9853002512203016,0.978571479301395
-0.4818545490577213,-1.5114583609347367,0.11011096590694106,-0.8506345983666053
0.4073697458472474,-1.2197435367596565,-0.8533662276397311,-0.34568226750292264
2.157232713969288,-1.3367178041310532,-0.04247762986245596,-0.20820302248490088
0.13861399793704196,1.1504837583330945,0.49616786141649893,0.7338748290099357
-0.20740103035135599,0.5516499249123651,0.5726871160030246,-1.4789676500250075
0.3246355024391816,-0.012589053642896413,1.804702737399593,-1.2233587005610596
-1.1843847673875372,0.44558246742949054,-0.1590020142582023,1.0527325601426898
-0.5861828241903436,-0.45679507848955375,-0.09735847752536907,0.46600276686826836
-0.5848154272080803,0.7265505496076023,2.3685639986042553,1.6070032520547932
-0.5815372953804471,-0.930177761276137,-0.34276280859852193,-0.0007405693903197581
-2.3524885225713725,-1.5318703070412396,2.2193816635979617,1.3207675138341592
0.26900547056692103,-1.2356414882794025,-0.64159758217198,0.19292320798689563
1.020982502701378,-1.1010654308886623,-0.0941739733813179,-1.5105029763489635
1.1709059860708022,-0.8475189809160376,-0.7461220669369966,1.0639934952424006
0.1522151197364166,-1.144715115724541,-0.48001641595251215,-1.3598819989671551
-0.7911520764951488,0.9317849925647393,-0.6868403618843657,-0.17495311819276743
0.012854643113465205,1.0110222278540861,-0.886766753780055,-0.37352845261786155
0.7149608294978417,-1.0139776301975145,-0.2080831022475358,-1.4458093973752375
0.5187676431297868,-0.3654015543308387,0.26135574099028747,0.3385626708016903
0.39986458753173887,0.3849928206429868,-0.8412952140201193,-0.9184761739808517
-0.10566176528018684,0.4202816962308148,-0.528703971644273,1.3457005020058406
0.6072942606657012,1.6710503386331637,0.9542925502112197,-1.7267493566130625
1.9691872076778247,0.7739067941964034,-0.9476450283600211,1.095267010169275
-0.030617653836377365,-0.6101159402770774,0.3526670382325324,-0.36927636823071824
0.4990200050082763,-1.0518021024180761,-0.1886113167546483,1.1512828718869457
-0.4426197604108486,-1.568560094203073,-0.6456102967657196,1.5469995782934078
-0.37335699744769973,0.5786890476573928,2.0796603809603424,-0.9202025777761527
0.07100848706459387,-1.0374414542460904,2.1729387480880473,0.13388347709996465
0.2240558942681464,-1.297968303767608,0.4543915827789522,-0.9537792056544205
1.420361388094921,0.8657325010113136,-0.46157159847991697,-0.7723172546042122
1.4540269397460903,-0.5654875261393278,-0.15966360132603077,1.6453869108467494
-1.3806958142291523,-0.8003647205420685,-0.79419285836084,1.6638500402222685
-0.40003576600377144,-1.3559388700944532,-0.216133750881419,-0.6668029864655629
-0.2309655316008596,0.4034385247513721,-0.31651717300031995,-0.9092141606385122
-2.2380368755482554,-1.0892718779184274,5.464389853373427,0.23524009782672137
0.3884354141116204,-0.9989037744549283,1.0534113322221728,0.3810498977360856
0.06683145211551751,-0.6752340026421934,-0.23598872019228356,-1.7261762620010297
0.07987804272425733,-0.38887909853333613,-0.4010203042063454,1.5956467523886035
-1.1656738262083002,0.5950834042811789,-0.029824597572920348,0.372933555401039
0.15069572518805535,0.8076011546110955,-0.9043126201192526,-1.304631688585967
1.0277937430260724,-1.2308153255456595,0.15605659876250075,-0.02774968813014648
-0.57752102847238,-0.4478072037747151,-0.71155459870915,1.1146557437807216
-0.41585345336585644,0.6565909796414854,-0.08040360062774984,-0.7811472516186566
0.13460036921800306,-1.1348040525368754,-0.5463051785755708,0.971405569167727
-0.08790835555853335,-0.9173558424735584,-0.2853472632812245,-0.5852877923656279
0.7209099566042704,1.195110319602576,-0.9411089141283118,-0.5101453898499198
-0.5630047185168205,-0.6234427145550382,0.40796542383451523,-0.1621818846261299
-1.9166277439878157,-0.3764753277343678,-0.5125490876444466,1.6011926528643639
1.4286599290467414,0.9653545631414187,0.4795901880178948,0.5797184775644469
-0.7402606654119458,-0.38904544831382715,-0.9745333973319978,1.5790979942986072
-0.9749015355951455,-1.6697289779433588,-0.8040970251511208,1.5214906423926007
-1.107432935279659,0.8074909065230764,-0.2295107910639214,-1.6724853735764893
0.08709710904476968,-1.1476315104286778,0.020007002269288233,1.0662669161728953
1.081965271040713,-0.5326638428845031,-0.04451601753277999,-1.330536515456658
0.1861382932994241,0.3919626880654101,1.480211431265283,0.5496202933276766
-0.7019119154286176,0.8575650325858876,-0.7484817814152502,-0.4289728817729302
0.45737387190239864,-1.3144511691054241,0.2754436724199946,1.5390279281780028
-0.4287813257182976,0.7983390000145557,0.0898527471988981,0.1009969555256042
-0.5610591592369131,0.9520047919963,-0.5136801971449808,-0.5753454607108561
-1.6104930292961537,0.9247629640120202,0.23597034041795234,1.310477644778466
-0.41332407689230916,1.0159385091265956,-0.604616681647392,1.0437739906121803
-0.7329241095460921,-0.7251795121001434,-0.46485688288603944,-1.1476050838353815
0.852550144642981,-0.6726826428526129,-0.29886704900366345,1.7042967351241816
-1.0637414407885029,-1.154356302280658,1.167305861888794,-0.9512173020220522
-0.03125882034497516,0.7980721476890048,-0.5575034276830756,0.9143103451010176
0.05229843267369795,-1.343585855148887,1.0929699765848817,-1.1114538258090312
0.12831934075045826,0.9977991547921358,-0.6396148142512106,-0.8540110972439721
0.2936639457518036,0.7604489250808999,-0.44662904149536414,1.7106254623719315
-0.08226590166109402,0.7943270709846046,-0.12133419855115155,1.6167739836539676
0.7542757035542784,1.0374396214533605,-0.6237831601747219,-0.77557099830472
0.3659746827807385,0.9097616792664317,1.4607021670306526,1.36623199588283
-0.4369913408904844,1.0106955121813208,-0.9697548640727818,-1.068312089207489
0.18821843525243276,-0.295197251287522,2.691092648448088,0.6745725548137101
1.7598610561854717,1.6710503386331637,0.18084117259572513,0.9021018303497752
-0.03905744466617084,-1.7368683989649556,0.19932993933191023,0.12157450360550526
-0.3405016774604449,0.8896256669513237,2.3756182592989847,1.5449631378881772
-0.521937022436328,-1.3007283034084458,0.8637614611174078,-0.7713638172081844
-0.2670022263793057,0.8289926462445267,2.079322020821829,-0.5562758126860989
0.16620096015012686,-0.4640499245964693,0.4387090883844302,-1.1061359528569783
0.3043803041062541,-1.5340050486837842,0.5323330641314086,-0.8654202663563951
-1.3122816972385998,0.380999702693563,-0.508360586547301,-0.6548526827254882
0.4328723616840684,-1.5821903662628667,2.084365780854614,0.06027802018517718
0.4696786731787317,-1.378044970669778,0.8456978681973768,0.4082029741351317
2.0699131424877826,0.894510967613529,0.0813018748593087,1.3728687680765033
1.184507074913837,-0.9194207843657033,-0.14994479667602625,0.895208883013847
1.7869131739062658,-1.027559692154665,0.12456592339571924,0.4804541466108233
0.43597808307383135,-1.596678323365745,-0.8697257793738382,-0.8735283154585954
0.6362649270432219,-1.030457724674985,-0.6685805650855581,-1.1329076304613444
0.4571589754579064,-0.668563541259272,-0.09614436692420102,-0.5395827154145567
0.635674332077958,0.4523372434018278,-0.7032129139522312,1.5132198174857383
0.026529537263334853,0.23739772905790674,-0.013087996898011768,0.14986464615588316
-0.5931696466276467,-0.6719173886834029,-0.5529282952178006,-0.9561628885760175
1.139120432372001,1.6710503386331637,0.9567333162065396,0.4646499781030546
0.1532284950584996,1.6710503386331637,-0.8809859830156564,0.9530793895636237
0.20124037378729562,0.31468310708646613,1.813430758551784,-0.16354985052884993
-0.48564512702709134,1.1949314008146765,-0.306675079012478,0.9036081774503089
0.39961182184340527,-1.2706876705385852,0.3269459698888388,0.048702878110509024
0.09499944393311958,1.0820316028316972,5.915634647528625,-1.4433158527768801
0.47029516138091493,-0.46204451032851235,0.7820724415282965,-0.5050314024491582
-0.38112552689816853,0.7818765228222582,-0.8118829026035566,-1.0609590060347538
1.805045717150208,-1.095387958166197,-0.4157245763215881,1.6275373083651177
-0.24279846505903505,0.6452620159646757,0.6097208831351666,-0.11883687077170421
0.5821023587810544,1.175875492145985,-0.9219153322698274,0.6199166175819273
0.710458265690859,0.6804493531127858,0.34811805129135426,-0.9063027380552329
-0.8123994174764919,0.26563616922408817,-0.6855352892273872,0.0023209518024182767
0.13842299222708268,-0.619339874394892,1.3147717818573366,0.7690543798978646
0.709889193509792,1.2067158181036166,2.2762373710878934,-1.221587910623122
0.23111613546284368,1.6710503386331637,-0.11826991866808252,1.1006913710066364
-1.013994004377525,1.0440819712895053,-0.23536913819476488,-0.884929092495957
-0.21342176970833443,1.6710503386331637,0.2933427716496065,-0.7181642068474969
0.26529285411574477,0.7651720379732373,-0.7174391242660997,-1.1932381862420423
0.511605203805834,0.792233674058386,1.7891179643383093,0.5588236955361985
1.3352862953487152,0.5770007274412278,-0.4592729377523249,-0.40206481489087054
-0.04498912331832583,-1.427968864194061,-0.6164230018956507,0.6893015405386924
1.2834943797275808,-0.4094305770756257,-0.7583206879988614,-1.0411299715134317
0.10743364388435188,0.54401006024044,0.2406257885391621,-0.2568787705561361
-0.9845196263116266,-1.0058502471243618,-0.7852712777539292,-1.2999919377761162
1.6811121940798333,-0.696218895690461,-0.188776019680606,0.017161462832057033
-0.3191293263269759,0.43406578736559,1.054190315498019,-0.8910730238266833
-0.511753775321129,-1.1905941904650894,0.30578414224793343,0.45040010912504236
-0.08748148185084868,-0.788590946787528,-0.9357393691892104,0.7979064594793973
0.012660333781625396,-0.09358873988507782,-0.7965218794121748,-0.09944759088873975
-0.49891423734730433,0.831183626496082,0.11958497720425988,0.7601338893850399
0.5613323359089276,1.6710503386331637,-0.1088898762131387,0.8469196710494354
1.2912250762422781,-0.15876543713565108,-0.6419609447348127,1.0926136957278532
-0.23705350966166572,0.7111686839051741,1.1529312113669092,-0.2551386030522377
-0.11205461877837311,-1.4690779510017669,-0.1449623353820557,-1.2379572856460033
-0.558754641893782,0.7884418570928518,-0.018344045052423527,0.3256318845340959
1.1853887031103942,0.7471809387941369,0.8614567622415142,0.9264796772005853
1.874503289147163,1.6710503386331637,2.080006809542571,0.5603477872617099
-0.887878749207956,-0.37282138820333627,1.369793069276502,0.02755222499917296
-0.28070885695134223,-1.1601056891806745,-0.6533176689193725,0.8733279256645113
3.3036373745283503,-0.9348292131741239,-0.8123884370392448,1.1790729522209489
1.6531618547158224,0.8211118254593893,-0.8758413600446349,-0.2361524931889517
-0.05652648919034659,0.8240490530618632,0.5770526322413352,0.20629856793917856
0.4887336009871825,1.6710503386331637,1.6742479298656925,0.7387241793685088
-0.4930000982193926,0.9880177054219657,-0.5181352176532095,-1.1786203102476893
0.23349215844224935,0.4647593539626995,0.06437723641187323,0.20868633268539627
-0.8160975511104145,1.1772887976276276,-0.8804811899253598,-0.2886023184419274
-1.2289721985653517,0.5200018587186326,-0.873804936317487,0.9978759443586378
-0.6464797921413258,0.8047069158980765,-0.08789963918088675,-0.21224830444592918
-1.611310645765205,1.6710503386331637,-0.9070476642743365,-0.03668169174574593
-0.10372607306481876,-0.4170842952316619,-0.8016913854154296,0.8919860561244155
-0.4098372990115271,-1.1402219290435833,-0.21315570409186296,-1.5546799877734823
-1.8298908475575961,0.44412138906086235,-0.43152783977137027,0.9948872402027507
-0.4588518644296171,-0.772341343980162,2.3558871803149213,0.8480498017976145
-1.2833444556292437,-1.0561004673714096,0.7122374750995188,-0.6864882176467707
0.8266005479715333,0.4593304906001331,-0.8840642289625802,-1.2269357728319237
0.4713407105818775,0.6412525382243985,0.12045765386815818,-0.19108442904561665
0.9235957804185458,0.8756788612318204,-0.5989519642978074,-1.5658696027163401
-2.437974515923496,-0.6868775177960643,-0.7213815940965889,-0.37045943376627477
-0.5489874899347557,-0.6195240001240672,-0.5315981079616353,-1.4039679853235012
-1.6459813311733815,-1.2506119022885538,-0.8333210741004218,-1.2601231578430612
0.36898299112231825,0.8340944288786429,-0.223188661227353,-1.0269626294288365
-1.3360099266103453,0.6661918832263821,4.9866527841828265,-0.18686338144278297
-0.6134581408089652,-0.5666009139673653,0.5924091656315056,0.2956400323593054
3.1144713887880813,-0.27129741910051064,-0.06665867037071613,-0.8161017332411415
0.30095283768722486,-2.0551899129948072,-0.5957447921206269,-0.18182030061125434
-2.02017958365397,-0.04357482960694756,0.4086478904161467,-1.3492534009786894
0.636571041230688,-0.8517659775203166,1.0369077667793702,0.026443831368442864
-0.17559257925261473,-0.8490071139868121,0.719585611648093,1.0733151165774917
-0.24105287507752315,0.6413108458789578,-0.5619462720385352,-1.119297418925934
1.9238553688775657,-0.7772013069474014,0.1514292469979461,0.6466527492752014
1.7691983887894944,-1.1120623874010311,-0.8827943131476806,0.4448313708715122
1.0088310873089685,0.648555299211461,-0.8227104732240234,-1.0929814804644595
3.4510463210771807,-1.0704931575511765,-0.8851441699120972,-1.2761116045500354
-0.7080103054456139,0.6504563488232546,0.44995656439996123,-0.5282618125287496
-0.4394550351775887,-1.2176572626317117,-0.6606813668077003,0.06820520922808393
-0.2639829918429456,1.6710503386331637,-0.9802914117138453,-1.1030419232486643
-0.7511782599016723,0.8327006582968643,-0.9332724748225535,-0.41809502492474127
0.7097596020899648,-0.8631391826244853,-0.2957940828640656,-0.3735978701060863
0.06668125157407007,1.6710503386331637,-0.8732263597844772,-0.6870491407112175
1.7214091545490828,0.701310298691828,0.11000046346298908,-0.19492151153107434
-0.8072796099387837,0.6951095029098214,-0.3175173212377491,-0.6346611939473331
1.3300398627067629,-0.8502440042948454,-0.18380810308686044,-0.7895087717830189
0.6892881968474704,-1.3255221192497404,-0.9800789843111124,-1.1561832016348998
0.39140809988703307,0.7488760660865414,0.39531062495882097,0.10776974919141764
-1.216421784550762,-0.560037031120527,-0.9639257544699011,0.524487045512744
-0.5003523133008043,-1.4705643571425557,-0.8760035307251551,-0.5253868530762906
1.0950102301910005,-1.2006534111318716,-0.8786578319458144,-0.505306398696628
0.32228564424311096,0.5706012708342988,1.518479421482031,1.3118221192523605
-0.2675162141767927,1.2359105563194692,-0.2771289540455694,1.66117475546479
-0.5415770098088375,0.055570225645379376,-0.25018322610158966,0.25966383565733153
-2.563425877881625,-1.2457557224173754,-0.04793672160192253,0.8622525436070421
0.018394224218220488,0.5900884296527441,-0.9789957331420268,0.07922612774772594
-0.4946733502191707,-0.6401199216937141,-0.08375126958993202,-0.9885527475327777
-0.020371518566652477,-1.164820355646221,0.44471658572293365,1.216457324311705
0.16336085469983933,0.7590087551260526,0.7848110184642662,0.0157048454304645
-0.5563369745933379,-0.554087228417853,-0.6104303671048875,0.6213643189532865
0.4303551131315625,-1.6924357865357222,0.4545958077206116,-0.947024996399212
2.0341175971082337,0.7848649302417642,-0.4055943823420567,-0.070586677176403
-0.6818151933713144,-0.9752194614829846,-0.42327471324009325,-1.266361780338188
-0.15655242748370185,-0.9564990722372979,0.15920196054499117,-0.86327999370402
-0.48381669851380704,-0.8718656664225489,-0.667951360199076,0.5506685538048861
1.133515498455903,1.6710503386331637,-0.3000964182278476,1.395078816964829
1.389563502117484,-1.7694398963416973,-0.6497746568510261,-0.9692492420958844
-0.6726618438077061,-1.4102899756400804,-0.5776358281945031,-0.800478289049866
-2.6074311044641707,0.7454184067867344,0.42844655949089566,-1.5097764038075523
1.347507911373874,0.7135291808121244,-0.9277918417650439,-1.6957134015344015
-1.68380859416958,0.5777551862146745,-0.9062523113121697,1.0831233381630097
-0.8140327890017375,-1.1700572094325752,-0.5185944927837995,-1.2843093221568342
-1.508830718562835,0.537648304046895,-0.8624079402616825,-1.2092368370710673
-1.69294661410347,0.7042448493433991,1.2328320804906687,0.33853647002474063
-1.4586830287371033,1.192879703065792,2.1088538323599115,1.455938970229053
2.3418168818930933,1.6710503386331637,0.018706904768563473,0.8065040846674185
0.25888180354319235,0.5161435992444084,0.13847637128448673,1.237058650158121
-1.8067535968995911,0.9718402062602131,-0.7739054922048637,-0.4311195929918977
-0.6195868045589402,0.7778369028761061,-0.6839491840340114,-1.633147310927154
-0.8076853436988343,1.2076230311381353,0.033813667149338845,0.4783755239575596
-0.32638382107871555,-1.2372478895861139,-0.2051950722678782,-1.2125059709886021
-0.4808226333024045,0.63206575503834,-0.26003578844274594,-0.8692230336877759
-0.6618647857583808,-1.4588056400463305,0.24357396080443974,0.29742358427100873
-1.754150907559713,0.8458787998693089,-0.6769508195050365,0.3088696984096403
-0.7601449731480894,0.8921781837300524,-0.8297652001871095,-0.34768311037721555
-0.16845357616837506,-0.39304249462207724,0.19721972305973315,0.8739716312788319
-0.9418502067542672,0.6132794041905115,1.099435613342415,0.5794227759275179
0.14546727503770288,-0.41215066395839434,0.495744646927566,1.10296086400782
-0.44578653193515355,-0.7877322471772671,1.222552965785228,-0.26258410055017645
-0.15105648805834201,-0.8239219251900328,-0.08721065521871542,-0.6211363243665147
-0.38915999886914693,0.9987015403775298,0.5764865554124194,0.7614518160418369
0.8832599976855374,-1.0898464648551591,-0.569686640095154,0.9625145006901529
-0.8979521782646936,-1.4350158841901675,-0.9403183868711588,-1.3677297380271145
-0.777754396452647,-1.16185671701232,-0.062297634296136384,-0.4575391563284752
0.6844511508411488,-0.8178212028421902,-0.27631567268044066,-0.4099076404575204
0.29860260193138877,-1.2612961575823742,1.3773971980032829,0.346062331530177
-0.1710414589697694,-1.0705990060856014,-0.7731339323632459,-0.9810629069780115
3.111958267676251,1.6710503386331637,-0.19602295038173048,-1.5547705952392594
0.40824095785686604,0.7001157366729303,-0.9234122563868256,0.4989627681668991
0.3883392924522608,0.7298242272126617,-0.8104000408862778,-1.2949145976912366
0.18758667862569567,0.6769509039484278,-0.8999324839034063,-0.35074834882335804
1.1889754769158773,-0.8749466127127131,2.439799436138184,0.8835456892219886
-1.1640798638757497,0.9526926537107295,0.13380484552222607,1.5520469554186804
-0.2866770932585858,0.8256371750159931,-0.363984123387244,0.3008958311771945
-0.15684868752441997,-1.0422202548077522,0.28077144701084555,1.2788387575782012
-0.13667320016694015,-1.079518703671068,0.6785995158063937,-0.489334047931401
-0.3984992758460934,-0.7662667530621924,-0.3223561098975902,1.314965597477076
-3.416497470146841,1.0066991153356826,0.2945269496105172,0.393958628913796
2.604944977745698,-0.2940368637877959,-0.7394139975844533,-1.1070840618351643
0.3005269258489073,-0.40062515776216623,0.4473161612005887,1.622952121177946
0.07045369714538821,0.9967478179226579,0.46626299295658036,-0.19596016535052407
-0.2532169138090127,-0.973414640484576,-0.43044387733050005,-1.6296180193881835
-0.7500387259308565,0.9190294536777006,0.9550307468155274,-0.19579301002860164
-1.261471442229734,0.6239175758536287,0.7421622803908504,1.284521407442616
0.05230083770064333,0.8563817920787223,-0.38997586188897965,0.722569815765277
-0.7985751061484331,-0.37177506005931604,-0.7854387724394483,-1.721281828958274
0.17812363818901125,0.6176910318511779,-0.03190765850557213,0.9403389199962464
1.4359393429179286,0.5549012317932133,-0.9502281378265254,0.1535835409601736
0.3453471235195204,0.8442309145059367,-0.5560850655998597,0.17398053606486158
0.33922661146091093,-0.28571480590877313,0.7775452560949802,0.15369374166740332
1.385668431801427,1.0634678654728433,-0.7795251349057853,-0.9802035529080129
2.415176882578833,0.9868574574711537,-0.12807630960318142,-1.0634760215248222
-0.25203328696479627,0.7122964804809175,-0.6258962939483075,0.0689770612121597
-0.2631612413126233,0.5571664783164746,-0.6727678723204378,-1.2645734050166326
0.23051538425406107,0.8938550731761497,-0.5791041956742042,1.269958886411386
0.07147521844665278,-0.7019176036486541,-0.4841218230845868,-0.430955564379281
0.29871109757406866,-0.038822655461937756,1.9503847335699378,1.2004439375979765
0.7442019956763668,-1.3010113029749322,-0.9150575880151128,0.1422933725018831
-0.2306436370239283,1.030779018205705,-0.940197059886731,0.8557378556900515
0.6614982550783967,1.6710503386331637,-0.8333236742234761,-0.8905633423286331
1.0438749529631095,0.5760493628269402,0.2409311766466684,-0.04944684542134304
1.0424691763259515,0.6624267417344635,-0.3790566536413092,-0.6226487314814301
1.3438025267527347,0.5207965350854997,-0.8717575350738945,-1.6997057786607486
-0.8314827004780769,1.008228800399541,0.0957584528503563,-0.5919451234803298
-0.518554748846439,0.8504215776518124,0.8879466879295727,0.3689593311244751
0.3320929171976332,0.7452895312315783,-0.8793564952253937,-0.5572543234262503
2.0130327110618538,0.892128480958336,-0.7996630074336041,1.2690834855131972
0.2707327425002379,0.9290734131843685,-0.7355173640804331,-1.2774033489315306
2.850528899065433,0.6183367375225212,-0.3429127976422991,1.134928804316116
-0.5252345606372923,-0.7495184373979175,-0.8801136401111711,0.23363597634184913
0.9246598499909539,-0.3507781565567061,0.1666806875942338,0.06526092782964767
0.9279173422874064,-1.605065174931299,-0.35515840307397284,0.3310643779977779
-0.9899322975725379,0.9500475746078398,-0.46572114704094814,1.4175113252023295
-1.3543624799304401,-0.5805205201291028,-0.935856097844791,-1.0678308145866626
0.1510408260776216,-1.3428657042078933,-0.948958323825748,-0.47237888372296793
0.21019285940199406,-1.110979156944944,-0.42770602027641813,-0.7244268135623083
-1.4017474244213877,-0.8565032778246723,0.7329838415226215,0.7132587133547357
-1.1529654485844953,0.6031629217385122,-0.9061554699302856,0.09935226317495101
0.9745583198200952,-1.4284079747861336,-0.27584999942494737,-0.5314330414978529
-1.2490040729935512,-1.7755950689190823,-0.8411986193630591,-1.6237913515168376
1.3670305363342117,1.6710503386331637,0.9314779041221837,0.5566847197307091
-1.3342306614406576,0.4739681391403497,1.3062079430811457,0.6551597978158372
-0.8757832993160729,0.48620444901879656,1.0835364195140105,1.267446773360002
-0.4358590132816458,0.7803472122707839,0.9223592787028239,0.7611394151766288
0.21310239418255122,1.6710503386331637,0.5451763780802423,0.24254539413459583
2.3665597914901904,-0.7723344666805323,0.5015503016589226,-1.2941197923363135
0.551062136340948,-1.3965733325946976,-0.46234923938577815,-0.39197152672935265
0.9161841066345765,0.9488501514229375,0.7386639772214747,0.21842735084707596
0.28234019195240523,-0.9127397947073006,-0.9318066751817935,1.6729199172293487
0.3454046422358556,1.6710503386331637,-0.17085945823663815,0.7485786822084519
-0.22636924103266085,0.6833546645884696,3.7333808161456927,1.307917854372999
-0.3818603877089079,-0.7337258640696513,-0.8953103217027756,-0.9905793167582425
-2.564710077599135,0.9792789580945463,-0.4983921648092548,-1.4785951326258684
0.8234963390517142,0.6486922355373964,-0.4516313381262274,1.3838393764816046
-0.13184514943379366,1.6710503386331637,-0.1966371219168239,0.6807656984496093
0.5742262003779662,-2.003237751698448,1.9677275672570547,0.8283857624805216
-0.1575050182900906,-2.197239827457167,-0.6517967540346647,-1.378210873169144
0.29298835094716147,1.6710503386331637,-0.7811443574364758,1.3282186970102174
-0.3610084082235627,-1.1010781470139734,-0.330914652487996,1.1922997960483042
3.700818713661696,-0.617053409592313,-0.7858481798736346,-0.4720730421821664
0.9000170614293301,-0.10443488382272223,1.8338247904180103,-0.4087418847628965
-0.42999253003911336,0.7486801050876043,-0.8806630139214222,-0.018970626723242807
2.792933533417728,1.6710503386331637,-0.07837508812423143,1.4011950591659341
0.403334160338231,-0.7494916948505822,0.08896557703124071,-1.2155460751502358
-1.6872826095402955,0.6347188944865054,-0.9751210218336906,1.7206486667427998
-0.16421147221072233,-1.4861770036990183,3.262903531410131,-0.5117491749121186
1.1919706699229964,-0.3017997044056589,-0.2415205786581728,0.0357328273490016
-1.0832201826146983,0.628479120810449,1.0019236077799574,0.06549313914143506
0.3776790014533108,-1.0953918634195938,1.7412387250109655,0.4342690021819155
-0.1590670826415453,0.9926070052554855,0.24183971002562074,1.482726723627895
-0.4057589822259279,0.10565621785508908,-0.16262831677390818,-1.715486825141417
-0.302222731160712,-1.509434632745632,0.9198741604840573,-1.202309093041065
-0.03873721739028922,-0.13669645615180342,-0.0360890561359698,-0.7366933199122181
0.111054735858785,-0.7466193842327784,-0.8955831019984143,-1.5532525971415099
0.2605206421864116,0.7887335716540065,0.08998227326307677,0.0662226220286618
0.12335052696259637,-0.8891461049920569,-0.8649102692934045,1.3681560689242733
0.031487436905085764,1.4030997102575538,0.5380895795376489,-0.1436723091785141
0.8221566668571708,-0.320353406648378,-0.8264754662743098,-1.5222866917871125
0.30366257415121345,-0.6373168460495913,-0.9682520040767058,-0.26150565596743247
0.1310088052830448,1.057724296665001,1.1479076450909909,1.1419355148499593
0.8128235070058011,0.7971064743197741,-0.5682892835580616,1.0384323094169383
1.3335732328622292,-0.012474215102583279,-0.9005012494442789,0.7711318891366993
1.0433208348537604,-1.5289629401958849,0.7148696562132788,-1.650371424886993
0.23586230516348863,0.7854835277935702,-0.8891375667550857,-0.5618417017250606
-0.3641349681300975,-0.9167541722699604,1.648205457060643,0.20789286791042416
0.37215477289095855,-1.0832788031282912,-0.63522338088742,-0.4359107080769315
-0.41806710388511653,0.640726604186771,1.462197733871861,0.9877204592826343
0.05009136582886939,-1.278206554943829,-0.15107983363578456,1.336338141432757
-0.0770767564163766,0.9365326783124255,-0.00661513385552658,-0.1256209775265277
-2.1967995721354145,-1.2305585098487994,-0.15378788040867344,-0.7944003096341234
-0.3520533059742094,0.8495191086209395,-0.9103889937444984,0.03523241489068111
-0.7729334014430889,-1.5570486495027254,2.2443054008424057,-0.8449329171716405
-0.614658203137204,0.9651802617655204,-0.9551310745788967,-1.4513261768924637
-1.3121833577649553,0.6180761663997568,-0.9450315536496666,0.7786464027953383
-1.2693170515212253,-1.1726506925054205,-0.7514837080356793,-1.5711890529120176
-0.7913702499421574,0.7134849064962238,0.3191757429298799,-0.3506590117183822
-0.09808401220527797,-0.7560631656596271,-0.8313170902349767,0.0789268729149856
0.49403840275771715,-1.7547131442694501,0.5043055649465966,0.9589327017115564
-1.5090955955797891,0.8344659479087196,0.3100645262705494,0.41194885872559395
4.0151487001231825,0.9128030209246527,-0.6013084114966426,-1.0751035645316727
-0.7219086423979254,0.5440779518567694,-0.1072926786432519,-0.8491887326651043
0.1385807817544133,1.411636392486576,-0.2631088741122783,-1.5038111756759744
-0.06490753485402394,-0.6563605194256578,-0.4959413074507663,0.1945347341899675
-0.2644676047967266,1.6710503386331637,-0.65830435323313,1.5930982102008315
0.2141580245460745,-0.7303834668715347,-0.33565144882206116,-1.2472752579903121
-1.0213049061156347,-1.3483184153003334,0.3832514793888603,1.1123844508516259
0.013166436920054321,0.774892749608532,-0.6352900135572874,-0.3995953210418725
-0.9263490901983101,-0.6425090626537874,-0.03826826570850078,0.07444508933241638
-0.7374219630652026,0.595433517854035,-0.03529422269224384,0.23150539351573335
-0.6100332226240527,-1.0609111596456,-0.499144524503586,0.9193448625630787
-0.2728690323229793,-0.950977015440119,2.170563464887621,-1.0946389495809763
-0.3951996938452737,-1.4007164547630282,0.12194968643130195,-0.4625237328656461
-0.9523967545939946,-0.5296234238866481,-0.7730596159778358,-0.8472964456755436
-0.18980378375508775,-1.1244378722224295,-0.6159203635982146,-0.9290761387900968
-0.6168395197259071,-0.6381514763376229,-0.5501473786853601,0.49510711615180397
-0.07177072575381,0.607964549519928,-0.2423642374847843,-0.7438826064915437
-0.16975298713290396,-0.8082023500963715,-0.6233113834692025,1.6652885844912635
0.33144081230978134,0.6851503208493124,0.06704174791189342,-1.3208114063570775
-0.7568199063292155,1.0387112647685641,-0.9668416930910474,0.14944304952843304
-1.1944560925056318,1.0897460620848616,1.0158423590712067,0.7480766357932228
-0.5923049131169735,1.204550256026835,-0.7323879134835016,0.5876227777593998
1.2749426285953391,-0.6088758142194277,0.24529079445101062,-0.07984241787304451
0.450032973853252,0.7686304191348763,0.703725416251373,-0.8164181157993777
-0.42802626716906955,0.7996367193639152,0.00740626170358042,-0.5600052672260778
0.6334525107923819,0.6843918190952988,-0.6375965883827265,-1.1653967751143577
0.10415957925307126,-0.10275129355591635,-0.43003723355614193,0.32777224978639563
-0.6129201932919637,-0.40828114982809927,-0.9647252429955597,1.2274617249454924
-0.2371333147325053,0.6268822808419212,-0.767834442765552,1.027240483118307
-0.9734966120328195,0.9403001793428943,-0.6261798394577442,1.2330210710630498
-0.37794756877319496,1.6710503386331637,0.33476860838743805,-1.2045757241097825
-0.44230544420643764,-0.623300318731079,-0.862924293440932,-1.0626882448691923
-0.14639648418737436,-0.8862387829696463,-0.2082904824197019,-0.5642191792414694
0.1638598400578272,0.7349605073184731,-0.3325309982318161,0.42348379106549516
-0.6343019658817812,0.8411471491766471,-0.5173718862826022,-0.4699623001991291
0.24156736227826142,-1.0548580394224012,-0.014343608436240843,-1.5370074784592456
-0.8039388888619796,0.642741974767253,-0.7735857409488167,-0.7550524483689192
0.6970056925191904,0.38809591315374664,-0.4970892522861144,-0.9471100832086323
0.9579108856018878,-1.3674292179228111,-0.9587129867041209,0.5271148501196634
-0.10942310294646775,-0.4530575819765572,1.2362167776062807,-1.4001261344210054
-2.0045904466226623,0.9936886989149705,-0.7355269716622607,0.12332329054353736
-1.2154340881330792,-1.5229227848409719,0.18599333130108317,-1.7305894558208508
-0.5866093673032434,0.8240675138853155,5.61474851593178,0.07958122881450261
0.2485827471979227,-1.0554503553421688,0.5010717945310774,0.27277139645350984
0.051970321579689165,0.8560754055441465,1.1221766458306222,0.3131694948380863
-1.280080375366396,0.8751815581321255,0.21197454267854055,0.32690250479205035
-1.3529931129339037,1.1830345991025595,1.254432432643922,1.2875332629419531
0.1729462670744977,1.037507703118064,-0.27631445219350464,-1.0379388897936315
0.4196228325657503,-0.6711659541720342,-0.7553798143124455,1.4851795743230587
0.2365515148461429,-0.9216210709387893,-0.7944368266546442,-1.1731550838772484
0.12086667491009767,-0.9712904714448874,2.659438015358328,1.314783047113903
-1.2563967346009601,-1.1175813692504657,1.784805926139571,-1.70501192252159
0.10098313253363113,0.6692050530104173,-0.3973651748615191,0.23537088134434903
-1.0833505109641515,0.7767798127046195,-0.110051391394737,1.6307443533812365
-0.20611446427976993,-1.2319269386644354,-0.3138198493333161,0.6080852745711461
-0.6125706940183618,-0.17248348450938603,-0.07304148471410779,-0.5079665723680897
0.6055306962615752,-0.3023739144020188,0.025835681293588583,-0.8353017500270464
0.3458568433933833,-1.4080900092699575,-0.9547128677448201,-0.43106128560718404
-0.004875940618481421,-0.3086017672799358,2.958036979871052,-0.05903261866620804
1.3867649165522486,-1.1365327029262315,0.5439546066993914,0.3658754986096176
-0.9659725668548701,0.5195051938278901,0.7420169735097988,-0.9072246518841003
-0.05906534072063019,-1.6557277229240293,1.4940431981720903,-0.5117544058024921
-0.10099127839795667,-0.5331746175503889,-0.5196317087612853,0.8555272125383232
0.6201040699332729,-0.16702466888625156,0.30392224906766374,1.1643847629078907
0.17964992399577806,-0.5416151345541106,-0.28722712936962225,-1.5027015457361115
0.772440951483996,0.8530563684128752,-0.7686875936757631,-0.2703815576551202
-0.15245990844663604,-0.7767424585627597,0.5954825472088414,-1.6338702453047806
-1.1176324888729172,-0.6601720369566001,0.20099275872719602,-0.03823204726959615
-0.5165496005223661,-0.6094538085565292,-0.5380105823699539,0.32723100177138037
1.5317761505921694,1.6710503386331637,-0.06929690806921497,-0.4626099318414279
0.388735013502721,0.8208349250800238,-0.6342418357693499,1.7243001083743872
0.12792617566878542,0.7896718019209542,-0.5521815722898971,-0.3172177368661584
-0.12086002892215188,0.7179330653118369,0.9249011812857401,0.908263583147155
0.6645162755047359,-2.009157406233137,-0.19185179037157002,-0.02033153163746273
-0.9503030902185194,0.5205558998756992,-0.8213094858551039,-0.30380646447163834
-0.7370342646211876,-0.9684607342287709,-0.3086292559456152,-1.1686173348783917
-1.6980588275440476,1.6710503386331637,0.48990792361612484,0.5730461816412282
-0.3763620568443432,0.8768159121907968,-0.41491063553343577,-0.9256476581996371
-0.38078122717112667,0.9667138336921008,1.6735762532707394,1.695293772773809
-1.2551340234887343,0.9413193130853326,-0.22491619648552355,0.8859979235686031
-0.4319246538260875,0.6689193314551231,-0.37604869244190103,0.5010268833579912
-0.46214342293928845,0.5404751597033545,-0.6950469858796743,-0.7085795434452254
-0.3394790316156157,-1.2834444197324377,-0.7443128518628129,1.6045053439243877
-0.42299142723783023,-1.19008167939243,-0.7699839780954358,0.4961240641329546
-0.7354988881845684,0.754302330771671,-0.23712126791252036,0.846137709161907
0.6036875579228226,-0.44239551485732453,0.10993062259901687,-0.7444702341589611
2.580716881761531,-1.2714306304399026,-0.44411679630492307,1.5343641518866555
0.8488330825911786,-0.7225846170751455,2.352414642508561,0.4816774986177686
-0.24242768904305725,0.6536825633388412,-0.03886534600867008,-1.2853473148308714
-0.16226480805219962,0.6748641212787403,1.5098700991747884,0.9092012913538609
-0.4283715884627236,0.778601899553553,-0.8455820952994385,1.1618065716109531
0.9053108865649466,-0.7404936264096694,-0.21108245438322473,0.7524612879536631
-1.305907023897468,1.6710503386331637,-0.7304611095100492,-0.24646694274603576
-0.9630752987069653,1.6710503386331637,1.46446374818119,1.495182931730746
-0.5510533666330928,-0.6776730438650403,-0.9444820828933614,1.4441423362598937
0.6478897900603877,-0.954993036087544,-0.7042994031066478,0.8140050552645399
1.791892467478301,-1.087359477394417,0.8315345627655085,-0.9237875152367501
-1.0286852946777314,-0.8040249665303908,-0.7102311265238477,0.8535971180527673
0.43362695031964266,0.24269514206725457,-0.25963831450470454,-0.5818480390585041
-0.13742755308519372,-0.4980641815637851,0.5958854840535845,1.4296421355109485
0.8653176394801059,0.9471271676422951,-0.20815723845965842,0.5810012520102514
0.09577275395660707,0.5332143279846546,-0.7185332993141463,1.7163841113299216
1.352556420359398,0.9353249309352835,-0.905005834974727,0.6475022086121038
-0.7600594905466769,-0.7233937655273494,1.6383093276493792,0.4047221942893005
-1.0863847203938537,-0.23654189471639356,-0.19940252806742803,1.4682900802043997
0.14087081811570284,0.5970292612224667,-0.9859399670499175,-0.2080124397288468
-0.4192580168478651,-1.0736592437732233,-0.37049536602287864,-0.25732447470894815
0.41657040427683767,-1.1157015189263748,-0.00039913523144914523,0.8493755143467762
1.0736875018566556,0.8375044212575552,-0.019274378593353955,-0.14565908080685222
-0.9898488032262819,1.3849608418745647,0.4728450553628237,0.4153778273838648
-0.9892884819237583,0.8328924977085786,-0.9431478530231932,0.16105086418715847
0.9121220511338921,0.5647455396183274,0.47767568621179757,0.16885142134000164
1.4022164865542912,0.8903958937674707,0.11620939951077873,-1.2954312198203228
0.5958082467800146,-0.5505121230523378,-0.8423456334606682,0.3436582870139634
0.5067062758655358,0.7757573210598114,-0.5537242447172307,-1.4982559428696094
-0.9473315063283523,0.9119545835118914,-0.32155534299491245,-0.41791560189762095
2.1229691796582366,-1.0349591985021154,-0.8329396156633391,-1.478261576241605
0.869866007934509,0.8751517740076556,0.8576225793767249,-0.007943591998598577
0.5209899119041259,0.589747882862938,-0.04623533474171596,1.2010879422762317
0.6417992085522483,0.4457862021251915,-0.8531916102743621,-0.5356338632763421
0.2873697532856464,-0.45947058180663064,-0.7449989387713362,0.617710524012708
1.2904270505524043,-1.8794962929396741,0.5050036740633137,0.7934827798272797
-0.18525203160160492,1.3450668390262441,3.268684264247002,-1.5761402827400726
-1.5431555755064914,0.5848237113492245,-0.43958996265467554,1.7294221221388626
-0.6089023044468453,-0.9396740156953944,0.01027471151225515,1.6226054754280803
-0.13099611403056385,-1.5322997921046586,-0.21783004263890138,1.3289807356226573
0.43083614991230573,-1.0256964753819293,0.7753094978498914,1.2437127787910536
-0.3282573770965341,-1.413422580448099,-0.25798109605778696,0.5494579387947423
-0.017946063356672027,-1.3559283513900222,0.15251789282918884,-1.5403231640541333
-0.6134759598410814,0.9267420642881102,-0.33580179460396453,-0.7165929811664447
0.47513067950656146,0.8489471467790483,-0.8815583557529266,0.520926942941926
-0.8287069890301383,-1.0695660610609299,-0.4709028647838088,1.7044661254258022
1.1820680435192443,-0.6628069993141047,-0.4554504990144565,0.6138587127163896
1.2235672016162547,1.6710503386331637,0.332665398347395,-1.5767156264980262
0.4810946488623797,-0.760637678468562,0.1315283216101399,-0.8486973877891342
1.2546945789253188,-1.4053381541306964,0.04636634580590603,1.090707797977514
-1.2231636009853932,-1.8675309898398773,0.6418283612359011,-1.3301909893571167
0.012520381668352723,0.7503047012034506,-0.4745706558405044,-0.04284729348281432
0.9460186409807297,1.140958761912361,-0.6542777633730708,-0.3443913732962918
0.6065837529452289,-1.0806350984681543,-0.7529897548586576,-0.9573770355265651
1.3730076512587237,0.7268573343393713,-0.5042541314826693,-0.492730058068979
0.7823712703905173,0.9386448964174492,-0.455343795965439,-1.264849275548163
-0.7388332847234245,0.8198251974985608,0.7980506826296109,1.251016405734854
0.37585096255444916,0.8151074580454265,2.2675273889163905,-0.19858861813858522
-0.8171514778533843,0.9911571409210962,-0.7565338973900154,-0.11668777541479353
-0.3356755423097335,1.1302742132753842,0.3528525981824916,-1.3567171223723342
-0.13631710427449725,-0.8262727294365779,-0.7349520045068693,-0.8203736387816369
-0.5181445108250399,-1.6029234477362042,0.21822972866531304,-0.9745353446809629
0.05541290309074656,0.8386672656336823,0.87386511674899,0.7467701058629667
0.5365220969088613,-0.6112678338622658,1.6300939136534283,1.2719402258590593
-0.4535201133522164,0.8550313578079369,-0.7186590623283883,-0.278903122404666
0.46867968611611116,0.7001425309297056,-0.32734808119764136,-1.476958964193237
0.5526829889900392,-1.1016760912325394,0.025069258059066825,-0.9989675751236391
-0.2691026608093179,1.6710503386331637,-0.6798329429966163,0.3879988353760425
0.37681403036543537,0.6692774935534817,-0.9572256757385252,-1.6334681197079555
2.158438185195281,-0.6372440847193793,-0.2980635100836259,-0.463303708534961
-0.4396051144867624,-0.503893926590655,-0.882146376932015,1.1646268435567362
3.052275805838552,0.9361894255066572,-0.9753031450730885,1.5556638619456926
1.2780801785663896,1.080046071417099,0.6636439894956007,1.4753516466886487
-0.3459096452217135,0.23346521976051426,-0.8666983121067044,0.2877299705664805
-1.0858211468726515,0.7978445874498492,-0.7911020554472793,1.5084914052189538
-0.6228280562451654,0.6057040531110522,1.4697052457479614,1.018157077692784
-1.3603801462259777,1.6710503386331637,-0.9397530893467501,0.31507346547512394
-0.22029753922266784,-0.9579500291757479,-0.24873160227208968,1.2155478586747877
0.6954187880649416,-0.2926911244168375,0.32151944335264526,-0.29206237492610676
0.8802353148121314,0.9420006604896335,-0.8485025336257163,0.6820923718894436
-0.08585963964449722,0.7885940864266681,-0.5116143032360041,-1.4188712455843526
0.7553375994871154,-0.43889314108177524,-0.8107345549998313,-0.5202867693795787
0.6931146084850446,-0.48652560260914446,1.3668138630449103,1.537460457552522
0.9241273334607948,1.1389954023696789,-0.6474769575616823,-1.5479349573026542
-1.3649107769557123,0.5723113059185378,-0.030486557241841315,0.6235567799074279
1.2220346579112982,0.879714785212346,2.52987414204197,-1.0311544313647258
-1.131041732460111,-0.7672989876760373,0.4128547986177081,-0.3244011643744209
0.18804276881119059,-1.9070249912917292,6.65904822785289,1.687144618546211
-0.22284586860170758,-0.929683860091397,0.561350803951252,-0.6937378146138667
0.13840798528158307,-1.2299357355976523,0.7079574212450496,-0.8560038033690007
2.1464085500103742,1.6710503386331637,-0.15399739357322087,1.1422577257013025
-2.2805150775176024,0.7164072785567976,-0.693630904077627,-0.5516131956206044
-0.17084944008012629,-0.8572804407788788,-0.7359689891392143,0.6955786500827278
-1.355710039318576,1.6710503386331637,-0.9215689936066495,-0.03103047770561529
-0.07688154934220377,0.7812641940600881,0.4028868855135198,-1.565824923932236
0.16158030850904948,0.9788388969897966,-0.4319307848981131,-1.0528840637420134
1.0909080598039587,-1.531099824709444,0.39123715429598704,-1.1826006602130303
0.3027862769828743,0.794323003910933,-0.49395614424582585,0.4020830075572156
1.100543959424764,0.8438823538842452,0.6355348610613676,1.2672024383804625
1.6534571827195437,0.7607503313839228,-0.09163199761401732,-1.2337768179808821
1.2311269291960734,0.5231715827309039,-0.7998348546703082,0.9404797442078667
0.2940500450935719,1.2125279439500403,-0.5772600846464631,0.5725920509535817
1.299563910428687,-1.235488780714206,-0.8718359298570258,0.21320627939844883
0.30430072947429637,0.6926946416459255,-0.9288916737353659,-1.054350339983019
1.9191746010923,-0.9212254841434573,-0.9397572807846182,-1.569458238811957
-0.8352972006426913,-0.9208204327709637,0.08252880315704793,0.8424504510086083
-0.2422622659103352,-1.3505010921764347,-0.803089575490871,-0.41073467248905243
-0.8259828495194148,-0.6010985234272929,1.287491558958957,-0.8943438304166615
-0.17136777803328315,0.8516110788656692,-0.19563888013180025,-0.31282177724175037
0.28483941714873356,-1.2123818492146274,-0.8222230879893965,0.8947657168584576
-0.9501850490856647,1.6710503386331637,-0.619736864594055,-0.18871562144449522
0.4888059833580739,0.6023950517454445,0.21806011406186304,0.060498306349934035
0.0935185180610066,-0.401727801106262,0.6631604816227459,-0.04249225453614427
1.5522164081878265,0.8809784837158825,-0.5770151756049127,-0.7176797437529028
-0.41346646807859816,0.8294390317345182,-0.8404528485767399,-0.10471678112072047
2.2292250382947136,0.45470211749268563,-0.6038434233805783,0.41125146524372674
-0.6517728742548512,0.7822818293656942,0.545677898150598,-1.6587389777348485
-0.5376224134520144,-1.4429397174690854,0.10628466064514437,-1.320666262470444
-1.0416117460698162,-0.5191832620827879,0.36455954631609616,-1.132043587876106
1.7070407081549466,-0.4447224517073776,-0.30471943494212045,1.1968888341228885
-0.06484502531104276,-2.0277630586070474,-0.7457901402361755,-0.8285728649198647
-0.13979279455482954,1.09771141688881,0.17308726178383238,1.5951269699298634
0.059402514315220714,-0.5907469564683313,-0.9550281515928695,-1.394924559433099
-0.780833509030507,-0.8306308842261715,-0.816186570098986,0.07749141773038191
0.2575715243576827,-0.9692445496081863,-0.8322571413244028,0.41886698161772273
-0.6831511773618093,-1.9957247947527794,4.955952846758325,1.2527051317737963
0.6306225855567547,1.6710503386331637,1.3811485472631257,1.5900055466203713
0.06832128443169977,-1.3584554226119392,-0.7590664220162326,-0.4890988758768995
-1.5871068284572294,0.5238757176207349,-0.24768578793019608,0.4538169037541107
-2.270250183410559,1.073275145622019,-0.6243392827765782,-0.28723024558980687
-0.18955668839244588,-1.513216056767642,-0.8496013140584832,-1.5055039419575433
1.3139937094099168,-1.4857409467244838,0.6827685202640243,0.39590468068170576
1.3208140574694218,0.6540875391426387,-0.6590120029541734,-0.5282267586622817
1.6583762862545852,1.6710503386331637,-0.6860588995622651,0.5022151377448381
-0.09004543641561194,0.7486823162427763,-0.004642607874731395,1.4910490204798006
-0.5389307052571577,0.5425211054388039,1.701851193612387,0.13449584532674852
-0.10709516212871098,-0.4169092213056908,-0.06187125697821894,-0.9405911020364037
-0.296252044315938,-0.06684924209358081,-0.01727205930691169,-0.6322783451261905
0.7266435294815331,1.0702841345466199,-0.7133974669249291,-1.4584280244314651
-0.6144282687153506,1.106864243447744,-0.7324544427098413,-0.9172512449071916
-1.0816048454612444,1.058310949265616,-0.14745517122562554,-0.46611053867044
0.29476781238977345,-0.7200768588571937,-0.3278225559984861,-0.710099572782846
-1.1294760986435841,-1.3780870309466935,-0.9788998652074898,1.6097143177802158
0.7156355034267006,-0.6302310379326582,0.7001699407525594,0.6954584855689128
-0.28494298612081587,0.8193243690129602,-0.006641052301583833,-0.13646914658675885
-1.0147442068392596,0.9347607504888201,-0.37585459177231695,0.3439902203873875
-1.6165954366285613,-1.3308355100538143,-0.32448348441374814,0.6033886525117107
0.27503569701364355,-1.1187323125980142,0.17941381071987966,-1.4991236812918007
-0.22010965854162512,-1.1199740541404066,-0.2521223966147677,-1.0502496160140298
0.5400842781462634,-0.8232873249792528,-0.4878498030005298,-0.28335803314777763
-0.37426427508430204,0.6954038136752534,-0.8953256024188372,-0.7948648637108103
0.900200349857687,0.738965870237508,0.2719241814191947,1.0835260717745265
0.4063500916671251,-1.1537920138009021,-0.3999563447235828,0.8531159885870128
0.20803083682819618,-0.876549845059921,-0.5168484899079937,0.525501971378114
1.0243190446727426,-0.6399403559300934,-0.7816239374016928,1.097930556195922
-0.495486688452964,-0.42718911075032634,-0.6255704959417024,1.265838060205867
-1.2055222281680702,1.6710503386331637,-0.8454985947811592,-1.128784372344732
-0.27245284413828325,-0.8019467839567447,-0.317462902742916,-1.0031721146429335
0.3620339087179329,0.9840835920808618,-0.7497503578465603,-1.2010820394414163
0.585247967739909,0.6696665150075265,-0.3204007632140112,-0.4840080930356489
-0.46151149837650474,0.8278984701493062,-0.8486427635417504,-0.26829352731525363
-1.9350546506629345,-1.9110294546086752,-0.6738773009049374,1.7026188066980779
-0.6900775793173947,-1.7767180581959792,-0.45655111415729993,0.718049934629338
0.5953432539797896,0.7461151008205161,-0.7620080067587579,0.9193855263164364
0.6128154870032594,0.7988856596831568,-0.7860029965934244,-0.47987578165522937
-0.45976931073682575,-1.6386026003017873,3.816676172486531,-0.650768790057151
0.11292386568195764,-1.2377838995958594,-0.3823854169186475,1.5835832487408243
0.9627110371986776,-0.4817569384409334,-0.9386827607909223,-0.4817629011049775
-0.3830753729542042,0.7317155741638915,-0.878487989610928,-1.5277517091081447
0.40027647119465687,-1.6517633024085678,-0.664083377122086,0.9949921158358525
-0.03349714093088476,-0.7419711377491579,-0.22320022462234984,-0.3793444474491345
0.3914333869516383,0.07871425979374976,0.8135867157657161,1.4557106913589597
-0.4927387499106466,-1.1572151303320488,0.08932408378265011,0.900837939537271
-0.6803135467659501,0.6749154541658702,-0.851060228647074,0.735953512417122
0.33231055870879017,-0.8471374093595148,1.4791117505719191,-1.4667084064711249
-0.5798632613409972,-1.246241137084673,-0.6861794962573038,-0.1818204047800129
-0.9838070625919544,0.7525507923930841,-0.8377255726936842,-1.3832072028082605
0.07671616963874239,-1.4314297649723469,-0.4389826952557316,1.4806813634704652
-0.5835045655949864,-1.1507996240505904,-0.8575676269706223,1.6075574545164732
-0.6788977510715659,0.6209910208500871,-0.45644932323833026,1.4232004592063432
1.0580607332385579,-0.5132056666652248,-0.48229647167167117,0.07194934532986229
-1.1420385656530114,1.6710503386331637,-0.4302084568321932,0.5058423651608647
-0.38464280586207794,0.5320329382284066,-0.5025370785589919,1.1663793961634241
1.2697283375942778,0.9178025300859413,-0.8867970907331009,0.5571071740737418
0.8917520110582053,-0.8175404329822364,-0.5648470280776186,0.450044844944534
0.20676014620471717,-0.39188579422585457,2.055490445784467,1.585660057268853
0.10590136825126743,0.011996905931740267,-0.6530715954307649,1.1174918141434165
-0.3124491945635002,-1.2767370232855537,0.9917390970401079,1.1224219787468293
1.5649535335505174,0.8161390173252469,-0.8722854465371073,1.4330369176159483
-1.0506335512376657,-1.2770935977246785,-0.959672682474393,1.2296958419310418
-0.6779978397503647,0.7926472260452697,-0.9606851883343748,-1.720564459342168
0.7527878190190084,1.0110027747157277,-0.7696295718860455,-1.5500464565865923
-0.9488444663297962,-0.8232384953107308,-0.8439663042545191,0.00732941933182473
0.7805405652569584,0.770165674807108,-0.8504658562936948,-1.4071246512263025
-0.2495543246457082,0.7049677494114633,-0.7689961226346111,0.9221201838368419
0.3441982409789636,0.6519464018542116,-0.8563882609852131,-1.6299499397070627
-0.25622574887548005,0.795988619151151,1.0448398795811347,1.6298679669380347
-1.7960319345705877,-1.1093608030452697,-0.45096514111936076,-0.278259629207764
1.377219704643658,0.7475356884871545,-0.27058869991328144,-1.1148242978941338
-0.7117190672193212,0.9390759923949212,-0.3294524988463771,1.4965851199112477
0.4339707906202584,0.7281556874982278,0.020978505809864035,0.9053903689349867
-0.23974676801130446,0.4692734327542486,1.3230241856100942,-0.5479488801757789
1.0145884297628365,-1.4493909071352238,0.3009955114307546,1.1494488598947885
-1.2219245537781922,-1.102763318175282,1.407350650934988,-1.3632477528550524
0.05381942509937649,1.0559815750852297,2.230880463985734,0.43434563904653356
-0.6392522949067447,0.9372004923302176,1.4654400916786807,1.1346671992128752
0.6669380862588158,0.5819809585717215,-0.4895365832915145,1.2549696902642467
0.4376520445653922,-0.8647488419449558,0.015301213662001573,0.9031245324327252
0.2664826979438749,-0.9627164434350565,-0.9757873236791257,0.7534009116603223
1.1039833482199004,0.8984854695280089,-0.22575057153058797,1.7050603904717503
3.464084115985808,-0.8234364005498271,-0.7282580154119084,-0.8624681350053679
0.20616583874790345,-0.76471214748749,-0.8812075467095912,0.7565636173506901
0.2884114613940623,-0.8877622606213227,-0.4212426783671891,-1.2056003216812934
-2.1270074486867263,0.732297028933796,-0.7389255685715946,0.43788257088050436
-0.4430155698679672,-0.3890148918861695,-0.5097756450383614,-1.538153278678442
-0.23176566754666256,-0.7422871445294129,-0.8882386954578252,-0.46345737842822454
-0.9985631445800006,1.068161165069083,-0.49143387018780693,0.20142078304036776
-0.280609146748034,0.7973287006677292,-0.986652671470853,-0.39863391659234815
-1.630605546910153,0.9481198869949162,-0.8743449803295931,-1.0600967300929607
0.6546576989144839,1.6710503386331637,-0.4992976515596305,-1.119536265657322
-0.37113262039609884,-1.2604753125177603,-0.4833912825636639,-0.9295896151929433
0.38897546554750545,0.38137262987480963,2.472105700437045,-0.1442807496947682
-0.8715647716970409,0.9702108183396337,-0.5132761445505218,0.5931498415550318
0.777820088798541,0.847599425174498,-0.7374898689998007,1.5302422104536413
-0.7184114560202254,0.8488043796981264,-0.9179705100410497,-0.7268503886318396
-0.9522380624227724,-0.7936291306791259,-0.7478583262032968,0.18822718539710065
0.003928706228180337,-0.5721390207656,2.999894392516182,-1.1837337789279592
0.22495963599959598,0.7154896679906162,-0.8513833426390052,0.40045202849969685
-0.28415959435929494,-1.0943271285937664,2.4600187697358087,1.5931409722147813
-0.7836571410840363,0.964412248070839,-0.6361112157502348,-1.386973161002823
1.536845116002372,1.101153535514274,0.29961783508540674,-0.6171017564674294
-2.0187038923724026,0.3570029057869498,3.922567268388764,-1.4621953087540687
1.8883209375431227,-0.6099833505393155,1.798690929648528,-1.4937868542070079
-1.430721229571415,0.7854712127831306,-0.9513837565089225,-0.46238519870674216
0.5512226645202541,-0.36824271842846623,0.257098768917018,0.40774947538257433
-0.5450076107735493,1.1183407527747344,0.16494740013606402,-1.5508878146621445
0.3681459511183895,-1.039667564135212,-0.8164481087365113,-0.5496750042799695
0.6057813315643,0.9766782785823594,-0.7242554218021743,-1.191748810506166
0.6038760595762586,0.5578379955069168,-0.3745106236623241,-0.7672050613649645
-0.7866254361331003,-1.157016021656649,-0.8921496412659469,-0.540660467582841
0.6643567724607634,-1.2122540541444264,-0.5620247988155056,1.2040813317621233
0.055393451857772856,-1.0251326084637251,-0.4961082578456099,1.1770526896253672
1.0284984315235641,-1.4506547511108827,-0.13685698760697393,-1.2460403066290298
0.45308663122218457,-1.210700939502196,-0.34230510099329614,-1.6873448748751254
3.0377068199080255,0.3562042456246627,-0.5222335221216404,-0.29404045446112714
1.0622809985211636,-0.9980866346911156,-0.8039138603308622,-0.08147704239776489
-0.9491819765833733,-0.582001028952908,0.7148649811196541,1.6529080451393592
0.5082768175414939,1.2355106506084654,-0.6221766004247986,1.1209778494659157
-0.2292502886559438,1.6710503386331637,-0.7803630669673441,1.468273166028795
-1.300752540660526,-1.0720220915526886,-0.9398193289120865,1.430621418025071
-0.6615262663346889,-0.493373282887659,-0.827933466710222,-0.03372950030645062
1.4769789403634113,-1.129777582146654,1.4436843974298463,-0.7002741716830709
1.4478222145572806,-0.8282861102131316,-0.9044293469221946,-1.6083893157680214
-0.3103051424740084,0.8088815726965446,0.9673577660066658,1.2259491322310943
0.7645850259752469,-1.7727040063450237,-0.7759492866088448,0.4352332266217732
1.0728675670090349,1.1847663014131045,-0.8930146154534885,-1.2115618244836313
1.2199375650282354,-1.714490419292093,-0.8495486305183686,1.7161178674779611
0.573833766989904,1.6710503386331637,2.5848114388502488,0.7964000244260905
-2.1728014408958143,0.590560682267703,-0.9693832089048073,-0.5994255788706481
-0.3529518274731331,0.703864736513521,0.13441587857431503,-0.8450246663743121
0.19262192579810716,-1.2723230662134186,-0.5840996519635715,-0.12308466689271536
3.5064961708267033,1.1310025294520738,-0.7429303696359029,0.6049136785247687
-1.4316312752916796,-1.390024067841663,1.6037959314306973,1.2634454863153892
0.004232557378247833,-0.3786711075866822,2.5743442547715087,-0.38065396944189595
0.5344051818612212,0.869188313347089,-0.8709685113486326,-0.02944765527572116
0.10377524214680385,0.41877874299390555,1.2863722164324087,-1.3306928925154502
0.23414258167863117,0.540156950794881,-0.8544044070987161,-1.1754024143075528
-0.5583256991527655,-0.6332004161140522,-0.959497796895696,-1.00482376403834
1.1775600782391964,1.0267596168748845,-0.479043962610514,1.717188930608429
-0.9225299906464732,1.6710503386331637,1.6222484439673863,1.0612318232139604
-0.7975936601830415,-1.8584884468698073,-0.9642135571006218,1.3444011707533854
-0.07491250027418948,0.9492927102089589,0.34014423022259777,1.4550553975733904
0.32134166579163664,0.9110594788750659,-0.9081580480110952,-0.013256702529738318
-1.0600281198108863,1.6710503386331637,0.4000426813081347,0.6235814472877416
-0.4602890773801921,0.9928734678252032,0.22142018194414126,1.2577254731846719
-1.635542447915837,0.8240015188328914,0.07415129863393077,1.7021224028932178
0.17325676670925472,-1.6657928377914568,0.8299510047813796,-0.8777162946206899
0.21461613581028618,0.49340661119417845,-0.21429881676351953,1.1178536967797794
0.6688090034050921,-1.2299578328998615,-0.0330937034198924,-0.1734397581661439
0.1802942520559557,-0.7474618441103824,-0.2645090108208436,0.9578027765766386
0.6556090843693478,0.9902348613979273,0.005682575668178467,-0.10394438893242221
0.24114878892729646,1.0151877201278294,0.34925396569786343,-0.2946414017044933
0.023380836431732638,0.5233375679634992,0.6848598632623599,-0.11159965872574126
0.9654427654116002,0.10689709722929859,-0.23692389601219527,-1.4874263135679175
0.4377160351593268,0.9170745000468179,0.1943142334556379,-1.6328321120464186
-0.6013054045939173,1.6710503386331637,-0.9050763052691736,-1.6411020075073959
-0.3819619613604835,0.8532307924841215,-0.7571119244248626,-0.867881602620458
-1.1624271821394798,-1.021669095331864,-0.12073240462394808,-0.07859095813706637
-0.46450888331136664,-1.2812291831124643,-0.18065142918155752,1.6985656395649715
0.6444905927924145,0.4007886096235697,0.2560849174690436,-0.7783851487657317
1.2688677668563377,0.6374250522461733,0.3692270922823437,-0.9043754315684797
-0.2938321110948697,-0.1573281392327573,-0.6943494891619441,-0.6731809257989235
-0.04429256131509677,-0.5150803773124184,-0.7895459646748645,-1.3707530584041383
0.6489222800585907,-0.5484530311015586,1.2758212227974552,0.6448383994146991
-0.21599853462825602,-0.9278790137344961,0.2155436204380074,-0.8675440311380167
-1.1524323198295539,-1.550351639801475,0.42469086693376995,1.6661460859453199
-1.8531309092493065,-0.8969267029913799,2.28771897980906,0.6441993915577594
0.9629795197645257,-0.4269484987782023,1.184947122593273,-1.6147837442043167
-1.0984674598893356,0.5992773762318003,0.2303000098770077,-0.7672710422177313
0.25535019050836194,-0.8439069719020125,-0.805520008627337,-0.8262953455149328
1.6312962626189664,-0.7094227425782593,0.49275123282591043,0.20144705796188442
-0.8020133564134815,-1.0361183238320206,-0.7930730280753221,1.1189407221109553
-0.10558196151942156,1.0295436533017945,0.9055338397304715,-0.9109548706575609
-0.19347758162217146,-0.21852828012227718,2.3861941930551853,0.392797056653499
2.7763639607329456,1.6710503386331637,-0.5398787884684194,1.1287865077482497
-0.052647841531214074,0.8269733567655074,1.4339335213793591,-0.612792832168347
0.7649625291844867,0.6570289354651883,-0.8830068423535846,-1.2727015934451484
0.9726661878705615,0.963113352302959,0.6808545460554034,-1.5546070009062207
-0.1835813916039791,0.5255909931745935,-0.4374015908576591,-1.5846639660856758
-0.5086505516623917,-0.8547096293894992,0.7616146710276158,1.0722336328497495
-0.7843024599974406,-0.6306974254015459,-0.17732061582609387,-0.4268656632016969
-0.09765491636275506,0.9500924787094223,0.3410847949367793,0.11189263544051409
-0.44392962477517545,-0.8097581755977877,-0.7857435002063086,1.3392772871531295
-0.8142050559404134,-0.23546090952534915,-0.5229014109748966,0.03761250517707077
-0.32543785452592155,-1.0363489033165527,0.7128083446344724,-1.1643174381928718
-1.0171703615798064,0.8007337139006266,3.3086039658274182,1.1227589159381457
-0.4374310669409392,0.39800990016629323,0.24962422457972328,-1.331405442765518
0.9206627698864868,1.6710503386331637,-0.7774290132919184,-0.718314037359414
0.9858500416228794,-0.43971497845944985,-0.9872243838208296,-1.5702506967408594
-1.4032582985078044,-1.7801711956706332,-0.20114357021111282,0.8061350652434061
0.5122391010857943,1.6710503386331637,-0.03121342267963712,1.0305919878362748
0.38326167494399366,-0.37725269703492426,-0.4836849949011896,-0.2821798385510032
-1.6396972016970213,-1.2378741906762605,-0.5190328703150782,-0.9317838810791177
-2.281750431714935,0.8215953144093293,7.144637587899749,1.200746253351152
-1.5003415276786867,0.5697217272010142,-0.41868305592375304,1.7121245257134439
0.06767314658540727,-0.9194120432338915,-0.38135256387169764,-0.3254435767009389
-0.9283362446250375,1.052404904400499,0.7204977849326422,0.8355680717227761
1.004091971662841,-1.2755896389439405,0.2838777389185874,0.9544081425381642
1.1016888226395907,0.7732326483631333,-0.35440543063134267,-0.17963473000844754
0.5276670630492917,-1.6661983161280185,0.7610418092567426,-1.6612493331439226
-1.0334584692819409,0.4580654373627289,-0.8217166938288787,1.073756074247349
-2.432496099796968,-0.10672709759968,0.004507103570917451,-0.8618456357989303
-0.20748748967654368,1.2848335434771179,-0.8864384560980902,0.6120500362482765
-0.649508182869601,0.9252980954001717,0.4920824819689174,1.6847104933681907
-1.1206857052015275,0.7748903462277574,1.7575801299395373,0.6872749796435262
0.32096809435174123,-1.0627775894574973,0.22930366898541965,0.3510678502372502
0.5944839377144963,0.7193692243701306,0.34000193584484295,-1.6837637158310166
0.1377553722675833,0.8448509900838282,-0.9843564063726269,-0.07915546972234659
-0.16130518597520138,0.7649033502488422,-0.05253707049128323,1.3518362550678125
-1.1030563799261113,0.9925229914602803,-0.20522504108946024,-1.1911666423210159
0.11791377466182698,1.0385916543613738,-0.933057055832044,0.6612775447911818
-0.4051851571017067,-0.5799991316335966,0.3250590896274026,0.8390161466909463
-0.19985014073729823,-0.9008205364880383,3.6788357507385667,-1.332660320264308
-0.4371462144524972,-0.6394141623562055,0.09519967890189081,1.6278986392912855
0.9852779941011228,-2.0957555373587105,-0.6428872293379484,1.154921524974987
1.284117423047852,0.8278004425418438,0.29451825226722816,0.5580922356366856
0.42743435781507616,-0.9763550098003694,-0.8710544927572272,0.8448130046248511
0.19496674138911818,-0.7915721707809202,0.2515672094353998,-1.114076466858937
0.3406892851024459,-1.2489586871000804,-0.0522319359540364,1.191555189246449
0.645024173601005,0.507339603524188,-0.548279948105521,1.4693702291695547
-0.8191919677799954,-0.9944035767716705,-0.2714494531683328,1.0014466784320015
0.5200414360164796,0.5286595387126262,-0.043179997806709385,-0.6564427507083344
-1.271137300028584,-0.48724575895499245,-0.9102866651576865,1.5079148947691665
1.0310286177499857,-0.864754475539234,-0.6802828090029774,-1.1653300206816015
2.955691754139232,-0.7730037351535449,-0.6146819772246034,0.19676093340045075
-0.5594948425798144,1.259270089028014,-0.07470036946139341,-0.29475429813706877
-1.6398117358280744,-0.4718063380702429,-0.7735946572747614,0.8598765125108878
2.051921780282318,0.684016557381702,-0.7670226471617991,0.5684048568175554
0.23936211640540647,-1.129450440063321,1.599735091890725,-1.5319151658223453
-0.28973053373501917,-1.0569784768749833,-0.05551207119990739,-0.6778763797624822
-1.341055866653486,-1.2284595616362997,-0.3763835354750893,-0.6527542950634874
-0.03339813857700336,1.0518176393888086,-0.8803702349890238,-1.5067348810197396
0.867683795875044,-1.057682481674624,0.0029940472340993754,-1.385064944779609
-0.10576070783664669,0.6796629318485388,-0.27767569033451495,0.5616011616810948
-0.06366137619057412,-0.6462495520892659,0.6960865303003336,0.8832600220654319
0.17224721788158656,0.3695200457063969,0.6002918005800971,0.8612640375645948
-0.1355473310076402,-0.2942177443117776,-0.5611507235266728,-1.473996292720834
0.23460421068468423,-1.086905873915466,-0.13434763504938482,-0.12238651378258322
0.18145333770154734,-2.3291937949541643,-0.5011499371102509,-1.7133668752728708
1.508061763960028,1.3964920015050937,-0.37146194647462133,-1.2162205996476256
-0.7150358984065007,1.0569274390224892,-0.0559257026587748,0.9898618562105927
-0.9031045764258093,0.9040393984115878,-0.36868648279739236,0.267561190794325
-0.5460048122972448,0.9985654933624311,1.6001688627177189,-0.7447303857145665
-0.3582114688285003,-0.17035868454667727,-0.7033568383997674,0.959035189762109
2.3258053036715594,-0.9918682718528038,1.4063790861769907,-1.6552156746097915
0.37037836487300024,1.2753910944245905,-0.8903651502775631,1.650086165190199
-0.827121274319247,0.6227661996671746,0.07856195634712541,-1.5857042175939227
0.9374384633603425,-1.2697139825790242,-0.567043974989362,-0.905248262883844
1.9379553288230966,1.249837790544355,-0.0920679576161884,0.4014825960347869
-0.30325498043252985,0.26124161878965646,0.6397374265131083,1.1755996124504926
2.4210115122585423,-1.1056299337645377,-0.5249092180675865,0.27780909423373346
-0.882370245721966,0.7572257730504037,-0.003599383751281343,-1.1266163902869333
-0.14651058014716087,-1.4144153742182333,-0.5409662653052743,-0.3264474546313331
0.5111267251062614,-0.37877171119242636,-0.49729482579751416,-0.4706936437838835
0.40701024745335684,0.5804548543807749,2.0926014210677684,0.31138505767185737
-1.1354542735707718,-1.3497989611979961,-0.6830274389366114,-1.026923666470456
-1.1901423591887583,-1.1985507268614444,-0.2254373068792699,0.9278935806391622
0.06064286895010347,-0.5206666186719873,2.1772830374395236,0.15220497519545007
-0.9027018812041118,0.6250328508039913,-0.40502255851257346,-0.798300667984092
0.2853769317899915,1.1635669244144673,2.840393191706429,0.7278383623862296
-0.9269742154257428,0.6183622559439363,-0.6654230972453138,-0.14467732700395242
0.5673173452083881,0.6612977382661555,1.2420554567035118,1.4144717668267013
0.4404745479713851,0.47909119692009233,1.02618184135395,-0.3701814031277301
-0.7369419246364171,0.6423107311582544,0.29674563700268725,1.1157883543167477
0.5787429817381152,0.13093794965614983,-0.9103033726597934,0.06429118819206346
1.310269958622071,-1.2211165422701489,0.4192872769951461,-1.0687921072282516
0.8670107565985018,0.829721691175221,-0.8298946483949174,1.476041573167876
0.12094700958117141,1.6710503386331637,-0.8944813232587671,0.7088361320617922
-1.9212839131499373,0.6386614233140803,0.11722108579172914,-1.2231315159109244
-0.19380673648112848,0.6600303556579782,-0.5739117253453129,0.09109235512665687
0.9203665957270843,-0.7603456770815978,-0.503189356739329,-0.8473601189705615
1.4898746955177662,0.9880797493353841,-0.7628870023896235,0.6546754743252655
-0.1468855855596907,-1.535133999926724,0.6134308232663774,-0.3965252512622605
-1.174360487922725,0.35040681511125327,-0.7276631820008566,1.342075367339751
0.7646870986678553,0.9221941311487218,0.5243499858742283,1.0693104009945138
0.13930788286094628,0.6657943291969695,0.6812541150245828,-0.3972688704431458
-0.5251724420269864,1.6710503386331637,0.5920528571001041,1.1359058561131534
-0.7575488900035166,-0.7200056699080118,-0.4356406506569223,0.645921293818723
0.15262725807286368,0.2800705139531547,-0.952939163214059,1.0359673417792634
-0.16002975701840624,-1.0660188380217948,-0.001869878447211143,0.7890510530167454
-0.6256228898300862,-0.6577278936563751,-0.8844798547608017,-1.574719639075298
0.6215425678534287,1.6710503386331637,3.6093386155094005,1.3991152513883265
-1.3753153569879142,0.45170147509526526,0.3203912224892436,0.7016850015393507
-1.0846150877819731,0.7994188631490127,-0.12975314571148197,-0.9653436612234393
-1.4569913475275507,0.7662165309907015,-0.5475106849617485,-0.02235966495073277
0.43224795500021,0.9818146827569427,0.038872127608852315,0.2922096981345162
0.2659823406436546,0.9058259285464616,-0.98746504484273,1.121973466090411
-0.19329673785453153,-0.874992737094005,0.5064842675460398,-0.14672365657613518
-0.2715185944036606,-1.2011140112181489,-0.711605941898625,-0.9816643895608849
1.6764096452683073,-1.008151711498912,0.20672330248829537,-1.121259077278104
0.16473880449831602,0.6325518079749319,-0.5957973599207913,-1.4275411145308654
-0.3532821721330522,0.6483242927789812,0.6357249578340017,-0.6311519700441787
-0.7660626586220424,-0.5059752969967262,0.20351886541446815,0.8084354034903094
1.219083902927448,-1.2934100416850567,-0.617901927910876,-0.528460856428482
-0.2342120937907181,0.6810382581438186,0.04511412345414763,-0.1547404995763154
1.2150197113308194,-1.7601957492484095,-0.17993042149599708,1.4318772237924282
0.5267117102849196,-1.2145396965576332,-0.14065364042821182,1.330913671463902
-0.3416433893206638,-0.7407515990834272,-0.26271273657051863,0.0030153344056198894
0.1903462576121553,-0.8145618729615064,1.5432611707454218,-0.18596608074810134
-0.2750682704680092,-1.5794876664342243,-0.9843434782210538,0.5987681470115152
-0.9748100640265831,-0.40162383404122354,-0.5466726918512455,1.7148274430525299
-1.3176558254299964,-1.1725920375384902,1.3183144148354051,-0.1264543618359713
0.7980786466655566,1.6710503386331637,3.527916953815706,-0.054018835808561615
0.5475997743144853,0.6419855577196447,1.457701669705861,-0.5581395808760612
0.7642670622527089,-1.0369100549322097,0.2859638266913888,-0.08578231359534622
0.25306499636577623,-1.7033492872609606,-0.4406907936673209,-1.2567437411309836
-0.01958967963985759,-0.24091907077188318,-0.842804986300294,0.9792273125173128
0.9279611454955277,0.8690767093711534,-0.05630279020264408,0.55301956562424
0.13759081793337172,0.7665484087656201,-0.39353880856204165,-0.82049544099265
0.10114447626063545,0.8788006769450549,-0.8127874662919735,0.7899411320364407
-0.9489539096850779,-0.7483215365547558,-0.7201277419010509,-0.36533340984585283
-0.13811720001954003,-1.1270622687962775,-0.8832258188101216,-1.403411769067144
0.5128703998423758,0.6601809895114943,-0.6028484698529922,-1.2785012116999044
-0.21503248021252103,0.5101739888304939,-0.9686517256964303,-1.0206025307149476
0.8927046341138251,0.7742378433732493,0.628100027878739,1.1306767161857503
-0.5356159833735549,-1.069642381596944,-0.8046833778767464,1.6656145279807015
0.61648741301353,-0.7799282151901128,-0.929928090231871,-0.930858003991348
-1.4522722348983306,-1.1471378305603481,-0.8567949031265548,0.09049789734829992
0.20693672562099588,0.693377511901001,0.2751529854039829,-0.9734672613092391
0.42150688409994114,-1.3441256581773393,-0.3637067212884311,0.4383034314169252
-0.3119563315168862,-0.8787666789543486,0.5604564240855193,-0.31224371778541393
-1.7094107295192473,-1.0389585461839794,-0.6216443542075417,0.7433600906792478
-0.9291325310401982,-1.07981638920595,-0.4056021847116678,1.3121707543132837
0.41973293708639003,-0.38434952701458963,0.39059512926253925,0.24790994769205427
0.49697739843720506,1.6710503386331637,-0.9587889949620253,1.546936824195194
-1.8718042325813555,0.6783861517644167,-0.20447386599354836,1.2448652181693591
0.6891486575979916,-1.1811901970537333,-0.9021177432745677,0.04321908281960129
-0.889287084249472,-1.1846989330584634,-0.2310391838962473,1.4948379161432181
-0.03266969464551128,-1.301148442855824,-0.6893361419246724,0.36225842670594155
-0.4143709943419669,-1.3435706998710286,1.0402569464521472,0.6730927632948939
-1.3036108567000022,-0.8503773480240338,-0.6341431152809928,0.1884992657731102
3.426772237368175,-1.2567836170322744,0.6757360007914364,-1.7205054385653542
-0.14855183241787162,-1.5004153123201167,-0.5724679424346587,1.2678668034273235
-0.477711592631074,0.8017760709234647,-0.6251706827502789,-0.6805381230456019
-1.5057033849275827,0.7453168281657397,-0.7903928296406473,0.21956403374631125
-0.028733876697589374,0.8103858013472924,-0.29808085961413294,0.8177152318414179
-0.5282116596924765,-1.039279300541434,-0.9593632843578155,0.11809097950353285
0.07054258859561369,1.1021588052048612,-0.6316988855317812,-0.23912320326312572
0.9225178871195976,1.098976310980549,-0.11871875804327119,0.8938569123214689
0.5346370589514566,1.6710503386331637,-0.3833796664215139,0.4494169658098235
-0.25244882423802734,-1.6991745903783284,-0.5955135476610065,-0.8107414573282057
-0.868848810452438,0.6211219062086034,0.01188717192935088,-1.5050259316063683
1.210881977429094,-1.634011114251326,-0.35734985899758637,-0.7154724466813225
0.955071421365267,-1.3888592500455421,-0.6355637610639535,0.8524790340438722
1.2776189005375809,0.6667443722215082,-0.13823357010943507,-0.7659021878421561
-0.19658483819723221,-1.20581636408529,-0.3479601538376708,0.6652716617559551
0.2670877435422782,-0.9861012904554901,-0.05647657105837541,-0.08552644174825821
-1.6332057658527763,-1.04328872912866,-0.2458615021471594,-0.8082806546846975
1.2690218754859615,-1.2276228098681616,-0.4223020757606743,0.5018496258443946
0.4417972927701582,-0.5845500631685194,-0.6941383584564483,-0.19418208534868117
-0.20402498456660514,-1.085706494456899,-0.4467450903411354,-1.391735117214489
-0.8903728411840153,0.8342270601686269,-0.7985126975789606,-0.1830327050230226
-0.8771718466774064,1.0365898163041731,-0.4058093892863891,0.6721151780622626
0.33741315122613375,-0.8482949367033046,0.7754431510229886,1.2152894674258712
2.064130554949947,-0.6362842079385302,-0.5491007952644881,-1.0761784033862494
-0.18992333309315512,0.8555002496828306,-0.8258726678691742,-0.32484140281555557
0.20404176784499353,-0.9261209047229646,-0.3561530457831359,1.00741283503738
0.8197153225109547,-1.491771646431314,0.31059339481633674,0.6016011237730927
-1.1245341207321073,-1.2306604513519144,0.10146992329758471,-0.08768766076958677
-0.2674559616594764,-0.7720771076328949,-0.9107918286456749,-0.845988992562158
-0.2264840597502628,0.888502411387553,0.16194966070994798,0.31222770756353174
0.14383028144046217,0.6306032745812508,-0.9678525179433188,-0.2805968050569201
-0.43436607720438747,0.6065836897921034,-0.7904715618639329,0.2533639552096341
0.78398948067379,1.114561848704071,-0.3441465779795739,0.8560155863505106
-0.21825990194792513,-1.0514339946280935,-0.6997573534953212,-0.14609106471763836
0.7408996633001913,-1.545860847926749,0.04560640810663418,0.3213021056492762
0.7363794174133069,0.6212059530044084,-0.7480511051945199,-1.0743252620828472
0.8081247797817448,0.9245487932312674,0.4893894922491116,-1.62426433467532
0.6227313639562458,-0.6226550515276956,-0.8638352176822661,0.4013894645438263
-0.31047387663847353,-1.0134330774719327,-0.6352198354932294,-0.07454612771344646
-0.6081291049288543,0.4352625819289441,0.7502753528383156,1.6098489192378918
-0.33016673771791016,0.5980472435691648,0.5990647875828026,0.8221015034676129
0.8143546645541095,-0.5712126394869528,-0.3545472644242782,0.3392472245045055
-0.7753131947102556,-1.1785212390378563,-0.9253447302918031,1.6460461204969892
2.6581807584226373,-1.2318966417002608,-0.9413630361169807,0.16868973614437685
0.527690688140586,0.7380368676067998,-0.5549519823927213,-0.8748949155432766
0.7124356291062836,0.5131131587347351,-0.30399475487772354,0.6044204239658859
0.3282771370862876,0.7863302589572158,-0.06564205113139679,-0.09680771269807352
-0.5539517969591202,0.8456059688562605,-0.4438122590060772,-0.0471606695026621
-0.3662593136548803,-1.7646527852305394,-0.9380233404473277,-1.5886244730519798
-1.3234718329045494,-0.1811723029256899,2.2962054821475713,-1.6214170621327546
0.8488816048909448,-0.45935848595223033,0.9890706845216445,1.579826728804551
0.5829144958509639,0.5039352064710808,-0.9118013555842172,-0.5281918101625104
2.6010644926778745,0.6024906658702212,-0.5593849174849359,-1.5434152190020098
-0.30102699852268583,1.6710503386331637,-0.23566452904152074,-1.5678892590877138
-1.6696599785339328,0.5615933432422056,-0.8614252327489622,0.8756883750533858
-0.2311139406120965,-0.5414570141423547,1.5425768517046439,-1.1994642375112972
0.08913083104776567,-0.7584383622466165,0.4867794273530188,0.8438019931230729
0.13676073569865477,-0.506428342096735,0.6711700240888561,1.4745313125322652
0.647563398966483,-1.0450185115178339,0.29310763257114314,-0.4377049891484226
-0.4170895044769972,-0.4117357450594921,-0.0690573001677362,-0.9946449512887923
-1.4286349657401776,-1.4430929094811438,-0.8015017469017081,1.3115289114201976
-0.14903620369827233,1.1247786655114382,0.660769235832321,-1.1604908308065494
0.3886873713504457,-1.1084986585802565,0.046759810654165145,1.0765621803269514
-2.197111178460668,-1.4934269640001343,0.3477184551364744,0.2288535023720488
-0.5647295689091371,1.6710503386331637,3.8244506087404164,1.2146644588968654
2.6487921253574047,1.6710503386331637,-0.5433641235839498,1.2643210311973103
0.924274098951604,0.6497828117623775,-0.820429132311497,1.1537805335472813
-0.27363765886062213,-1.1972552099040503,-0.9474372281494912,0.791436610004734
0.947323799291742,-1.4863928229849217,-0.8138135752141814,1.246617198416513
0.6293085898722873,-1.0482897558857531,-0.33876133294040317,-0.40617424655518025
-0.9371177646322918,0.252485836252601,0.7612157158325106,1.5013603048479973
-0.8105608804055828,1.6710503386331637,0.04680535423136799,-0.00325076084985002
0.7522821180933934,-0.955991916805782,-0.9509757310431886,-0.786390628110659
0.3686998641814671,1.0857737664539369,1.6645638561206493,-1.0073311824921594
0.034183692962281145,0.6485345033670147,-0.7553657788580632,-0.026950668944253797
-0.6256189523820006,-0.5464045185066032,-0.9692154002857334,-0.9545840791472587
0.9776904304008757,-0.973260300891905,1.3832136185494042,1.1430620954448745
1.3431588696914483,0.4656250680206812,0.3732910290518738,1.531114941399239
-0.1650458775604208,-0.9086926750516275,-0.9060428033457353,-1.5855866734575144
-0.0741313410549656,0.3306312117447346,-0.4597911656048301,-0.9204064394767179
0.570895782697989,0.9799363949275739,0.96407150779523,-1.6007311793681818
-0.7708419035903045,0.7235121715181185,-0.39173990555710236,0.4169154337575711
0.38771764818335797,-0.8175555953206018,-0.6366595478854379,-0.8767814708157513
1.0041810044336,-1.13231875083162,-0.5839681545598212,1.5145787977751328
3.4445077519918095,-0.25569086390952755,-0.15774190795736573,-0.07846351236886705
0.1799472289866477,-0.9956491325742363,1.8129520001214365,-1.655946396590541
0.9982658934480255,-0.7303893200853281,-0.4656380701661058,-0.43626053214799354
0.18214086461820833,0.7363671944222525,-0.8798736121123683,-0.5246330261729594
1.7582958820943813,-1.6012323327359517,0.014137714294014479,-1.2380936496709263
-0.029425961100643834,-1.2751391667307777,0.021574933475738627,-0.0022168685606270364
0.2509571952375919,1.1624519397685935,-0.43314086082936937,1.2650806665806464
0.06451638761897291,1.6710503386331637,-0.7146499562336749,-0.786293560431893
-0.3025757368282828,-0.5802373251400847,-0.9258713851653869,1.553495031120805
-0.6558193478678612,1.6710503386331637,1.4498700013074486,-1.272444212058
3.4442240852906925,0.68877340486981,-0.12356195861341113,-0.6038495858763477
-0.3311444972531619,-1.1064832278669698,-0.5583585987283021,-0.45335137827361893
-1.3326000426769582,1.1545642740235287,-0.7660373576528259,-0.07138471597802465
-0.3482976495970359,0.8157022048212645,-0.7113206003903193,-0.4040150618719591
-0.09310647243372705,-0.5055009079733563,-0.41877548869333986,-0.30437623453811014
-0.46694348850710304,-1.2150034995968007,0.4073656135785365,0.2069487706054213
-1.4836793904529957,-1.2781288066270986,-0.23383715173414107,1.6211651755509398
0.9687929682820279,0.8699465011940758,-0.5006190223723138,1.0974008533046726
0.6403518204988402,-1.1040784142200615,-0.9753486451800771,-0.6546563818023833
-0.5786332971850175,-1.4393809311633299,-0.13066676796178145,1.5323793900991811
0.3899822002608456,-0.6110226822655399,2.3846203988566086,-0.9362425921808197
-0.07480485339776802,-0.9411458120779531,0.5173179151276097,-0.4463022620049427
0.7790577396925054,0.8504376546664353,-0.5783951857042562,-1.522588384428718
1.4602158237341645,-0.6843406011573901,-0.024667849342320438,-0.26370836672084613
0.2581642886847066,-1.0745449935838416,-0.7579775420366962,-0.4193985868831203
0.7912327737449976,1.019579142071113,0.7137577755124361,1.408140700549162
-0.5608134278397535,0.6930675215273187,-0.8703788519917526,-1.364144491583545
-0.3148598774825426,1.0360433461930119,-0.7424245449796493,-1.3070873513993333
-0.0593352230117067,-0.8995583917597202,6.093520942249853,-1.002317463145237
-0.15320940967602434,1.1437858996188095,-0.9001231533114962,0.8651875752635472
-2.162635250510715,0.8843892594892394,-0.0491674805844545,0.9161681357009384
0.11786676546738259,-0.5723552332960605,-0.892666184451578,-0.8668018701757542
0.9334867267688234,1.0202088919625312,-0.34219409063739326,0.8370893884986406
0.8623853285463086,-0.7983176436401184,0.4715130847403919,1.6408983081683444
0.3298548615232823,1.6710503386331637,0.15182472605759992,0.8541731309273051
0.7381847597464384,1.2439072477956161,-0.775244142034683,-0.9181506428431783
0.17227201545041662,0.5771832534166921,1.2766591604565003,1.4015785630646596
0.12018380217123441,-0.8718947873300243,-0.4911745163450904,-0.05111510547967019
-0.7352187113414619,-0.7029895671690085,0.20546557769649154,-0.6566642928476518
0.4004576724208945,0.297054024972455,-0.7642098785924561,1.701530915572937
1.6764662315812318,-1.0638691121078951,-0.31784578735543306,-0.936242827310812
-0.4887993994788898,-1.4627265260124154,1.564457776395537,-1.5280175150872386
0.009716035442219056,-0.9461003790555017,0.035524829177108364,-0.29821788382689207
0.5358248042556722,0.8973490667530253,-0.7732030196370538,-1.4754609439568886
1.1582323949798625,1.6710503386331637,0.21665139858203417,1.4711208391713184
1.149480859280519,-1.2569948819933412,0.8986786982520407,1.280228927332874
-1.2096202096997302,-0.9573266789057752,-0.5032956480342626,0.977876265073284
1.1504804075321595,-0.5337475573855698,0.013961432755977162,-0.1493919211435789
-1.8942103829266776,-0.9980310304129999,0.017358106034892035,0.07562161407217494
-1.4857505030835745,-1.7360085620981307,-0.4768395081642283,0.2916623244046359
-0.08060130554683793,-1.0798035326952111,-0.2543344582655098,1.0259040288690693
1.6938498116362875,0.37430550039400484,-0.6059678723535536,1.2025001166098674
1.0786737824750905,0.9010965103347851,2.369939001196662,0.9955341465069704
-0.7798196931654986,0.9277359958883324,0.9882965729441565,0.8124104388048343
-0.3191831847999372,-1.4884406002611286,-0.6319773957821423,-0.6163901991905869
-1.7806546897699504,0.6185199854085492,0.3528847374453429,-0.23601203948858887
-0.5018670399768227,-0.7729852726522403,1.3440114630193216,1.1273740698046784
-1.9172063878305734,-0.9313381141543887,0.15239791941877048,1.3910388146813695
0.9139456034608914,-0.5950107136703205,-0.5298543666220963,-0.6393737791213001
-0.38583056188391035,0.829897411710001,-0.12082278486250711,-0.5832921472104067
1.083512735354121,-0.32381162339260694,0.3484912486239042,-0.39189975855525416
-0.2719010455473702,-0.20320676920319528,1.534361068165466,-0.7906056652378688
0.14018757114861188,0.47244125298710726,1.3307432001608255,-0.2986589786092438
2.0710445747636284,0.6758902850578905,-0.49332751029583244,0.291053432423079
1.0377885352918916,0.3180528693500309,-0.695851445713854,-1.1716413235044103
1.094699565576523,0.7983561690021701,0.19443116923739603,0.07874317782906598
-0.6380374903968835,0.8716630581246988,-0.8185404751548863,-1.5419686927340663
-0.7914511994892598,1.6710503386331637,-0.45750624579235794,-1.1734759634840028
-1.4273262063681718,1.6710503386331637,-0.862662221563452,-0.6513760138082177
0.2838294052399796,0.8458863771635178,-0.8339900898365625,1.364976747037278
2.3694533856610978,1.0283688273159632,2.3497178099187046,-0.39405666462061967
-1.5484482405210718,-0.7016038170257626,-0.9712851296852826,-0.9925346980320457
-1.0693269112439425,1.0904619728694522,-0.4772282109579097,-1.2629691058805317
-0.256243938972113,1.0908545736383248,-0.5662902000104081,1.5678858136270124
0.0027911028524250743,0.6328687762470225,0.025035877433693052,0.3642202651232384
0.14852938145752548,-1.1619801012474238,0.7631274569133334,0.018643188567980827
-1.0497662733751254,-1.0258473902178202,0.8451376154703638,-0.9607769897409788
-0.49682166919565807,-1.3187331376318154,-0.11776603956461358,-0.157616149258495
-0.4602327934600567,-0.7774140650680532,-0.5285810276520003,0.327912462904833
-0.7862305828285537,1.1232056053711887,0.2766247734583618,1.4524514289910477
-1.1945408573583989,0.7511386081035422,-0.5780693611536805,-1.4269242571545597
0.1756108663912403,1.6710503386331637,1.7407990328005902,1.41677555084134
0.9723022679334141,-0.8996342314182814,-0.4917816824375423,1.6213812225919655
-0.113119362916842,1.6710503386331637,-0.3403870000630878,-1.4318617218890752
-1.227887176903405,0.8179182481870516,-0.37178638726424745,-1.1536020729375562
0.16876634304707092,-0.27261692369495794,0.25725536644504,-0.859848246877578
0.4074016603130452,-1.1904151991118082,0.9909408549981612,-0.6553830578172372
-0.28975972115339815,0.7831000067355606,0.5686274628899766,1.3793285954602568
0.3280599155732549,-1.1057024407294618,0.05645470865196889,1.197858132140576
0.5084395549820591,0.5380260139473226,-0.6327873456488756,-0.1418992564472535
-1.0593185948940567,-0.5815012961494886,-0.7412721115375477,-1.4171079288723858
-1.962865545751064,0.6820040633448512,-0.40187072082171016,-0.4380614296403127
1.6619014644087973,0.7399556412327822,-0.7964701640756954,-0.06278531039648494
0.1648786622123645,-0.991321077517185,-0.6490795949431859,1.3437293945142514
0.1518619055000524,-0.12182633002303897,-0.5626212759547408,-0.317791323839563
-0.29137606575234976,1.135529924104878,-0.15691416534686922,-1.1228123145190494
-1.0527092538101932,0.7191294578801825,-0.12207287352566862,-0.9834196251611446
-0.17108535015661322,1.0175740760430334,0.2993308804405934,1.4288016219113477
-0.09339078703466844,-1.7335809884243658,-0.7169562916484647,1.4393693040144735
-1.0987406520778626,0.9405186015044728,1.356778203495606,-0.9687989599373583
-1.0530246972036001,0.6473967862849407,0.3967254555248453,-0.11556285147615207
0.08283785176446046,-1.2110920896268131,-0.2580267712488227,0.9265408597971282
-0.8349374798249751,1.1614150594488202,0.31354721858295,-1.6984711689075231
0.06158192853063026,0.6865382771388342,-0.7693683288596375,1.4858620444445347
0.7845838777241677,-0.18619776802717258,-0.8729934418346716,1.467849241992191
0.7937389646654667,-0.21614546364332732,1.640877654644387,-0.2552348795432785
-1.7940190411026535,0.9165404795485491,-0.9507267646401252,0.3696649519700233
1.1241251137605575,-0.7529737375083639,2.9247848437020547,-1.2417044109115596
0.3217162915224524,-1.0354144783660537,-0.570829366891637,1.4429007665438944
0.6653457134619074,1.1990561072000663,-0.07439895258332321,-0.7044280695886999
-0.20215359003908653,-1.628320434505885,-0.8234883739745116,0.9672306931921796
0.9994016624498561,0.8858070590780281,-0.6860304735927147,-1.0594059584775546
-0.33981452226863235,1.6710503386331637,-0.48428488135649206,-0.18968845248052488
-0.673139624902217,0.8171764158558886,-0.7573452118378617,1.2878935283602015
0.398915353092362,-0.6446446544600818,-0.31561009463765605,-1.0280124327937004
-0.486882564480248,-1.5395507543519884,-0.3553147855139936,-1.6192380183121646
-0.6366650839741016,0.8400261639381037,-0.28181512690682786,0.5050297417161068
-0.4251513789064271,1.1054564633561048,-0.4565519032754348,0.836989051258371
0.626960327026795,-0.6599376406457952,-0.7379846626959349,1.2398203940099435
1.8059716313845733,-0.8832769856997386,0.07644780203168748,1.4667568541963845
3.6110672445564673,0.7024674688625102,-0.765147725540298,-0.6108529970089525
-1.1227233844559215,0.279674539087051,0.49374879563154656,0.8512420259424784
1.0790487201780077,-0.5759221372923679,-0.9062764411191714,1.022038255703773
-0.3510990774776466,-0.8388605101072218,0.03963975356249348,-0.6032907538237318
-0.3906921321130681,0.8773502865924493,-0.4068713642576404,-0.9791929659418943
-1.8176306697607318,0.9392492119829501,-0.7042250321076112,-1.2292651668972883
-1.001882320977652,-1.3547841493386663,-0.6007558114099656,1.2614110945012675
0.01369373019556846,1.6710503386331637,-0.5285102675038266,-0.8841848631106454
-0.28287873336635144,1.1279155627671738,5.661260087540991,-1.4413466822249092
3.25623263747115,-0.4725478194867479,-0.9079721720269448,-1.6047965392634607
-0.2233930670546442,0.9496233117632762,-0.018637516672362738,-0.9319972977560586
1.5665026073308237,-0.8546958345530021,3.214425042480312,1.0502401229609981
0.16774408153916534,0.9629530135086346,-0.8642616411918617,-1.1963190677503435
-0.834870444980763,1.6710503386331637,-0.8450474382153347,-1.7027471216508459
-1.753653304862421,-1.6101696133149026,0.2955089078600877,0.3438264697758012
-1.192125100296794,-0.6631428172064339,-0.4166291846417436,-1.5113498423442215
1.6341882211226706,1.6710503386331637,0.579059455198253,0.8740135881932464
0.01502592148860818,0.7773223505271545,0.4541999515142576,0.24499485860007902
-0.9712609784468788,0.6826243967255735,-0.9500171813986334,-1.5716411756336763
1.096692000748326,0.9028403741274745,0.1801171823572012,-0.7859499751818005
0.6000718800660818,-0.8184108197649402,2.18326506128758,0.15304346715048636
-0.8127049144829096,-1.0164859323802697,0.02968375553817716,-0.626981882373323
-0.6898112994878064,0.8189796959642686,-0.8791337153754633,1.2584517310180163
-1.8855881961938634,-1.3831680731305849,0.8447282558542444,0.38671324239271565
0.020357107903075045,0.88697482749081,-0.3149060488032411,-1.6267285308241612
-0.7292274245596495,-0.9219283959663382,-0.0988819687056274,0.4344702066396367
0.5965912269470435,0.7221936864091049,-0.9335921590614595,-0.541281420226863
-0.826724066481504,-1.302257089886743,-0.39720533003264374,0.10320683790443515
0.44259077193822416,-0.13387514052940147,1.8767300955451178,1.639769492174246
2.6807742147093063,-1.1932311425555688,-0.8884226181680059,-1.5688649761786633
0.30973633697245084,-1.0099199841856068,0.3208008230455296,0.334638504107053
0.5665697509469261,0.43350684685087276,-0.7297227439891126,-1.5944114812861176
-0.3477506836730685,0.9467713147064792,-0.88799475084204,-0.8908858947425198
-0.4627140982914107,0.2622750737894785,-0.6834356126816346,-1.711847553283359
-0.18309023332467972,-0.6396276375637396,0.14544926989081716,-1.00870363549864
-1.5072044889255996,1.6710503386331637,-0.5597340153081308,1.4666409340008573
-0.34451075538446074,0.8373171675631604,4.135696753341704,1.1831244334135524
0.1965534264661695,-0.3835153256283652,-0.3588975630200074,0.6663645242305516
1.032928482661945,-1.3599175257343632,-0.8745241922013527,0.9285768110637567
-1.6737053492357268,-1.170336862913491,1.3078354009536337,-1.273378962049625
0.9774398991821451,-1.1569524380130387,-0.6658001832886352,-1.3429450271053145
-0.7910134288537183,-0.7719010605102609,-0.40616587205313803,-0.3895437318276619
-0.011421484967946914,-1.7799796933102694,-0.276101291409613,0.5238068161210757
-1.0418098408717655,-1.368911001196217,0.6150536551526861,-1.0404564669094036
-0.381645236592154,-0.25648412381826063,-0.8913415282941765,-1.2987371346728533
-0.2252865753525073,0.7199965712936764,2.086490112670595,0.08807796193261738
1.1406961781319764,1.1749175697882925,-0.4755980851843505,0.022536143157655043
-0.10322362484732804,0.7081975385767357,0.03827214337631093,1.6222605602001663
2.2359195841693134,-1.1349653004414961,1.0826926631544462,-0.23839715071944778
2.274491572698075,-0.7313882390213722,-0.72918712428749,-0.6652750461790441
-1.544727419501581,-0.718923879043529,1.2096622187410921,1.4049894712245008
0.33658072714722664,0.6176515314183679,-0.28820129395435645,1.2449550816963344
0.4589971520936109,-1.247703577673238,0.6123823883707833,0.3002116507200596
0.547023553767866,-1.6106486396777298,0.31764359332642683,-1.7279331876024362
0.07512198600054981,-1.190454553367592,-0.6782705906213667,0.2343414843272736
-0.25321849746594516,0.16119139290871762,5.12856588898915,0.1904780950917496
-2.2903562909030732,-0.9252583691291488,0.6314342146165157,-0.2407220217138624
1.4913537452704861,0.7700642749160772,-0.2939560850761004,-1.636905958788477
-0.12944546307693255,-1.6105644918216722,-0.8336105919929403,1.0053916800509533
1.490143542193481,-0.49529133954550336,-0.4740170128539393,0.8082029785396179
-0.24934617143578863,-0.7185594159123119,3.320394453705514,-1.1181600576381514
-0.17386725456938149,-0.6999763000285327,-0.46551100302576265,1.1015928385033407
-1.0558282868994133,-0.7365113608582939,2.7107634889505374,-1.5767768382943674
-0.7233494738441011,1.0293240529013927,-0.38519659190421585,-1.3691216034345706
-0.5782895225985593,0.7839944404468888,-0.9311503552151195,0.25788776029873617
-1.1485526086317444,-1.3224644569682809,0.09147136966439255,1.0019493520312586
0.23752881217584365,-1.7081163109368083,-0.38331228720957244,-1.6842216996515078
1.00047023032715,0.2133616687610387,0.03869575647573376,-0.5514937402672719
0.4422497477866661,1.6710503386331637,2.697438477325379,-1.3424612662075173
0.32594995042529396,-0.867896076935662,1.7734349983704716,0.356980511133844
-0.4438022327266871,1.0344527802522245,-0.15616418360748102,1.5687255323968454
0.5368082252748684,-1.0732168766481105,-0.7039002880793107,0.6230793597146734
-1.2328788015497134,-1.118981740542374,0.8728009927665282,-0.5831264665119285
-0.12854333526950357,0.8189353078525667,0.41360736859229325,-0.6818726717771104
-0.3560670562236138,-0.571527535843422,-0.819443852850588,0.6369416026360382
1.2860389745278136,1.2259177773033054,0.3587471744703758,0.5923906170175717
-0.5191416393488932,1.1906012292199557,-0.3454464385010621,1.389474416006104
-1.1728302163917779,-0.8687910893276343,-0.2549805688961388,0.08642438974564486
1.1891769048086105,1.041553984346829,2.1876674187775556,-1.6873395596386411
-0.07475645731628781,-0.8770807864479525,0.8102041188302893,-0.8258049088151397
-0.0639182487309666,1.6710503386331637,-0.7672249083719677,-0.6843980085189951
-1.5615194848579543,0.5256620294147432,0.7049329768353461,-1.01719920684648
-0.6552331257401177,-0.7525467772054399,0.21340025944818097,1.5684018306950476
0.5218180457502685,-0.9374637058004427,-0.5016723146029999,-0.7735561330507186
-0.49746468790316917,-1.2468539468497715,1.234322669907235,-0.07627096282347914
1.3347053587950204,0.47674686017387974,-0.5665954066862074,1.7144591973361183
-1.312911126986794,0.9726894492937505,-0.29273537612750716,0.05748554926207679
1.8718091636057124,0.6693216625367057,0.04869695901230207,-0.29691369005412566
-0.2685077506434945,-0.9331293066698808,-0.3202167605233374,-1.2123133253500507
0.05089215640576779,0.712044181845481,-0.7772596899776082,1.149634312905788
0.08857544981866858,-1.465767274361863,-0.026558203963505816,1.6230963106639296
-1.3153240791720362,0.8704788684051409,-0.8822913043708681,-1.5170219072792532
-0.16802333347988696,-1.738196038481836,-0.8559363519825067,1.0295290454058887
2.269752011026092,0.872277021564449,-0.8589929972163665,0.16716719600554572
-1.3980050167582272,0.9889306159901909,-0.9394955573046675,0.5254645049822102
-0.032536008831520094,0.831693873908567,1.2764054827471976,-0.6693756890069429
-1.6522318360938513,-1.4304166646008232,-0.8309207560743338,-0.655814812921241
-0.09524410814419712,-1.0391436114666461,-0.3591020740607444,-0.7497044169751765
-0.2848896374838983,-0.633502131901312,0.24064724317869865,0.46393265636983044
-0.1835713047546583,-0.010340018515712776,-0.7641095103243316,-1.5791124154305949
1.1864492818207955,-0.9722041439796766,-0.8009763071159401,1.7092174212345626
1.2170081467341163,0.9715455758423455,-0.3592389274059764,1.200357188121354
-0.21866350143894675,1.0166749992685638,0.15576329744373676,0.35068307517047986
-1.9480907333127413,1.0118623239421434,0.29271494157062444,1.4202349375948051
0.14092822243819794,0.7970617961384945,-0.3578635789368106,-0.9954902986843276
1.0633588331148955,0.9388696035269304,-0.8052847388557649,0.6524628421954464
1.1928542061695402,-0.860987307469191,-0.08591081898191323,-0.9771011584650139
0.2597882220888778,-0.63979837634716,-0.5940929653764219,-1.0048058365935217
-0.548746026284617,0.568093617982469,0.7745304564413124,0.3591148683318848
1.6399504759587404,-1.8682122058188384,-0.5612431393876256,-0.694845748512532
-0.33162570835232164,-0.8827771751193141,-0.11623786474526873,-1.587417717143663
0.3038641498098622,1.1005706486431115,-0.4102681650453956,1.397590596291512
-1.2836674999309452,0.578645829019748,-0.8518802690762349,-0.40818956474722107
-0.05527406562432697,-0.8039440791305726,-0.7994672223596785,-0.7959742944966655
-0.1379762515240274,0.47990750375316704,-0.43138402171978446,-1.012039817099025
-0.5775370015049305,-1.0577405050705746,-0.7543475275553775,1.42436457019803
-0.8849092640264942,-0.9579686848561211,-0.9761650774098323,-1.7295958405264897
-0.17172107413929363,-0.9425353740411345,0.23115690568617642,-1.074442371054163
0.10161019491770817,-0.7033213338246227,0.7959767532004839,-0.612805480524941
-0.12520802811637932,-0.6354253987253261,-0.57184835116888,-0.03411156044388059
0.7281474566515836,-1.5631284888763075,0.05034164296152709,1.4975027158986711
0.6816384529091126,0.7536670979250016,1.1407329647698035,-0.06534224029534258
-0.294213569587038,0.730618362460378,-0.11703382738424267,0.32909644493241547
-0.04188952766670309,0.9520322376329237,-0.3255623384546133,-0.1194754657121498
2.753826904421109,0.77863034943986,-0.24355975381120884,1.2911613745872756
0.7673295473011003,-0.25634559349237857,0.7172643838833427,0.41017676575123263
1.019103909878938,0.8755934947384874,1.2614078814521679,-0.29923127947288153
1.228736320157675,-1.0616965705431516,1.271378364284805,0.7398506346038611
0.1023680998519133,-1.2409458704927268,0.22079254770072373,-1.3731716780615413
0.11936159210136096,0.9269981522883385,1.7616100448992686,-0.2788001517280302
1.1925053441601203,0.4066841898240078,-0.148709562947067,0.9159543312658748
-0.4047580332657221,0.8079622793287624,1.774523071540273,1.3106788378961742
-0.6318319587737106,0.7397848687081203,-0.9657464591720457,-1.2980400600103932
0.3754111365618817,-0.8525834970025621,-0.8744904001421779,1.4609991445384765
4.014072563899219,-1.1080024841050946,-0.36348764501818326,1.6092119567163827
0.021451535387051454,-0.41090768243575077,0.8577409673511761,-0.8434288286017939
-0.2608330481364858,-0.969133304434211,-0.43064573354851615,1.1938225839426917
0.5028650609013293,0.771129039408003,-0.10551927217877426,1.440463226054401
0.07475907680555746,1.6710503386331637,-0.41480215850738167,-0.32101888510771415
-0.40122402680070857,0.8633757183755812,-0.8943164694058537,1.3163689231358502
-0.287598679017323,1.6710503386331637,0.3889352439093991,0.6743762071812072
-0.05998098304677255,-0.7345922930058342,0.1986948994812811,-1.5208529733852008
-0.015703390923358738,1.6710503386331637,-0.9761149267406631,1.6795472395156668
-0.23536646545897166,0.9208133738539857,1.5392650121875884,-0.45852685995599257
1.347028626572437,-1.3101260381906374,1.3294618428137175,-1.6157143194052168
-2.1684815561273068,0.636186916170286,-0.09597347341730837,-0.22203769860738923
-0.30831622329195035,0.7831555144816661,-0.12999380407263478,1.3488127412714566
-0.09064286833124689,0.6561664336938395,-0.6312264548308032,0.4146037164527647
-1.547470404152336,0.9275142128075973,1.3881220307455295,1.1584310463945844
0.055258929010668874,-1.2758990468536064,0.08584526678951372,-1.437010096970244
-0.13661789718954032,-0.43589970679047646,-0.8591977861291544,0.3697157220380377
0.603888657893543,-0.9853407323424002,-0.7270092893556984,-1.6468798232724622
-0.15392615064225118,-1.0045813444869882,-0.5042062564127282,0.6206826945901882
-0.7319442023856023,-1.6639965598089728,2.66329740929261,1.0318690227891432
0.9321763914173057,-0.9883327650526302,1.799121253068127,-0.4243006852315203
-0.14569832649123357,1.6710503386331637,-0.024957621656948818,0.09533140852687723
0.20921210214503738,0.7023156722838054,2.0605935525900554,0.3697332339530677
-1.4608423591033037,0.8436112707755286,2.7477280060287477,0.609571131544305
-0.8952729804416423,-1.3805815979185279,-0.861718679590202,-0.19911330227708185
1.6083567101940146,0.6415337210148702,-0.9647970473899159,-0.6097859127084541
-1.4272571760998443,0.958794427816,0.5755877937739956,-0.006119814019481473
-2.2608431559809206,-1.198532639862818,0.8584663227292721,0.01642192520824909
0.7055525951626661,-0.8588112098488074,1.2974002113427359,0.4322926256245535
-0.08399262453623363,0.6346664416429065,-0.16698307871210272,-1.5798430799627097
-0.02065005683460507,1.2438791766435124,-0.8546660179258387,1.043448148981754
-0.4997814477704222,1.6710503386331637,0.9409886874066387,1.0706898393474003
-1.3399193367832833,1.164214993248593,-0.7043295406574188,1.445681586979413
-0.5052705682051309,-0.9659636882123948,-0.10915078841219908,1.3404100699930945
-0.2632848587991601,0.9890794677521916,-0.622381372234921,1.5111932544220616
0.9209289986622832,-0.8799626161832796,-0.6387131776167875,-0.46172845169526144
0.1948016965078295,1.1426203404147903,-0.04398094487041328,1.4633575005009942
1.4675557712533258,-0.8612397891482857,-0.5981367648400623,0.8506592968019817
0.46591480344019526,0.9888219886128861,0.590891529904638,-0.670834569433814
0.8210363407406216,0.8408772650131829,-0.9463247080703435,-0.4624459341254243
-1.271848759701291,-0.9640194656948311,2.826423700266724,1.6347207374314892
1.4980727156574247,-1.610970488639857,-0.7890396585408258,-0.11976351628295182
-0.24670156013996128,1.0028222364650434,-0.6226835576559331,1.1626040043384926
-0.27702244907533596,1.6710503386331637,-0.5741018266748745,0.9055744071913168
1.0044218177510638,-1.1135859268527109,-0.524457838593046,-0.4059910175605744
0.3282142396211733,-1.2876078057972558,-0.07362380589304005,0.5769887702754183
0.19942022728067815,0.6508688285349805,1.2125754809389313,-1.718085984337078
0.8023612737518516,1.3244498051854674,0.6676164948823505,0.5537429676497266
-1.7525941109041627,-0.5077095209213989,-0.24403422570529712,0.6107746457973439
0.9119629158711116,0.8239233784324552,1.6288361572366825,1.2624696286161257
0.04653710220844217,-1.0188591922333405,-0.8933655431038875,-0.789590209393861
-0.26243163234315875,0.7938480556271263,-0.31745394684933725,-1.372004731498678
-1.6653449107629512,1.186035309578595,-0.5767242339141928,-0.1896087047448923
0.3195384765731051,0.9287332760996369,1.2904477143551347,-0.5917223269934434
-1.869379833308148,0.5344636880320578,-0.017319371908251804,-0.3336944793739449
1.7700670146315853,-1.0542067608478147,-0.17326771034969332,-1.2288555946397541
0.3107439128510735,0.547947008303626,0.2637108704508655,1.6710812478139332
-0.49740212227542885,0.6774664382450695,-0.9178244117661469,0.6509426264668511
-1.5759816957313029,0.9199762497767678,-0.9628118245853551,-1.1461308210135508
-0.3423239234336191,1.007782026218035,-0.31520746455915233,-1.3440854499462866
-0.451065228776266,-1.2858783760053307,0.8395669453853146,-1.2717564954767278
-0.23126921578786266,0.27231427221152255,-0.8743479505240475,0.6205649572965942
-0.19361194154563777,0.6195903253081505,0.32024085321942697,-0.35379162813395754
0.7321902149242266,1.0336567366131424,-0.6053944782744864,-0.13811433582395263
-0.773304629063783,0.6785323123055458,-0.893093017150057,1.6912666812272945
-0.07089588573622226,1.6710503386331637,-0.7834971335187363,0.6883114639376983
1.5726249883723336,0.9115399031880553,0.056611422429933646,-0.7310476950254676
-1.163504980772547,0.8454494669548929,2.4536894220985337,-0.7395418393972086
-0.6022424803990803,-0.7164938155256603,-0.39863277628250154,0.687865525116379
0.8091916902800361,1.031516308978091,5.536148393473957,1.6400002922555617
-0.4774022362036572,0.7555640768518648,-0.5858220657547096,-0.7722716855662267
-0.2657499048801643,-0.4663788296992374,-0.4395282933528784,1.0264693343526197
-0.8439313178531931,-1.337963177478358,-0.08306476439522262,-0.9285827030750006
0.18986040907743557,-0.8953127102658944,1.3130356952084772,0.3633520965471074
-0.4668061408552074,1.09205763040915,-0.25060197616409186,-0.5646466542640044
2.106026421003643,-1.112401230685224,0.05532568223649187,1.5066903745330922
0.18640174506478369,1.0464076294202904,-0.11744500172740811,-0.8109295032506134
0.811133495880271,1.6710503386331637,-0.955677393562431,-0.5360362332216025
1.2496834996189599,0.6840738065804445,-0.5459014003260054,1.5359294827646346
-1.3326846644847363,-0.5191284338551487,0.18455640995675326,0.11812543086052237
-0.7287925551212024,0.6924283073903045,0.5494862095143103,1.233359022651534
-0.4950047231110276,0.9612781843684594,0.1379919446874547,-0.8117269205993177
1.0017632388910631,-1.2476997647192856,-0.9607315429575759,-0.7921892407076733
-0.909129772674639,1.6710503386331637,-0.1990512237780426,1.3157371208140114
1.1463569113272702,-0.9443472293774436,-0.23400860212520494,0.6689214478068922
-1.154770312811935,0.7901588565358364,1.9845390780686536,0.15957457095478278
2.473094037533301,-1.2027016132198907,-0.8769175765112994,-1.5171321655866596
0.8882097690821137,1.4036891772091873,-0.6924370875621206,1.17551436592513
1.2544765467154197,0.6294311857713011,0.15836765633345692,-0.4001384060549482
0.5128824195003242,1.089630867377013,-0.7118588659465533,1.6569059190288926
0.40825588489293313,-0.8558613728129051,-0.02368145625872596,1.4767721450674638
-0.7856447319910025,-0.2926312037328259,-0.8139728333556083,0.7192781170604402
-0.618327499468938,-0.9121055247869946,-0.43524185698699525,0.9262665021610701
-0.873195752721477,1.0667076616091609,-0.027981175669872422,1.2618630427714022
0.23129128462951068,-0.64753160143455,-0.44256117662260513,-0.7949168587065444
1.4790835591298128,0.5785052629582726,-0.49026947965596657,0.9974452734495227
-0.8603026875771379,0.7488756650331061,-0.29425500338587707,-1.676577254052912
-0.9251723678440618,0.6714227256845303,1.2424480959557231,1.4514483839931396
-0.16127641975129064,-1.0034011978565622,-0.785092344690079,0.5091082003192181
-1.0432724093426569,0.4806358652114063,-0.273089180058018,-0.02491536318844109
1.1914752358716774,-1.4899386121348026,1.7389393754407156,-1.4498287207048532
-1.0082287225150524,0.9125965715306724,0.8168066203872497,0.8953618407305619
0.467390051664766,-1.2535146214459227,-0.4776867797923193,-0.8978862326799688
-0.8173925366874754,-1.1354905108319766,-0.9341207349706081,0.1907523145718357
0.06028299299275149,-1.2952431057864686,0.5405687043984996,0.1928461320373188
-0.9370449753115427,-0.9135102451800347,-0.9427281080767916,-0.2166195938664396
-0.006231408915111264,0.5177032450433129,0.02715415305940564,0.2792840750937886
1.5360509959125157,-0.6974219018164727,1.1159009188139266,-0.9720127783903105
0.612524749193787,0.8427278209303919,-0.9712492286037884,-0.4099264201843241
-0.30670195503442227,0.440374651758572,0.5095425560577191,0.03867219862174851
-1.6710329883753048,0.7200344993640159,-0.3074886490527467,1.0527839052739336
1.1251660438444246,0.9782959617067497,-0.13729428624231835,-0.9632926452100781
-0.5351055589412579,0.934640616033598,-0.320068261581226,0.8046131690427752
0.3562853493404648,-0.10456966462365108,-0.48610135890755796,-0.6313497006394622
0.27223677869101504,0.6871437429539895,0.5116036170137782,1.085695189878196
-0.7978140896610914,0.7280519185508513,-0.629097842551116,0.5414740659800779
-0.05883407275029228,1.6710503386331637,-0.5421770608022068,-1.325329871112033
0.03636599497393704,0.8317360356030439,-0.24202112865757502,1.3027809074021848
0.27965876963093095,-0.917483464393927,-0.9423096564894343,-1.0514263141110611
-0.749275205787478,-1.4749247140804356,0.23806079204852187,-0.04913465099997821
0.5282035375611114,-1.369816961184983,-0.7010706345907092,1.5358732786461262
0.05949039773670286,-0.8394980809832006,-0.5795839398837125,1.318596285964484
-0.35492991549086467,0.439123927601771,-0.68762451658523,-0.7726662367854692
-0.5809348668093165,-0.5333658557644624,0.9025323311362078,-1.29437347148198
-0.09185945167666766,0.042192402744707876,0.27326241045856214,0.062473200967306686
-0.297844096382356,1.6710503386331637,-0.5355027456463018,1.1537518744782698
-0.6577214297799616,1.0220902573829687,-0.8250444282700935,-0.5715492003484013
-0.5289050531519067,0.5955194716311772,-0.237501018505932,0.06800774162988382
-0.9150611348323562,0.7671047739542094,-0.9581334716300522,-1.088344578980876
0.23115833907353758,0.5838359789425631,-0.6848047636118887,0.3488353490821457
-0.9206767088114501,-1.3978802612191994,-0.9217091773565108,-1.3568953998565387
-0.8161306431605647,0.8518067970697702,3.8047876051980225,1.3727762047823253
0.6304273544518542,-1.2256678912292858,-0.9264075261420096,0.016067145261833744
-1.385418613656747,-1.3459073003821582,-0.2478898557775348,-0.3868822525311404
0.8341843586704549,0.58927952655472,1.1806576119252623,-0.6859755503953705
-0.049591409202722564,1.1277372512261243,-0.6951974462251508,-0.6583169759890584
0.15636536240892823,-1.6251278488894352,-0.7754464857828813,0.9455350119649939
0.3561541857469432,1.0304384796197008,-0.6632289351915153,-0.2941902181021544
0.6489177417768992,-0.9387660866838273,-0.7549370907291794,0.5745385335770492
-0.6924406747948285,-1.0182809614276334,0.1484496318500561,-0.8237388405317667
0.5019048446902493,0.7215186679054288,0.8589794921349061,-1.1103689443019074
1.1834029176863519,0.23393172441325616,-0.8243526310497442,1.3963663672552182
-0.711896850231277,0.6225034478445518,-0.7051571969824673,0.46454137696539144
-0.8399364791668094,0.7676672081118561,-0.5489737534620248,1.7043110899551652
1.0847853961846605,1.073160461351814,-0.29472855364450573,-1.3125889796296435
0.11769278225993182,0.7160317805272709,-0.058826860584520184,-0.612983831795577
-1.5394679140108516,-1.468812354456637,-0.7046292575846834,-0.7667119992976502
1.930527079025139,-1.3945065964713343,-0.7788485499130837,1.6798996589756108
0.3420110014463648,0.7691323746039761,-0.4206796954245255,1.3103918427175822
-1.1568317441633271,-1.7626387166880462,-0.6474561809074462,-1.3049533375975901
-0.6075725177521465,-0.9965698349390902,-0.3322399394878811,0.4847483089977903
0.09615474751927827,-1.2681297790494899,0.5664571619312069,0.13904795001491196
-0.47227093257989833,-0.8757549934779505,0.9710291614078408,1.3129435535344833
-0.20498987560611245,-0.34193199180370715,-0.7580353970834723,0.3839736818497617
-0.3238797543627487,0.8300272125329475,-0.75364063154886,0.8641293636022078
-0.28846639595862833,-0.6370550502034138,0.5042510385439568,1.225172530316498
-1.3419699087503008,1.0564475674984046,-0.4888139791051768,1.244710768899821
1.3414645518432835,-1.1536284745260073,0.032743889791928216,1.5677655829728105
-0.8260083335188451,0.9192323970209936,3.097094243475779,1.3761516281996857
-1.331679520395082,-1.3109413299592747,-0.07118714100272226,-1.2655444759657557
0.3282031164761247,-0.5753257206661515,-0.7935970221617226,0.5794960273141011
-0.13132438603645813,0.13096702435625038,0.8600222621205976,-0.6269063722674509
-1.4911946847124913,-0.6751400063208661,0.7359928773046722,-0.3217694335398822
0.8956547389475042,-0.91047791185366,0.31153867741836744,-1.25110739766803
-0.8145814429653668,1.2297717779732402,0.3041778115880128,1.4569897836025665
-1.3176524020319613,-0.12622566401196,-0.30101951839987356,-0.05065779954671085
0.118170158656003,-1.0053910361909844,-0.8901811242525285,0.3240314821309163
-1.3129106856342285,-1.004240057443477,-0.019268810913754042,-0.6686969984920126
0.9086166335594544,-1.9709096296492974,-0.605771315464988,1.509988965830278
0.27898257176107233,-1.1634377723502838,-0.3983064400933871,0.34379871149647195
0.3826600986952216,-0.5473020515260959,0.3400519113341823,0.9404044681485622
-1.1699781918197814,0.515292079585706,1.5713120821708844,0.42363378892559217
-0.04090028279373348,0.7282425995831405,-0.7029850465027182,-1.043384394872334
0.015697270821821634,0.7555746949798481,-0.2625570551968795,1.0397594637012872
-2.846738628051643,-1.1874221087548293,-0.7716111039356823,0.605450781814685
1.7704179506988558,-0.7900426775862438,1.3582744346727824,-1.521856304763624
1.4017414008050944,0.5699839007443307,-0.29848158081730736,0.8239316187665858
-0.5212249596846075,-1.3281699066472445,-0.9105802921426236,-0.9007675487760621
1.746758178085262,1.6710503386331637,0.5295684832496189,0.005122836229310347
-0.7128426589416385,-1.1739616418366228,0.011244837523654008,1.2940015464287018
-0.5337531865000549,-0.9054745859192607,-0.5603753916565449,1.4074894041430044
0.18251537402513715,0.9026473231262917,-0.9468572546419906,-0.46923159929364494
0.09627955738692426,0.5910823593825805,-0.5528576569318606,-0.32472780541545043
3.5592809175596583,0.7418446732899608,-0.8872818125678157,0.018286714275702148
0.2651648808926135,0.6379451203490863,0.5310137774070836,-1.218839374549196
0.3223603543880633,-1.4874948787393238,3.957481199077272,-0.8607680750286836
2.225377438293289,0.7940728577605951,0.8693599242793796,1.1051617488503798
-0.28463878514582286,-1.2258165702377106,-0.8103095073601487,1.6023984029023137
-0.26795074074600067,0.8971232224025549,0.841081614381818,0.13173518661423664
-0.2731350946021009,-0.9964241721946842,-0.5358311275288632,-1.3911541934758995
0.004868024044135094,0.7207776407895539,-0.9777067648931471,-0.471004394667595
-1.0472127433195408,-1.2879799030527215,0.8094954900945441,-1.0750825710953555
-0.23581428800472515,-1.1197620069899563,-0.8016764870155899,0.10620920963600795
-1.8743254025809202,-1.7371817130631932,-0.3001985352033415,-1.3985670100005074
1.2231051557967414,0.9881708450738137,1.4578610625016022,1.7144717281774342
-0.13287046225497076,-0.14562926387438072,-0.361201496012974,-0.9147484418839316
0.35311994316904854,-0.667330859457406,-0.8794024723250351,-1.309762462512043
-1.6058870180559337,0.938272461211895,-0.676573622546316,-0.8367042663615923
-1.3438515446237316,-1.2458071123946173,-0.8334582451176681,1.3107725349909085
1.4062873974359875,-0.23282839356332627,-0.8818832230630521,-0.08432568551139925
-0.8392300916574164,-1.0105620069779913,-0.5705022951841966,0.42262276183273034
2.6384907020413104,-0.41796875782926707,0.7223687069255331,-0.9711792481228161
0.2687115864912069,-0.21738463048028828,-0.813198066268535,-1.5517317665221122
-0.29413094540916873,0.8988101304650062,0.8231201341908143,-0.4616065286177895
-0.2790983520091654,0.9124723106157056,0.1227055892155523,0.4522795316692001
0.7544541684638469,0.996487099549516,-0.8461223995042478,-1.553860375049539
0.3542275210627448,-1.3935052000693668,-0.7042556922342684,0.4307042248601409
0.6658065033347018,1.6710503386331637,-0.23039722814805633,-0.5089913826077435
0.07655613086737546,1.435490156370582,-0.17505684602949298,0.48254463740801823
-0.5466700567281415,0.4509605089776766,3.1806265484650105,-0.649009112102478
0.633084709251935,-0.5573689202623678,1.9719234499049303,-0.5563413338384632
-0.5225782470488701,0.9658120831305176,-0.659710413179768,0.6775529763578494
-1.0453959793940986,-0.8916085807696484,0.10218859379458069,-0.6434601881570822
-1.1002037735359487,-1.0710664421080351,1.335789648105586,-0.5125531646518466
0.41157397793470213,-1.2084644384439729,-0.6529550072942877,-0.5905507830908162
-1.100215896724284,1.0745590539084715,-0.32624928054920577,-0.07361323604694735
-0.8503488228532654,0.5128124677724591,-0.42401089143783327,-1.4175627068864327
0.8564399467538276,-1.1886190233782261,-0.19369378429251186,-0.6453104304276074
-0.522237668880084,1.6710503386331637,0.23465996177635493,1.1691992280846097
0.4707332415933312,-1.142152132405792,-0.7052787511949639,0.6956702180000218
2.1314767367177128,-0.5372946391795569,-0.5795419540114062,0.3592022954143017
1.6416299931544804,1.6710503386331637,0.3377114039219991,0.9489191019313695
-0.7595669964886528,-1.119144618213781,-0.5233390692753064,0.13653202789509153
-0.02044195312320799,-0.860546780191007,-0.6634655935166727,-0.2711277697974971
0.5382990277813637,1.6710503386331637,0.09707967511823239,1.2555717683513652
0.5555894455886121,0.6965537257848916,-0.715192318753391,-0.2334194761528486
-0.3284762005078261,-1.3117740340458683,-0.2717936912404194,0.35821733979599174
-0.1344818547668426,1.6710503386331637,0.1679969210830531,-0.34112401304940376
-1.1361197520765505,-1.2478906100264204,-0.8961110198161496,-0.42028343834025883
-1.9256771915568378,0.54096451126528,-0.9798449174315985,0.28045311674153706
0.07464866274434061,0.8681402069138507,-0.18918720373891554,1.2664435432430112
-0.0062846318137282685,1.6710503386331637,-0.3892062380518036,0.12593095071892185
-1.0644921207879365,0.5259300844125213,0.2792805467686343,-0.17934168451016796
3.5867790620577193,-0.5685621964535651,-0.12902087528942838,-0.3596859655328256
0.4134538632576781,0.9479200461320109,-0.7596668865775555,1.44416322895422
0.43354571225001637,-0.5112617342242801,-0.5199069919950886,-1.2928279819937296
-0.8349923027580157,1.033123989553099,4.106612498254869,-0.4031767065201389
0.03227109064196794,-1.7235042860805634,-0.6695974352710405,-1.5602519351945532
-0.4178415263150765,1.6710503386331637,-0.9848258498489536,-0.9695947288059659
-0.21148202840509983,0.5110474449319959,-0.9071838825081193,-0.5876831518113298
-1.6983913713810188,0.7663310425602999,-0.08887894423128952,0.3271788458025247
-0.15921535709550985,0.8451813090319802,-0.6470511735126573,-1.6301697026159538
-0.8223223613646011,-0.35094924543679,0.6667876549859919,-1.1059041110618442
1.5294118063550985,0.7786146085132922,0.07612108567907089,1.2214582545431645
0.3247860396514641,1.6710503386331637,0.5469532194482704,-0.41644652856156195
-0.1755776618078234,0.6131480672779551,1.1780174910265138,-0.28799292087650835
0.14610832662435125,0.7824889644971011,-0.03705887701308356,1.2557107306683948
0.5833256219480064,1.3169157389551984,-0.496997214336895,-1.6737343829986988
-1.7214139572812597,0.8831448585753799,-0.11749613506609237,1.1458702575169284
-0.915142161446369,-0.912710727798064,-0.6949119947031085,-0.909587648514433
-1.041544908380441,1.2440140567904558,-0.9597627135854051,1.0367595559773035
-0.26262800859055313,0.7109779122675065,-0.8579937301882292,0.6874478864513947
-0.7639303950553669,0.6946478542630462,-0.7982678580322902,-0.30618452579210986
-0.5257253397479075,-1.3280956211796844,1.7612264345021273,0.3484602718820569
-0.3463488677757649,0.8639878653020421,0.21599222114983765,-1.2081749929128172
-1.0898410298934342,1.6710503386331637,0.023371732261720995,1.4386186246688082
-0.6066952801016989,0.4267540144201981,-0.6900435413967629,-0.5847998278913945
-1.2681163355568494,-0.9600043518049457,-0.2719549610894391,-0.6932118710158628
-0.16951129589883868,0.569216056449323,-0.838226190766726,-0.35425281541525244
0.8598871535770745,0.4396027253826204,0.9059915543484615,0.36242233677388425
2.5586917007024406,-1.4580675649426271,0.5257746642033696,-0.9663019450540014
-0.17415162354027935,-1.087289849302956,-0.6400621700386282,-0.9638027295736694
-0.7125979726616407,-1.0640962032001424,-0.5867591807165156,1.1174110677690412
-0.470953270038614,0.5305544818891211,-0.18947502810145572,1.7219243029743294
-0.0035356723770979845,0.5755031036595613,3.0818014180209805,-1.1245637610717116
1.0362788424981288,1.1903880860403546,-0.5911132656536249,-1.1965908780480121
-0.07643160286871183,0.8042924120596581,-0.2340835656694656,-0.7437964342266016
0.8482634795572901,0.3944287476760651,0.46218230626844276,-1.5841511038941014
-0.3784761573243048,-0.6598035703150775,-0.0577720822123417,-0.5321296392191784
3.2220126234421835,-1.274859653810742,0.12498596294910036,1.2407918100743305
-2.4416968347827304,1.0189565878646152,0.08514562600197512,-1.675450449610387
0.6406635873403016,1.2147523812728716,5.007676718391447,0.7899868842538815
-0.2910235331257332,1.6710503386331637,0.4245214999803717,1.3798789194237195
-0.23927413375009807,0.9255207572785192,-0.6883340021326493,-0.8978061851199685
0.5992273127715925,-1.0025700447847643,-0.9267314869163047,-0.4417991085915647
-0.3785156956618779,0.6105566422227335,-0.8018103442961393,-1.374146161478669
0.5331635025445792,0.5901569233629341,-0.6029416501808416,0.3196761300286636
1.2466283555749291,-0.769289241823618,0.24875873947871746,-0.8299972536899538
-0.23649694097608934,0.9747608950240118,0.00835472458676714,-0.3830103582535581
0.48773671230110593,0.6994475095553955,4.703830852843343,-0.1540483552640952
0.1686902941446374,1.177386850476675,0.2001682864481245,-1.4743185882705434
-1.333295656066219,-1.3743791896362905,-0.37708474973848943,-0.7218524722566079
-0.5940784698206197,0.6378138763635192,0.5730287356884082,1.5781876713238705
0.6673778187366023,-0.45208172696502824,0.2958857188382879,-0.5507765473256346
-0.4300243729677962,1.0762878618278564,-0.49175296540670127,1.591947113874905
0.26896553283912866,-0.9312464569732942,-0.8831213412777347,-0.9310534033096203
-1.4600486142878468,-1.1434790293412564,0.342663517282319,-0.18954662431092384
0.37578133880578096,0.648257192296331,-0.022329298786966018,-0.7534678040926293
0.2985156515736073,1.0467736551320166,0.39710179858710776,-0.5306511513672711
-0.7256479348611476,-0.9185979091272187,1.3431120796221567,-1.0165048066563869
-0.39473920762880804,-0.36028638602115604,0.2951982678284269,0.6941415662808061
-0.9882606871145125,-0.7897969625067013,-0.8624862838430787,-0.1823600479746957
0.779467036838255,-1.4591752115405299,0.6762896740038057,-0.6135024944756187
-0.39384413922031936,0.5299963276990516,0.19940738866464922,-1.1315008379141709
1.266499356724093,-0.892825385503952,0.9425293183726893,-0.4937962721558718
-1.0245238109889647,0.5775367211513283,0.17537988119408543,0.6185008668488934
-0.4363859560717481,0.7935764379674879,-0.8134745142567272,0.6253358484364545
-0.5036782087749864,0.6179381165793801,-0.7946656688687386,1.1282572610440207
-1.7894858553418294,-0.8332317449360973,-0.8046541024080222,-0.6576344336722623
-1.0152792181163466,0.5407093639958035,-0.9175059818726763,0.6824779383145538
-0.4115064462481988,0.7618789100734382,-0.9570711901309598,0.6831570953681544
0.9206218710032432,-0.9474843742258919,0.17436986219492448,-0.9418770481459656
0.9581162487068796,0.7868911360014628,-0.434956443678181,-0.2290510532454968
0.27525452455566307,-0.697250130657477,-0.6143537281450905,1.0822620757229058
2.0726553457789096,1.6710503386331637,-0.8180645313211845,1.6683973605510751
-1.1845203502152304,0.36936056615636226,-0.28835250536852214,0.5168893472210901
-0.514218364087143,-1.55838962066986,0.8133488274407681,0.34682077337384676
0.9395978625947018,0.8320911250140244,-0.6818772485129192,-0.6581618872597542
1.2256323498154909,0.46577812231730475,-0.9289120632535971,-1.406055009198822
1.9891383524672757,-1.7021132768402116,-0.6693143984167654,1.201731934401377
-0.3615871229403975,0.9920435913076194,0.8374677500108186,0.11603436312512992
0.21830249108862249,0.47225851904780686,-0.9603522807292626,1.5452475357444677
-0.936227829976213,-1.0055759426428055,-0.7641683829067456,-1.207181804085334
-0.6579994057914067,-1.3451891988778644,-0.7341630270670876,-0.0005367574429984243
2.1283786913387575,0.68667656370197,-0.8640789210524817,0.9174400551779262
-0.5615419304512056,-0.6323829841811859,-0.4375812119550167,1.6426156331722233
-0.2780745475387563,1.0864185297107485,-0.14554222595703528,0.020738335452409915
0.8870041250623778,0.8301065968044028,-0.6458620036680744,-0.025838911332200825
0.16173357595706667,1.077851221648976,-0.5486366739302725,0.4074634733636401
-0.9613569604737667,-1.128540703378315,-0.35550006820253494,1.3873296466793128
-0.9943011632736075,1.1271282029183984,-0.6757769491899236,-0.46809716891180103
1.1505745118780522,-1.0941136410469818,-0.7002986167750168,-0.9467131664684447
-0.13205083047002622,-1.1555295178223344,-0.9314685733241082,-1.458252444974767
-1.0529137615104738,0.7009893088887778,-0.44694539984023324,1.6845252136536064
-0.5516222340846333,-0.2814453458270047,1.2888595613082345,0.2971535275639383
-0.9545600387334715,-1.5191526935057962,-0.577433933555266,-0.8934328797405111
-1.9034676616783373,-0.9901532565869313,-0.6489861643100836,1.4581070012614679
1.5878124684408719,0.7201194917004466,0.5037899552079782,-1.0148694107930947
0.8288929847188191,-0.5678520976337139,-0.24518372231347987,-1.0099679920449227
-1.3786896832294135,0.36818849330000425,-0.30018967388311724,-1.1755677779758282
-1.1577263511859315,-1.0997120582214974,1.280581046202322,0.18256975555904012
0.5572013551562024,-0.3320632605226689,-0.6693829580532246,-0.8398483967194654
-1.0118135818073852,-0.721985318382639,-0.6250308895758478,1.2709867753823356
0.7171132490516883,-1.4431307887356624,-0.8391287971390773,0.4378980062383986
0.20259370585681682,1.0189157544575043,4.719599227078131,-0.9336184484738658
-0.8166295801202946,-1.2223015661847427,-0.4477830209524515,-1.220908868276107
-1.062267013721608,0.8233708768838434,0.40253862925926204,0.41292963993992343
2.730818388816203,0.7647623511327936,-0.7246601691203659,1.321942845957903
-0.03893421773563645,0.9479569778747017,-0.514084764879666,-0.8575630359276224
-0.8875078429400755,0.7000833162211714,-0.24075500029903296,1.0509147050935894
0.23801523449432044,0.8155182823866648,0.46945826297063836,1.208426534376789
-0.1864930937914568,0.9566902178383949,-0.5953701131460196,0.5288638060913001
0.8282604544900654,-1.7753143241266538,-0.8806492903399091,-1.4060379164513714
-0.11082005020849976,0.5157266363817979,-0.3348138528631447,-0.09143110103789535
-0.1975419566655453,1.1157070487708358,-0.8944453321490594,0.8980191333325487
-0.8032449460397786,0.5609422456211383,0.3554575993319809,-0.33204773566480184
-0.04868674506247015,-1.2634071422819002,-0.8522593938577767,-1.4174777741501448
0.373458770056779,-0.7000578070166673,-0.9772072710125697,-0.9569227547076447
2.2457377158749465,0.36075023492970393,0.13892572973613007,-0.6420583000082837
0.43673006052490254,0.9414422892685601,0.45385696000447373,1.5814590305049219
-1.6123365098441407,0.9627197711943891,-0.76394979726366,1.4751392886099326
-0.3213439775379739,-1.5959099476524752,0.23701551456299258,1.0462324179931424
-0.2623837463799696,0.2869765555926832,-0.5944872269120253,-0.7299572959908708
-0.2630209673648838,-1.2835774036161127,-0.7254150599146585,0.7965217031534172
-0.3500502885294567,0.6725659270718801,-0.8341386945646116,-0.6604649061910532
-0.017165507247030146,0.6213970369677957,-0.07115912703176312,-0.2343019226530806
0.7186934868345366,-0.780749313077593,1.5460054269871175,0.7179739984894773
0.39061891094807255,-1.3955264072005127,-0.6005289299770641,-1.3688164691495053
0.004869478672491316,-0.4883508704902991,-0.5255430180695008,1.5326595562683951
0.27569760439669205,-0.8623778639601076,-0.6712935339011844,-0.9655031413427841
-1.099678909910803,0.8805776084320011,3.893827983468874,-0.5910876198203142
-1.7183936587741369,-0.9126247738896074,-0.8302173893685677,-0.31516827717911033
-1.7873050027940658,-0.46943964266234206,-0.6255911209419498,-0.5602724301743648
0.5590376134885824,-1.557596537024269,-0.3419080759469251,0.6031635862809396
1.2972309875644241,0.6984038237489973,1.1656799894800856,1.7152582718757177
0.3108613145661125,-0.8988849481578692,-0.6578494861588879,-0.7081442949302009
0.24638022193760784,0.6656443032984428,0.9080976575203912,0.04258754288046179
0.15025930509783755,1.0024179906977013,0.39948014925109776,1.127545556937269
0.5998679691012795,-1.6010571414954118,1.1092837049463653,1.3908475058774477
-1.215815435817606,1.6710503386331637,-0.30441714420355503,1.2559109019193737
0.7163514377576443,-0.173671351573656,-0.5388986539528356,-0.5247886394711929
1.1659296431314186,-1.460243740903715,-0.6396315832263882,0.4000609012242907
-1.8870385057877435,-1.102739526048929,-0.8848870819745814,1.1835688982136672
-0.4645637640657075,-0.5534545377348642,1.388086313783081,1.2986386944922894
-1.441156874246991,-0.6530743491118595,-0.09852748435269344,1.0381480973518342
0.21090140323901643,-0.756072938338116,0.2262804574870763,-1.3680784099501533
0.6015653739619734,1.091580112411267,-0.24795681049681226,-1.4427682059626377
0.8780996230691377,0.7397386365911187,1.1198717837942616,0.252985541338998
-0.7023905681995724,-1.0074128713799664,-0.6347920454721467,-1.5291786938613385
0.6039527272562305,0.6354130917628824,-0.4849846806473727,1.2102755491735275
2.2823194144433154,-1.0895870347296066,-0.4772947972389768,-0.841982005450851
-0.2800203732023782,-1.0112828938634721,-0.8432164081018524,-0.2640708608011843
-0.049460833264773886,1.0773213102391996,-0.9602479423522711,0.307439602902116
-0.19807822360934302,-0.8635029628596624,0.0726298178155907,1.0799021504393127
1.17173445755806,-0.8510086435489315,0.8271639325850799,0.4260151972882364
-2.169239251834824,-0.6197874882578401,3.8283080702773793,1.6551534945965405
-0.25694645460593374,-0.3995520112595545,-0.8685846631944139,0.6481404088680714
-0.847757904869205,-1.2728987425259082,0.6423997263210339,-1.2433276142767764
0.0368305227489585,0.722500110168293,-0.8850246214544462,-0.7577677738806065
-0.37050559068125943,-1.088932869673496,0.12276577020605232,0.8217967641702975
0.4856586928176302,0.2569622109304518,-0.37438882725344225,-0.4946778792857492
1.4661352622566957,0.622900671884967,-0.302379948657637,1.2585214227358166
0.007350073984959709,0.6868911786252486,-0.017394388246194933,-0.2769238694930983
0.5004195264826585,-1.369375615664523,-0.7347326033520409,1.3449136691032626
0.22138175390516504,-0.7172927285857132,-0.3148666631104803,0.9339385757403244
0.6686689613451428,-1.1770506809649999,-0.7423604823273641,-1.0642184199897604
0.22459855789076713,0.6289278303717009,-0.8451819501222849,0.8921194154141789
-0.26736436787241585,0.7805984186951159,-0.8350607665970512,1.1728508376791509
-0.44036725404541377,0.9353156649707535,-0.5676409951355188,-1.437515110345845
0.21996196964864534,0.5944327273321723,-0.7059284202673789,-1.3893461561142515
0.41696607709980943,0.5488288825017587,-0.1966250572298059,0.04067079969008423
-0.441235057421755,0.7939108642553069,-0.24151652094003567,-0.10344428304401426
-0.3807486352359132,-1.5581532541681615,-0.43528228247427964,1.6605948902878234
-0.2592537097508306,0.8861320828137156,0.22912040009994944,1.7153149035075208
-1.2303748894153528,-0.7571609455461155,0.42761065156162387,-0.4271695564510115
0.9648701318650302,-0.5482415251282072,1.4895863858997798,0.7687965543270607
-0.8854542072779626,0.7127791194586001,-0.9049701881692573,-0.608893327555411
-0.08826723480944455,-1.1631478663478463,-0.5905579592445556,-0.6594109283557934
-0.04266608539574975,-0.6543279517385541,-0.838554554855579,0.33797303614547625
-0.7347323018047839,-0.5507541351740467,0.3162244248357157,-0.44616908338738215
0.24545264587297438,-0.9688366272396509,-0.5007327512018375,-1.7223758269851492
-0.30077998829710995,1.016391482854965,-0.18126488399048363,-0.5425797863405843
0.02227551344633194,0.5251436248131541,-0.676460630937165,-0.05063425542736849
-0.7522236150723246,0.7349457409764861,-0.8342591661084189,1.347301557011712
-0.05218308343275691,-1.2672019453725805,-0.2582235113190711,-1.3546178858092384
-0.44941040008386196,-1.0363561011220648,2.288832230316857,1.7254712834907344
-0.2981153379314595,-0.7299767491567735,-0.4362718819044802,-1.149164330499961
-0.724774395466336,-1.4716896229140966,-0.18147401617671852,-0.5343880640347457
-1.2842548785685366,1.6710503386331637,-0.8031171058359682,0.4330216656896811
1.0444257421434207,0.9646856213313265,-0.4713567887400608,-0.3693936969945463
-0.4890194964914327,0.5041710250988546,0.5039645455947157,-1.6006003826187156
-0.3824521324407139,-1.3239593096677071,1.3734568009425343,-1.2611638938683418
-1.1294370308288753,0.5301955585405262,-0.39341057692502285,-0.7179353764237665
1.3333923340812472,1.1358571624142133,1.0927651501488285,0.11605348611931979
-1.0721898411529736,-0.8043449811843546,-0.45616367893420656,-0.7204541154900483
-0.44223759472219454,1.2337271596164188,-0.23880103044824214,-0.5191612177965096
0.8305422363239916,-0.685441197300746,-0.3961904816943097,-0.6146259750006347
-0.7031668955868023,0.6398372165644032,1.2947169599904962,-0.5136236877962934
0.14355689829890395,-1.0352612387780311,1.2917518387386573,-0.7519108724962767
0.6926561341244777,0.5374546179515174,0.146257645727867,-0.4307404967487362
1.6691861858829058,0.7219535559197233,-0.16816389743886234,-0.4902025227551717
-0.25239359867726496,0.6274184397393426,0.9058227730300684,-1.706979700370113
1.3738808919754404,-1.7364458578288082,1.4504757503415238,1.7200210139127643
-1.7804035814827968,1.0008349893417792,-0.022118894456184535,0.5365586890458357
-0.51786934073017,-0.9099554150644806,0.4317756997890146,-0.25985810655826586
-0.3929682037227273,-1.2004883076727038,0.3302458568215524,-1.7265134831753595
1.1466339366328913,0.8511863344531806,-0.7899545358923192,0.4866291474816404
0.5690707853073567,0.8494776377983302,-0.005995250094340859,-1.542077637205707
-0.9097754132052203,0.6715333982849268,-0.9247235212616809,1.3695037535322376
-1.2935708316223458,-0.9718051041907709,-0.0612012406256923,-0.03981304150948245
1.4511390414450465,0.8980852099875811,-0.517864356191972,1.1675401594174195
-1.0103852708708647,-0.8695690093941304,-0.010244656498251748,1.2046072208916174
-1.025895008079655,-0.9183373175207953,0.20601675842835487,0.6757840445241178
-0.5570181136993579,-1.0506519376128525,-0.9140321233839125,0.7868313170929173
0.05293619486320969,0.9463272879546855,-0.792007536799329,-1.2042675393818747
1.7574683059597347,0.7910189180637119,1.013035003232716,0.21262288406526386
-0.16635067196986,-1.0932438065959358,-0.34737702185021474,1.1966096546397478
-0.07655160449555623,-0.7050176242436095,1.066449452302761,-1.1176858195833395
-0.033392317470087945,-0.7245603281882329,-0.12780462247994887,-1.3259931113386347
-1.6243481814247767,-1.4565957638253109,-0.08650799379461165,-1.4374986917143717
0.8600188124276417,-0.2873911711784433,-0.4944017003788564,-0.8648952879138758
-2.288665397118932,0.10305983070679023,-0.8722908822530265,0.522930331873986
-0.7384484906273439,0.7378175242356219,-0.5915235817598881,-0.3720875573705297
0.46757234241780204,1.6710503386331637,-0.7981741269513377,-0.6776485807679518
-1.538628817346874,-1.2034163866461345,-0.8461839151449225,-1.6887505314369657
0.24930037031305055,0.8792448485582542,0.5115035318886232,-0.10516830130146458
-0.802181980705784,-0.7076792632036605,-0.8095230997930062,-0.5622985397877618
-1.6221035685821457,1.2248347910554631,0.3399332702973591,-0.060976189211327005
-0.8338321160159484,-1.4906695079309993,-0.5913538131627366,-0.6027611532095543
1.8042422945715946,1.1735519978512747,-0.9724930862675132,1.3736114048585049
3.01893613467734,-0.7930567420621875,-0.7108068010906774,0.741719272516434
0.6461889260956,-1.288415224929134,0.8066919008608496,-0.007116894004346152
0.22881544615760727,1.0661320622813935,-0.8936671375847515,1.5637843395440671
1.3321754211449794,-1.0326673807318691,1.2917647261312022,-1.039469035578964
0.85593251715216,0.40838526005362386,0.33261016322860243,-0.11498144181583358
1.008537876426349,1.1619464091158844,-0.09259295751011347,1.614903802906288
1.1599019255766552,-1.0201451975042513,0.9379748808802778,0.4196328714485357
0.7542302117798396,0.5260871329726564,-0.5874617670109756,-1.6099970661804128
0.19830467996679405,-1.1654702974737319,0.3738936857598401,0.6530110731156922
-0.5658555508940464,-0.5236930188584189,0.7497989358484838,1.6193450572228874
1.0985990194001005,-1.3317822457487543,0.3745444327413728,-0.8377353188352652
-1.6927837545072981,-1.6348630753955644,1.7320411813440673,-0.7729505756589443
-2.0137577062074103,-0.7453662554370951,-0.4104397602743919,-0.30404545650612624
-1.302376133738059,-0.9533354817008798,-0.12059642898372723,1.63263774425309
0.22138073362687297,-1.3500605370543024,-0.7864283489718392,-0.2705060637720031
0.7227122903195973,-0.5746593292229687,-0.6482090824641222,-1.0092861674111726
0.016251327327045307,0.9273516844105435,-0.5155069935018122,-0.8458094308820755
0.48227564558271785,1.0674492329381546,-0.09069122277470006,0.33308120816444675
-0.33481078085234384,0.7661147084620294,-0.13417973365337588,-0.051994819589919916
-1.6623981547576836,-1.0094855920335108,-0.829464538023179,0.8613289853427366
-1.2598459208208925,-0.7363552840932059,0.14028695979051053,0.2681746762173646
0.7566134712805176,0.7852990199169195,-0.8468427582098097,-1.530803272784662
-0.9811755010171295,-1.1635023054794231,-0.28812772509046813,0.5191005055903319
0.34377730931429573,-0.7326012982484619,-0.17474432738228307,-1.1338756613406311
-0.35839557651170245,-0.8342836284900628,-0.16634559948832794,1.4783114791426104
-0.031214195101067464,0.6679406251578416,-0.8251204930865832,-0.14703603725888761
-0.5885892618539886,0.696131441310504,-0.7370184643091995,-0.4887459296723045
0.6490402905440296,-1.433009929767043,5.054983942416998,-0.6252002226506789
1.0428838854146834,0.6766371870396137,0.23101976690340512,-1.4919567776345397
-1.766589855654054,0.5393497851726512,0.1664434282123583,-0.9031827751590755
0.17800353748519673,-0.7499608852009715,-0.8172902088736013,-0.3959087979061018
-2.023869296807981,0.6653688818913301,0.18950616034570855,-0.9359430424486448
-1.9799216004924929,-0.4690994033395839,0.5089979177465521,-1.1376152364416763
-1.0663956389686724,0.7456067066441603,2.2679715560067395,1.2292245591685873
-2.086553210878335,-0.9970231739021029,-0.265935557553744,-0.5438603910283094
-0.4176858140188181,0.4493973380902996,0.6540237485487506,1.3633359814903425
-0.8780164334264116,-0.31429719921084964,1.4431523502206718,0.9463728926461107
1.2808987936104268,-0.7631931928275901,-0.8808038681190771,-1.7003596792816125
-0.5995801809668331,1.1555851751026271,-0.638015687111843,-1.1536116987542988
-1.2183675708314048,-1.7026113770116362,-0.7377002167990492,0.39311555796909287
-1.8819253555247857,1.2919529608708926,0.12743597560101871,-1.0221473326161306
0.05112687840641633,-2.4582476029884623,0.14959140335101484,-0.9516052143095911
-1.3261197137617908,-0.3524459932718556,-0.43185705324518214,1.0773718888075168
-1.4480321215662058,1.6710503386331637,-0.4163556664470548,0.48757541016678213
0.4983418206894272,-1.1196117386584354,-0.6824513643487736,0.5653070396748163
-0.30673781822523305,-1.1797255562283961,-0.4835020055013903,-0.966487275627674
-0.990502672548678,1.1394001866661243,2.915047297863642,-0.019652257194044117
-0.784554986946493,0.6183718523551669,0.07685572861965473,0.22099590245961978
-0.440816312993967,1.6710503386331637,-0.5270237024663044,-1.0910367570809343
1.1869962117728545,0.49592040848665797,1.9036646735511442,-0.718404225365426
1.1500315334387283,-0.6873281691143637,1.5894729765215556,0.775104807325627
-0.5739340541307929,1.6710503386331637,0.5953634333564,0.6029802301628441
0.46207217518037264,0.6193476627461691,0.41955470670901673,-0.3937604001367167
-0.549700892614032,-0.7457968830557443,0.5412122645506492,0.36336270868328613
1.1767848459335368,0.5451398237185063,0.2223439789947364,0.8673849987725278
-0.7913862528397939,0.7033880860262073,-0.004923346982969031,-0.1008873162435033
0.8425046492616838,0.1013468426485519,0.5702204075412101,-0.617884934249459
-0.8081234679793574,-1.7817711014437738,-0.3615735199247469,1.1417609267365987
1.6803401173717405,-1.8484974371051228,0.01370655876744913,-0.873362496084482
0.2394667236314134,0.6455993523902507,-0.5382664743198838,-1.589035751279232
-0.9880253049594191,0.720574112952921,-0.060226241239127544,-1.2843278494564283
-0.01556449222287923,0.37749156017116203,-0.5960549263666557,-1.5948653537419901
1.5279000429987784,-0.8129241876405171,-0.5408242962847203,0.5705299081545461
-0.16313569016055504,0.7152551575696591,-0.3122914667167718,1.2459664941411337
-0.2760393700609449,0.6303845143214036,0.04409338535498319,1.0725247653653378
0.2948275480467659,-0.49890240489012994,-0.6869424918637996,1.0069487466613605
-0.3120073799954358,0.7011868527031265,-0.41799926287158223,-1.5304023012609074
-0.5927747055287432,0.8244368985833125,0.9530555596596925,0.20310854889079902
0.174819832017624,-1.2491110041113398,-0.5737136292061764,-0.7569123338169228
0.9268242164304323,0.9999631658656991,-0.7693716590297377,0.5162644214314981
-0.0750710677974828,0.7599819999159266,0.010256046933451233,-0.4998544764026899
0.8964862949829943,-0.44444519676622957,0.7674512075389661,1.328812050142889
-0.6767144872323062,1.241112790859985,-0.7992434143077293,1.4750733299384944
0.44882068496155414,1.6710503386331637,-0.8212572350415357,1.5418653371324038
0.28669812300283626,0.9225184574717687,1.231825518515483,1.1615957024753985
0.4257074357968434,0.7040245932083435,0.7366331501585075,1.641647937798184
0.06243266210744556,1.0607153665772704,0.7808432263093296,-1.4846678927916508
0.4802902166189622,0.8760422536662649,2.6514567383740015,1.0067446825093866
-1.044648531412136,1.171114059078826,-0.7478714971573746,-0.9393690383681143
-1.6464207452869735,0.046759324270396904,-0.2721662940272482,-1.4067093397387909
-0.1250098884917825,-1.3620406995032148,1.1088079920617906,0.22422982622261414
0.27573686794248714,0.805355127389899,0.6244526113876531,-0.8228562326634196
-0.24059548598790592,-1.117662845876885,-0.9726284670483033,1.0633096869854053
-1.2037117203708032,1.6710503386331637,-0.5105647853752953,-1.4157307717822063
0.7130303342321439,0.9387244004302236,-0.1500365990116768,1.6838653545830211
-0.1379918679209375,0.7154608023018688,0.4571051926368597,0.03391507608908838
1.206723650086957,0.7975874767409188,-0.6319337579473113,0.47228422697199746
0.5719431110545503,0.9771149777854758,0.8329185226756171,-1.1869532496899295
1.038456822941184,0.6432548766547359,0.046743335431312455,1.2851325814337808
-0.3748627496150459,-1.2149858248801806,-0.6304653188969607,0.1375200936358235
1.3231767214267516,0.963827640999056,0.2276984786872125,1.6576008783903153
-0.5369143788518955,-1.0966810463592198,-0.3795713688485093,-1.279901607033841
-0.2848981478624555,-1.7120680211894224,-0.8904711373752154,1.6917927496902536
-0.5286281652954238,-0.5534519513334938,-0.7928940893221618,0.4415384598573627
1.5342251149405448,-1.2319858509921182,-0.8491069999739418,-0.45774587501501496
-1.755096819711681,-1.0539304624960228,0.04291025764833101,-0.7202308271190999
-0.10359237705789526,-0.37797757740137705,-0.08534021993399377,0.8967305996478643
-0.4762755976347661,0.6441871100719484,0.48625891219933476,-0.01552634883952092
0.36486584083651225,-1.0248625125529804,-0.5937729020448846,-0.4974482351708793
0.39994324053826047,-1.3405405604418754,0.4802565459862267,-0.8207109465302974
0.6060679202235015,0.9869445439097451,-0.003992372384797947,0.5076892283110855
-1.8961077984860168,-1.251973140130203,-0.4430107341486859,-0.4035863931323466
-0.25470785551915576,-0.8272550363262599,-0.8013544470895837,-0.30075242886795506
1.1693329379663444,0.6200331055902888,-0.5411792013690938,0.36276845287501525
1.218774371391782,1.6710503386331637,1.1329936604398847,-1.5922615999220473
0.25231593041924866,-1.203953297489296,-0.8126664304117537,1.059207861212839
0.7971606249681892,1.6710503386331637,-0.1714936519725485,0.1320737479864517
1.8576885223757933,-1.5293603782374026,4.12214013185727,-1.3077121059407681
-0.08655504112751386,0.925846339708764,-0.613904329833547,-1.044205771557107
-0.9900324673928,0.8364168518297569,-0.8948623742623135,-0.7404562725165182
1.6245820518663587,0.6104868286195262,-0.27543476720779775,-0.9526211894822388
0.15651126617718034,0.8218176091560055,2.542902890605126,-0.15234499345331226
0.18350740843246183,0.5629257997092033,-0.4688651399865889,1.140017681945804
0.10480598803621108,1.0938456511448078,-0.875308536511335,0.33652442106279074
0.729217558304162,0.9506681366813137,-0.602277226783464,-0.5566385683598887
0.7001571276721901,1.4665441739715461,0.9065956827025564,-1.0750746662186632
0.2130775775864051,-1.3899448965602963,-0.5356679629367438,0.38679336354042754
-0.37945281157720856,0.8857893985954421,0.15907913887549516,-0.9732170477139248
-0.6714228076389458,1.0695002347796287,-0.437554885222331,1.4996523464428173
-1.3967936703717312,1.0126872997949963,-0.5787898922493605,-0.1451514592354432
0.24531597822533183,1.0437694784878726,-0.9200439778690975,-1.446236308573323
-0.8563125346295505,1.157968620816305,1.4196726810543339,0.5315365288685134
-0.15373506610125987,0.4679901057335987,0.7148471549042907,1.5081085989721872
1.106220591590705,0.5486938911463048,-0.3924719544644459,-0.2598852955956556
0.8254978535015447,0.04916944102697437,-0.845845202893525,-1.2617775848828499
0.46443755091955363,0.8058741223036113,1.217456821516305,-1.358139192371232
-1.6119661690671225,0.48230483382080436,3.560495017073892,-0.4407827587491665
0.03220273386007525,-1.0374191556816563,0.8858583800661902,0.11382235863419549
-1.6095539072242235,0.49623813976009784,-0.3729075680375829,1.4249246463267862
-0.7340725747647664,1.6710503386331637,-0.046034440737657514,0.05702461688990222
-0.6554948011135889,0.8037945981796053,0.3504916608211071,0.9728533038898712
-1.6531271642095704,0.958564630867544,0.5901463497752233,-0.05617117009143364
-0.9973855836212814,0.21422073549493253,-0.8419294327345173,0.7326561692817332
-0.21203095190951912,0.8430903922612096,0.9961853349681172,0.8363253026398163
-2.308748338409031,0.9329696695775419,1.361629477563219,0.03841768296088081
0.4830840616563921,-0.4373010921575258,-0.5039607342693501,0.4834058323688455
0.5213829183458071,1.0563052181661388,-0.6108294484462194,0.732146847447646
-0.9061557932531664,0.9783218790066817,0.758120639412898,1.0587071679932267
1.076927686548344,0.6916974975517409,1.5812574865995523,1.1798754873908364
-1.1255799548884506,0.7832739801321098,-0.5905895277458901,1.2457001514762511
-0.4135491531375453,-0.7256742497631324,0.33804372556828327,1.2996760604691946
-0.7745600700772521,-0.5958006967720594,-0.09460908061765187,0.25355600726389915
-0.7070151476692919,0.7920679721258727,0.07204890628244659,1.381071080336735
-2.438074450393074,0.7583475911906544,-0.41308273222641256,0.36821231859038384
-0.5231629580024448,-0.7918944328520178,0.34358417612481207,-0.9551501247336385
0.11488022614036864,-0.6228277556884443,0.20424724556589605,1.4142288066651865
-0.15633047756481921,-1.0515462572344603,-0.7494567597108434,1.5703076096559074
0.3592623191770609,0.596808795739586,0.09288371055817794,-1.0777841741037337
-1.3187332580376347,1.6710503386331637,-0.6756019025050854,-1.6377784418964134
-0.4265235737736538,1.0287677292426363,-0.12725814111584485,0.9233156532141493
0.01609751104506721,0.5685831138498004,-0.8437533206824477,-1.4825628767061312
1.9879546230204934,0.4823083517131742,-0.09617909805128731,-1.3467025623598825
0.6108570620995236,-1.1340047525119188,-0.629530855716285,-1.0385414529921462
1.0539600337832267,-1.106147014856886,-0.21926736647515005,-0.5280324544790427
-0.5569558413954299,-0.4336975623775852,0.22734320960464247,-1.5717575761437974
-1.8890751573795799,-1.0098613323900114,0.2538329667624881,-0.810476601117141
0.9219742990133569,-1.4714318969363733,-0.5039709768664269,0.008531805810073905
-0.1268537164623321,1.6710503386331637,-0.3190881945597737,1.6476169251736894
-0.7389944346310472,-1.0246095402254987,-0.5855646248644981,-1.1970592888010902
-0.386091416638176,0.7363854275925054,-0.505517692416448,-0.8420621099920534
0.4441216234816349,1.6710503386331637,-0.7274957770434751,0.19237518992240074
-0.3116629909860835,-1.693071678864604,-0.3680326225956266,0.45561121291849654
-0.07787055035297512,0.6000099998235152,0.15812963864538238,1.283933558356834
0.48418091810393804,-1.1842115429018647,-0.781003793798461,-0.42297712115266345
1.0746782968006432,-0.7208043062216505,1.4813285650599404,1.5508662007397402
-0.46588731010107,0.9571257659038479,0.028887025892981495,0.8264937811381611
-0.07444777786405304,-0.825329824418727,-0.6258682675166096,1.1704056477842415
0.1689410510953945,-2.0157490976693975,1.9696428985008,-1.5500015067471793
-1.097891594098402,-1.3222481859920168,0.8839946219687258,-1.7028068639369012
1.6571352888864692,0.8521469604473482,-0.89318037457467,1.1784458531479742
-0.2424299820314259,-0.27754059556141825,0.5043168038824061,1.7181277174711367
-0.8060849150906149,-1.130050752082533,0.7688594770534258,0.9450640763317034
-0.2327921639866843,-1.2358858012739191,-0.738484046867829,-1.1714941005566977
1.702247422416373,-1.092868127615047,-0.21596597752443555,1.3128440841832942
-0.2577844483982603,-1.0437352310008736,0.612819495958742,-1.5026102084578674
-0.4531045383615351,0.8334100907327511,-0.9514395105795861,-0.8005800675850911
-0.5920178573458303,1.0100301161004812,1.2299161555670817,-1.5282583660022644
0.8527761525495834,0.6086369696812863,-0.8466488598904491,0.9901115446546658
-0.6640274557356977,0.47119871542114766,-0.836016058484993,-0.04100805270454361
-0.006391669209966629,-1.1100279784670075,-0.5101900744370568,-0.8168131769379198
0.090301156360513,1.6710503386331637,0.3415865099616678,0.632232668059775
2.4522413693833087,-0.7613210359069752,0.13852168717182906,0.34138363549379874
-1.172494499769197,-1.5287760171728175,0.42888940394145336,1.1057181456443632
-1.7272586619227936,-1.6244660815246015,-0.8622563029352895,0.5151367720608208
-0.21125377169698323,-1.6856755018148222,-0.5644820382822054,1.1946722797008766
-0.09196633491747826,-1.813484061570011,0.7709041026521375,0.5783943456606024
0.9425790682141011,-0.7917988558934534,0.7125838562874288,-0.6718676381086512
0.09182473113972711,-0.9525433224770958,4.221099071105169,0.3182865586495161
0.6487776448006749,0.9005707346682137,-0.7708469842995251,0.1322799935117395
1.8736669823808227,-1.399783822321141,-0.8863201854914703,0.9176163373595811
1.7478140182988349,1.6710503386331637,1.1434194341660409,1.377084585664258
0.42484673423082975,-0.741622913225419,2.5695364961316507,1.4892508008028917
0.8110297511010703,-1.192526903183503,-0.5906712942591046,1.6097074389011579
-0.6049297606100511,-0.16886731706640348,1.0166721363576465,-0.7816040869599522
0.941034755859432,1.0929398441897662,-0.6822449894953456,-1.1212171505812345
0.876520641341517,0.7849310957974601,-0.4647030311570163,-1.5419025628878447
0.058074667791206895,0.7972403367674646,-0.7247420418143818,0.9369571766200157
0.6274261590301891,1.6710503386331637,-0.8553827915148638,-1.5585954013797203
-0.569312484405549,0.6551156098842588,2.8278642764488993,-0.13437841100349468
-0.5602787370192197,-0.8506562728340638,-0.20583148202483534,-0.3927733368064812
-0.34750814934891444,0.9994459110320242,-0.5493613723264281,0.24396083749001723
1.7270773406078062,-0.6351937983933719,-0.9572728303310059,-0.5665814887833492
-0.025473307454289437,0.7662391819067902,-0.8396449100233088,1.4064653892220083
0.5847373759525222,0.6912482041404493,-0.22252963739148487,-0.8806311081509415
-0.4344795582019754,0.5741371152691366,0.2361427415291544,-0.0004785139786070818
0.4702241183226689,0.9913065140597893,0.05799657112407638,0.19137463098216442
0.13527114215508737,-0.6551614562844147,2.114069799890626,-0.07111931368488787
-1.4995979538898532,-1.0217447528448809,-0.17621463274759205,-0.9821850311086952
-0.481255340723792,-0.870035378256197,1.0020762267031929,1.5839361102900749
0.7050793816600228,0.8766330166804089,-0.42129732071746406,1.3734829604944865
0.6432541095764637,-0.744424058134722,-0.8519862015785064,-0.8774658587792561
1.5990715466863956,0.47489114662153215,-0.651689601333815,1.295562793870995
1.374460299027807,0.5694124554760869,-0.8105910507989957,-1.2982318127513583
0.35912874697506875,-1.2870595376487572,-0.1175876535605659,0.7001882653074082
0.4190071822881327,-1.2826909913635596,1.7501487747258306,-0.8751422603102976
0.6656536470087668,1.6710503386331637,-0.6806489671725847,0.11996328984435185
-0.1461851124544422,-1.1305711771782254,-0.9563831257319237,-0.5459643472078349
0.4607543116949495,-1.061084834405169,2.2280786738496245,0.9052853555146688
-1.0805164354989696,-0.962507507450652,1.2742472239276215,-0.8664982166434205
0.5029611377936701,1.0013102990322373,-0.9293103443536491,-0.08774949484205764
1.5920323403778802,-1.529401411525626,-0.48066709155325826,1.4827747871082653
-0.22636588786811254,-0.9784860966741928,-0.27731045430176277,1.5932324039116597
0.7776131574173999,-1.1108439857173282,0.9194404165105019,1.0065829291702604
-0.25128172057748127,0.4171339441231242,0.04396904615265451,1.417096609254307
-0.5101244576003049,0.4644692902756486,-0.8340112467021868,1.1475643505852575
-0.7933791167698896,-0.847371605723226,-0.456736474488798,0.5523845612295423
-0.9522559264453182,0.4369353514877907,0.191425663226657,1.7192815815947124
4.017885451371369,-1.0782483574152664,-0.9815137749467202,-0.7896562911669063
-1.0466844790790277,-1.4985197175371041,-0.39262788433500884,-1.6461124712084547
-1.7762465430486858,-1.153968477997542,-0.512357537272233,-1.0339513484171354
-0.07347647318440499,-1.3678626730671342,-0.5892653882129972,-0.961093947637775
-1.7274989939888745,0.6290707822942929,-0.9457596771418503,1.2770963464021743
0.17964016776455702,-1.5801114285691582,-0.79028072949986,-0.036452302257736956
0.18846757253693067,0.8878261729947714,2.129470887938559,-0.9369506609875601
-0.379368170086725,-0.6945326767386165,0.04434533739449387,-0.16027766282857958
-1.5306193345246184,0.9309998990937649,-0.9561769928633753,1.2632242315049607
0.3143060765336533,0.8909146443749154,-0.8855840641982988,1.37064769766553
0.5272436393573087,-0.19797337216631264,0.5324819779567355,-0.09135811321377899
-0.40215895239982397,0.8150028971951737,-0.9752687835886233,-1.6338955617875885
-1.0608531576743743,0.9740655709141902,1.9717230459875918,0.26080115757524236
0.06382937565011845,-0.7658156652720455,0.07243122751652045,1.615175618964098
0.0023787444238039276,0.820889251748165,-0.5298566712868583,1.5855550948553994
0.29064177191605856,0.7011594714221269,-0.934284990898075,0.08501793251700888
-0.2983077162340907,-0.653106672145405,0.5059312273867045,-0.48325831807816133
1.450041332265579,-0.798868462056471,-0.4264967380730747,-1.5122343488160552
0.8712234689719868,0.6372474111491799,-0.7203951506708635,-0.7852956361428871
-1.4436770519225028,0.9123265302150595,3.215271673397322,-1.6539970653959266
-0.2950153758426496,1.6710503386331637,0.2663677191815186,-0.705527200013583
1.0573651362738812,-0.3757397704427268,0.21778609013653827,0.7836126128011789
0.23106112052706915,-1.1470894960638318,-0.7328534618363862,-0.443286694770662
0.537001184563408,-0.00953371420446866,0.2851450460520159,-1.0893173142106214
0.3289399325652534,0.4774152178441992,0.5854197874290243,1.0878364352545205
-0.6968941993990254,0.4861645523955973,-0.9770169006398983,0.18704012793379288
0.6216528754878154,-1.8693326429794273,-0.5443736367383927,-0.6438761459875355
-0.41973561970117584,-1.0381739334695568,-0.8676095464690825,-1.3349727086603258
1.135195523614151,0.6549335317548078,-0.3827557220738786,0.2898904266579684
-0.6858878571977599,1.6710503386331637,-0.6997233798752287,0.4753688259359945
-0.6156764801195399,-0.9361430305832138,-0.9460453438195364,0.2887975240079064
-1.0708310866809245,-1.1155904667395735,0.22376900562984384,-1.459933853727173
-2.549425451425968,-1.228555406088635,0.2859212075113047,1.4674783336961328
0.2732045801173951,0.8621021331305244,-0.7466208923825778,1.5603592330596607
-0.5222586298246238,0.5431436303167989,-0.34401891361269343,-1.460473996550481
-0.5663489593808891,-0.713655134003212,-0.6883915389248674,-1.574721309171057
-0.6548238763061356,0.8611017957000382,-0.3107922910682399,0.03189126529703459
0.8120368463980021,1.6710503386331637,-0.911631396603686,1.3130744569386477
0.08464506105368379,1.6710503386331637,-0.2829357276910998,-0.5794505849344757
-0.291113739365017,1.2325810905227816,-0.7327434846372272,-0.5343339387259848
1.8022866911690762,0.6259337576508724,-0.8762913509905877,-0.9646104314616434
0.7994809081889168,0.6576945928366147,-0.8883445900901281,0.0414663102879028
0.2656204238893166,1.6710503386331637,-0.7145108684381408,-0.41601059510355043
0.22362580401763332,1.6710503386331637,0.6600042009980068,0.5787580625727667
-0.31490487575385356,-0.9145357597867104,-0.9434671008041221,-1.4272653645964894
0.8769589805699982,0.9003690436986057,0.3897067368937706,-0.6259065369545252
1.8404227768626686,-1.0461148283045771,-0.35164794415876266,-1.1208477129296155
-0.19577354188742663,1.1202937289178179,0.04891586493883204,1.2825954380944218
0.6612324368035899,1.0272862303983592,0.4867241128230636,0.7440581991291131
-0.6018245582050548,-0.7176015795367423,0.31915769775090574,0.12606090821808735
1.171420235293969,-0.5040153137492842,-0.9695537458416268,0.21698500057419182
-0.32868004181701915,0.46966986107891684,0.8032399034896869,1.0971576135475025
-1.0980751163858788,0.9575325343253436,0.36364166546265647,-1.2927333665551204
-0.3856491129918132,-1.0384909848852109,-0.013998375173509365,-0.7755279810010028
-0.7250514666917491,-0.786218370110613,-0.4956962739769678,-1.1419657099501372
0.5215880420081239,1.6710503386331637,0.8571499253397583,-1.0577576570760394
-1.2084127365654802,-0.7210331665961801,3.6929033131523314,0.45116565303463413
0.5523889937452776,0.8926726992328877,-0.7581475052121811,0.11177524733355798
-0.8227828334516711,1.6710503386331637,0.7218103866325779,1.6190256893979476
0.6215743698058757,-0.16522033417161278,-0.7684487420681279,0.7503356876863342
-0.6286334229758417,-0.3323060135580194,-0.6793554441074456,-0.18008411438958224
5.367024433935542,-0.8920533018323799,0.7483932994280148,-1.3859264298216298
-0.1434741516123036,-1.2586772060743399,0.037471148428657036,-1.4460668823364435
-0.838779133212087,0.8137919897709436,0.2034090858726556,0.9347792535800517
0.4127777416983242,-0.9383245733035536,-0.3745403805182106,-0.1908029960591819
0.2585838125449448,-0.9471137283247939,-0.8593292242195159,-1.6282916007101276
0.13161058165162243,1.6710503386331637,0.0882917417145308,0.7261346151319289
-0.9156322825127717,-0.5985926588723729,-0.013067057108257446,1.5476911201940582
1.2662752037495695,1.6710503386331637,-0.651958845066003,1.6327140432132041
-0.12501336198272056,0.8429948644804148,-0.2067061566435506,-0.5459456039837164
-1.963570939819253,1.395512681742962,-0.5821545534009893,0.8812999052978621
2.5706856975012222,0.7209299565732865,-0.6477755639275922,-0.9083127326791043
0.4876403336283125,-1.0942345252761463,0.7496878697804258,1.3287469287089395
0.38771167129236367,-1.4021706941687853,0.8373275539873481,-0.2819645329516923
0.36463641001620145,0.5866186492823245,-0.42481287811927787,-1.0797723476722116
-0.5141824023033992,-0.1952888656874369,-0.5494950491888086,1.2550439995783416
-0.8289746526430664,1.0003097866265533,0.1887905374221983,1.085566216498501
1.8221756414409063,-1.5505935821980092,1.9458112262127518,1.6164806715389246
0.4830755595930949,-1.3816513812876314,-0.8427517601481282,0.8681820629487274
-1.0174483105424268,1.0322209125466342,2.9146296734876866,-0.604442511895707
-0.0965347202648907,0.8529140062079744,-0.8370056341466442,-1.5261697970251522
0.14700290505336386,-0.9505404774081802,-0.32610750584408316,1.393608366583437
-0.4440001816730463,0.6072145143642015,1.4625272337782134,-0.57021019693538
-0.5693824307391737,-1.0474642403457284,-0.777103819542636,1.2690961426815588
-1.186376371893074,0.78398506267309,-0.917905318547132,0.16639779178601272
0.991142099391569,0.6704342500269537,0.5116293905686888,-1.3799699941675263
-0.967802028889173,1.6710503386331637,0.6459525101012686,-0.8189688878553844
1.1293155008046158,0.7588543238238784,-0.5525110484851721,-0.20751183522602665
-0.01937812107443996,0.6333500651612868,-0.9239385932567931,1.5038785451848928
-0.10262484940299617,0.9086715319536669,-0.6795919603965705,0.1339017101053244
-1.0183729141298061,-1.3949993339296087,-0.6658487184796581,0.1838283907246305
0.2175380113857385,0.7993016472339494,-0.028374415046833183,-0.4761914064564873
-1.2721571422328115,1.1932856072630724,0.3513129701771423,0.8464147394525149
-0.9446775169990131,-1.4886660922191546,1.5252705123419117,0.3179830239883295
-1.4687711698760837,0.8785071600589768,1.3249349318738628,-1.535086985824483
-0.6680576633041336,1.6710503386331637,-0.09804427623506541,-1.5275081019118044
0.18405081818227997,1.6710503386331637,-0.09519819891372142,-0.7305412071944511
-0.5315024589936361,-1.0455910625985845,-0.969287742725213,-1.6565555795791789
0.8090651833277825,-1.0958761526439413,-0.6344791302906839,-0.5347338437033666
-0.1497271620138719,0.4603359781376391,-0.8402277905886805,0.07045581059926129
-0.5741660513535443,-0.6344145237301153,2.044089888697513,-0.2883581617107964
0.2660300324714004,-0.7269220999157947,-0.3824058811380379,-0.855402585830472
-0.15826076151403426,-1.2962501849115202,-0.7024793912389082,0.5447364917500913
-0.3627931014039874,0.4693474500164127,-0.8118781095736121,1.0750983695471183
-0.5135560693643532,-0.4114421130340597,2.1112589755265536,0.21772450686095626
0.2149428339963624,-1.4018702077959648,-0.46483403582494787,-1.643175128564358
0.8900902998695915,0.6613161558702733,-0.27949403183589955,1.3249643443355075
0.4867275640141411,0.6541394660795943,-0.263445952146811,0.6213429997995337
0.07227414414789732,-1.4494673464796297,-0.6894262346851847,0.3293559951378386
-0.5388495822477726,-1.4779191660044955,-0.6658325006437306,-0.7990697209625024
0.003520864619819591,0.5964699410801034,-0.8699770501146762,-1.0579806688613655
-1.755981969613829,-1.176756477254453,-0.3238039218529153,-0.004824570616403694
-0.44920142742681446,-1.183018795605074,0.04846104281994289,-0.0969087619898818
-0.5957223808585607,0.4790697423474803,-0.012553539039562443,0.8312298183438974
0.10250419275347143,-1.1072549525304247,-0.7075132718346858,-1.4933904543759111
0.6864800287971183,0.30440647106810625,-0.8934699927894284,1.5555824289248639
-0.9012406281325583,-0.8281832974987489,-0.801705073536416,-0.2964700128374134
1.796891847523256,0.5951350408451959,-0.3925900088176891,-0.4075701947328857
0.7715583964023744,-1.6123170719790736,0.3665274916697928,0.22136092552757303
0.8635608451054163,0.9516534366766888,2.488017819402425,-0.8867316029925366
0.3896948227014924,-1.2868714424508902,-0.8957038329915417,-1.2767515811867467
1.0019551509732583,0.2743885075398205,0.588165152220723,0.8974849844180467
0.7227537447186135,-1.6967121634914897,-0.801389837129237,1.6256673205729377
-0.6597803978134572,0.09702748044206796,1.346428437666619,0.5243507230267116
1.7453131892742242,-0.5652475826231671,-0.2650949774863423,-0.9056008751052724
-1.2364869818433717,0.8915800314206239,-0.14971498067823,0.25963478289480496
0.3541338494010983,0.8656185304065983,-0.8433041048754739,0.4950364104156268
0.8040003793139092,-0.8715314472014557,1.503940818570127,0.5164046161471603
0.2586502773240033,0.8746723422577828,1.8678751040147457,-1.215582253160113
1.6205831324749898,0.6909352312247907,-0.6288545792236893,-1.0180598498018973
0.7138374696074294,1.0567200737426954,-0.15345612602066921,-0.7799395776362847
1.3412731789231318,1.6710503386331637,-0.047638460713361974,-0.6319083123799768
0.5510729064053104,0.3744511015655894,-0.8251255021223721,-1.4222923306760582
-0.5099852958899642,-0.4338960006591314,1.5176203764102971,1.3557603283233834
-0.9571584086494652,0.7911852765402111,-0.6102491613504102,-0.779324503292781
-1.386393747610318,0.8703112029674596,-0.33248876737891353,-0.06998387541783
-0.174007043691441,-1.8629398214324617,-0.3476550669691405,-1.2465475387826819
-1.4140096766902686,-1.688671061061541,-0.8660963232969643,0.7804730934544681
-2.3411170617099515,-0.34505760162138555,2.5560918047236734,1.073142391280378
0.6204568401306308,-0.9096525984286506,-0.7936846564031792,-1.3549761949491776
-1.0594834353635676,-1.7050245331395035,-0.37992712938809103,0.28759501118331726
-0.20534046624498034,1.0490411908119532,-0.5174869258389845,1.658614771410632
-0.09679512155406896,-0.7018118850453479,-0.9099109358893328,-1.26679808586933
-0.3810251761403775,-0.25142887391990054,-0.4881205002407729,-1.6672059558929337
-0.24958435965599832,0.5306976326459583,0.20695434038839877,0.4925223653677936
-0.2884543883450676,-0.7479690042549766,-0.6144195783334984,-0.12430273314574013
-0.4840872919613531,-1.0368191004983294,-0.40213361618504767,0.5647531923559674
1.065731896202971,-0.8709064204036565,-0.9475988791933158,-0.9308571938211293
0.8513665663178651,0.5390146558993152,0.7729592576935402,-0.43004135455527837
0.06418984249598733,-0.7856888577242922,-0.5761576923912988,0.20633191603052406
-0.10263230297928155,1.0792316914090114,0.8524356173433684,-1.6460633959481576
-0.5346695271450742,0.7877640919511973,-0.6507661933545079,0.37784648823083083
2.116309402951783,1.0450702481295193,-0.9471521079606305,-1.2174904872700503
-0.17074641340606814,-0.6896493915235618,-0.6849602036825646,1.6141771532448388
0.6575663485762673,-1.9233804176366767,0.727908680246681,-0.04758141490416522
-1.7512572124588075,-0.9663680456804462,-0.550262468604754,-1.5569215148195137
-1.852467903676023,1.6710503386331637,0.34653694032809956,-0.7071020822519829
1.0960729638709847,0.8213950057629467,-0.8848581424549771,-1.5992117304572662
-1.8872282051415332,0.8004763561825858,-0.6539514635994683,-1.4923530389477389
-0.6706129993730622,0.9439936645075863,-0.48906155719011035,0.4458337476807438
-0.4956297423627031,0.7829965157888916,0.2849186384504208,0.4266310085719166
0.3028528351828282,-0.774254420884792,-0.5486528180488133,-0.9003102465645401
-1.729969681369442,-0.6991469503481379,0.34120893233493554,-1.540676568999591
-2.0911209083521123,0.598431497842008,-0.7755510048854676,0.40909672271144043
-0.43956983139318667,0.4508283020946167,-0.8291176903045894,0.5823213921516768
0.8852228152376628,-1.245541488027832,-0.3556899613134316,-1.1737994668512153
1.7814233251884557,-0.18728824077303,-0.6999494271503802,0.8200433891040599
-0.015329784500036145,1.6710503386331637,-0.6039022844619866,1.208817429364866
0.9159058314845215,-0.7791709467557371,1.054504538376877,0.5091033222616665
-1.6061361197704187,-0.5279709563983129,-0.24756105730958428,-1.6000677896961866
-1.1790770642951707,1.6710503386331637,-0.49892155100851826,0.43261100134654396
0.33893940311950654,-0.30818281063088193,-0.43596704129050035,0.911155406522881
-0.2511080670832211,-0.15107134992449667,0.06628829407699742,1.0312928307200049
0.2727150907669985,0.055996207653389134,1.7320924291189368,0.8181979873436187
0.29331065600079886,0.7490138081548872,-0.40396295757492456,0.8827626776890412
-1.563796357978195,-0.9902327678930477,-0.294027498336612,1.2994335183502812
-0.30235906136526836,-0.6539909617088082,-0.0802196421845151,-1.2842759278820512
3.52478336608256,0.8688473074515561,0.226582066285574,1.6685017038758572
-1.610296621650771,0.8756685203121016,0.3537921244374943,-1.2553824523132382
0.27736055813600796,-0.6095372107599346,0.21734166105343705,0.2969395331492843
-0.674867353262929,0.39663202258808417,-0.48857653022989306,-0.5656078997269223
0.29959358889178317,-1.2234209916490755,-0.9626692149203742,0.45581199117287036
0.578173137204867,-1.0528455590160408,-0.5270496084722469,0.5367901502505837
-0.07973365798164588,-0.9522856851584107,-0.7765956727643549,1.6726619962177385
-0.4393081649865492,0.5161375499934113,-0.2555796461333032,-0.29582567115103264
-0.48960324395196475,-1.4223888422915472,0.16101776775832305,-1.3120362574519018
-1.2790371288600357,0.9695144680593807,-0.9714549722853209,1.3071428703978454
-0.5910569790090562,-0.8816213662932147,-0.3809335897859584,0.4891892969943184
0.332801289578055,0.7230262096571431,0.029366078732498184,-0.8137300887352769
0.31006439421268545,0.8770681164849657,-0.8078587858728772,-1.3723306374633606
-0.6378608769640254,0.7257712207776582,0.131425282774016,-0.658644012064014
1.1499117029754578,-1.6273049871056835,-0.5458706598596909,-1.5826295585612271
-0.27141433906798434,0.6936433705079664,-0.8139812614068563,0.47839141525749534
0.10197294744135302,-0.9903983040031985,-0.9831706410296309,-1.3489208144894176
-1.652205888913441,1.2667292472819764,0.6899772896635517,0.019286282870383913
0.3765870632515072,0.5441634785130917,-0.7414341960494255,1.7077700834147902
1.3109235657140041,-0.8916159881177408,-0.00688579737970643,1.494938485146353
2.396059701570121,-1.5359122998155612,0.8110925810902946,0.22749237292184524
1.4258633718212739,-0.4823599584201324,0.5580183551816067,-0.6908727004901497
1.170565766480458,-1.0537097990151876,-0.6970870065603897,-0.5020571897604293
0.629293424567457,0.5982676094369055,-0.5947235941072119,-0.8086567499042521
0.07049547284819721,-0.663928860627698,0.8075362618570002,-0.29438129609142205
1.6098647328505489,0.7122717097565988,1.7467755308101067,-0.13726712482813652
0.6367922575417859,1.3054915983309874,-0.956379618596845,-1.290526058845553
-1.245126062888233,0.7552526238841228,-0.73375590265759,-0.07597049446097726
2.142630627377142,0.9012331779781558,-0.6533626154276471,-1.4378121220897628
-0.9456578074290023,-1.6291845521533004,-0.11086470891623379,-0.9287745218795124
-0.6970613774992533,0.9430219201387835,0.32397869060245726,-0.8285434221032307
-0.38529300492262103,-0.7706109153966669,0.11852389708732407,-1.0441451864692906
-0.5627972966686882,-0.2492489524010288,0.5600178359383157,-1.3709839310201954
-0.6290943184792811,-0.7010657274120667,-0.822620079044786,1.0615064942752173
-0.2655357057807731,-0.09799741307886255,-0.50750980126714,1.141034373491966
0.4759308200578691,-1.923270529687414,1.4024998390098389,-0.9878894966577834
-0.8075885241579884,1.222053654631435,-0.5082085810558931,-1.2529886600812106
0.9055650538372945,-1.6501349837277757,0.7496126352553848,1.247548770478948
-0.08165658441569665,-1.1442872841911884,-0.3900545223375719,0.48356813910783203
-1.2372796654785405,1.0946101302640066,-0.08464811974800965,0.7865221228202394
-0.29239357484042083,1.0325193883291692,-0.9557667414615945,-1.303311020740201
-0.3430420549508386,0.25890648010186745,-0.6827387220110849,-1.0652284894500785
-1.5329026450663041,-0.6127902459155197,-0.8146880921341757,-1.4841183154043185
-0.4937344810208786,1.058748058333588,-0.9059141623701414,-0.2320616131881196
1.0661304721126905,-1.0604804673162047,0.9868836099461014,0.3745027926060006
-1.154497580210982,0.7459051513498827,0.22355874148173574,0.11274408226449394
-2.2096959116828514,-0.818829020681173,0.2524069614215176,-1.2736403256413529
-0.2312124309612479,1.126919783172017,0.06568157232325617,0.7673995148688457
0.21127543364044082,1.083251666190411,0.847329228841122,0.9327634987935921
0.8084677953194115,-0.8791848162888355,1.9081290614268829,0.3982540707173884
-0.8500945776403078,-1.8006580610333458,0.31381152792602784,-0.3531683920222778
-0.5921890268516955,1.2561136379515188,0.8783738607513802,-0.33021943211999605
0.25390570536713186,-0.6931743366160739,-0.48628919307733964,1.6039462318175632
2.065534433215498,0.8223384367876186,2.569723342879743,0.64410226690795
-0.03260124722626354,0.5787785428939631,-0.4481704611029856,1.1996885319575266
-0.4226998791244681,1.053879149065636,-0.4423554951540837,0.7077368339305697
-1.4504959739105108,0.858005800237986,-0.16249001045284764,-0.8677052635498392
-1.1716757554612973,0.458085989992172,-0.22963403841280336,0.9508210662032499
-0.7419246230930241,1.0253465768912104,0.02658176385713061,-1.455478749793909
0.40264491449485956,0.6804182785749829,-0.9196149251048676,0.9487062538036801
0.47187361562229435,0.8844961638595582,0.6498236115363861,0.6033697291605818
0.45240081772444507,0.5774878344621754,0.7072282887064759,0.05179784394316992
1.455076457944779,0.898051945392158,1.0421228368192694,0.49624840074328597
-0.471805079361377,0.5529788946980962,-0.5106513610341942,1.4351748481398217
1.096031715066945,-1.3454212411733149,3.918617010160131,0.27723268712693583
0.8466277943968428,-0.9833170161937707,0.38539931303785196,1.4049055116201292
-0.29971332520659344,-1.5100745327121812,-0.9023559537419029,0.6550514059335926
-0.47638728661159796,-0.7029566244369062,0.3563737494336287,1.495264853954284
1.5261701411308228,0.5130913364184791,0.3557903132745624,-0.6702285875045597
-0.9747964993071024,0.5767374356212395,2.2258692550190524,1.1120966119106614
-0.5443907184677407,1.227844574792258,-0.4155115617844911,-1.0629474874565303
-0.09852819831445667,0.8335377250713897,-0.6222829151289784,-0.778085048196487
-0.8410336361487468,0.8402459044642507,0.9426989309717059,0.17696575067779918
0.5409821793705967,-0.14016803445419548,-0.7244520358645437,-0.526895879433251
0.010294214829828225,0.9278092936494421,-0.12893633420134368,-1.4191801810215183
1.4163118992713066,-0.3132108765255024,-0.4483623496765016,0.5646332322343557
0.16988634989573917,-0.7406497606481262,-0.13262048831262216,0.662143541768919
0.22662028902320874,0.7936639095629977,1.7629641513417673,1.3840398732760386
-0.11848595125312192,0.5923262156773311,0.7027600550093597,0.07510132284110799
1.2509320166371245,0.9303643559058717,1.4756606455881291,1.5309915733965542
-0.4382312662453964,0.49590669947759597,-0.519020031272367,1.0536835912080893
-0.1590248098575627,-0.74894799975601,-0.9587968617107503,1.4439766175523447
-0.25624453826394433,0.592943254358068,-0.10193819769541142,0.8788486552099706
0.04236715974094551,1.6710503386331637,-0.42168325261370054,-1.4465900679229209
-0.28182754171057933,0.8375308090058619,-0.9506080626611738,-0.06548950812556205
-1.5331938269070595,0.9365790723110239,1.5228192440694484,-0.991046274077831
0.6059491992905053,-1.8421910871379998,-0.4290808087455773,0.5435274208590491
0.13858026898497794,1.6710503386331637,-0.3551957640542678,0.6401055357193727
-1.3109550225730944,1.2871600022872125,1.4379546329213184,-1.210062816127628
-2.5538979679379272,-0.2952413848934788,0.5189214946236989,0.2094459769027054
1.3329601830620141,1.0984684610938533,-0.8756903564670756,1.0036676121999113
1.1457501502445213,0.2551177849123841,0.01415282753185843,0.7696800208234308
1.0004238363904907,-0.6909299796996247,-0.8728411909444299,0.3651623034271835
1.4767357993297856,0.8562076559014417,-0.9710384236999321,0.7847460168511836
-0.941723240067452,-1.503478873897873,-0.9871249146034807,-1.4805409072277842
0.29156098866460894,0.6763957418752183,-0.9495911061754118,1.437163803975396
0.6055358055056608,0.7937568022645827,0.5322903977319579,0.9375403526773276
0.03969777332114622,0.808252127714847,1.1594211037532005,0.12456376320488317
-0.5765912124222584,0.999686156230915,-0.4461701039828162,-0.7975752133755923
0.7233128895304984,-1.0194774446264698,2.3938245001968013,0.12380312536396006
2.7012461876112726,-1.7612979326128975,-0.3698994508269613,-0.3020584659719436
0.5671433237419882,0.8464968883797372,0.9687499502612776,-0.08344234776970182
-0.7992480072014059,1.1110644389614481,1.7695588812213014,0.3486375919710188
-1.1081867697837136,0.8477532106778757,1.3945684254995403,-1.3303099359577675
-0.8656086868720445,0.9568016993122517,0.7997175116091881,-1.2433675239962394
-1.3940356622019914,0.8437229467798333,-0.185771673494214,1.4535123657868636
0.9481971804392473,-1.1808843924665795,-0.46517820290786677,-0.7769014731967337
-0.5519645472214963,0.6929679874164031,-0.7464254992631778,0.017723830795428747
-0.870243664021004,-1.0487197614578383,0.3951975257267256,0.9144873692595679
0.18147831188429694,-0.4063076599777105,-0.4683497070412843,-0.17501653820811283
-0.9743086228930556,1.3305834838770108,-0.8553975485492156,0.2927752119036336
0.16262879541586012,0.791629820437137,1.8456645717908258,0.9780315657007407
0.3296432485248396,0.6421547596458933,-0.8798245423592019,-0.3769056955300738
0.3536812375197365,1.0802247501449227,-0.9670683942843536,-0.3472275606936326
-0.3623251218847869,-1.4464607529459945,0.16384416617330305,0.7575082459475339
-0.22537245409254722,-0.7418103056013692,0.3475105103353856,-0.8046283037611808
-0.24846375350231353,-1.7112426095276754,-0.9253573106933264,0.923586469053879
-0.4662942056276358,-1.151417971158297,-0.8653526409245065,-0.31731602436446016
-1.6262745762710809,1.6710503386331637,-0.9841720562008788,-0.009236867587677892
0.292083298648602,0.4577610084043616,-0.8223817329702658,1.2228268639571145
-0.6444330899126612,0.9306704384373151,1.3278947497299671,0.9928526655597587
-1.1627843389791794,0.7069750995586853,3.5776066180960036,-1.506178430873865
-0.7982579647391244,-1.3692068848126264,-0.5464768362944828,1.2730882174198113
0.2594953515991235,1.101993496428195,0.5680427592698032,0.6302721381381475
-0.9617823238902333,-0.3182635576408428,-0.17482227374524054,1.4007218165491775
0.523609872108414,1.0169566892070274,3.3228540254775756,-0.5885405919217984
-0.41957643326067884,-1.339005712802345,-0.15374551944429846,1.5665090976883902
-1.1351663182576885,-0.673759944858552,0.016309029073584246,1.2706749027391564
3.5998493385913672,0.38379668968405384,-0.9641525982089012,-0.24626711967288817
-0.7506462812493406,0.6786036812330889,-0.3673445880776103,0.5030414938126431
0.435840527244218,-1.0215621127878347,-0.9174207192319793,0.17584382441096277
0.7051744159704993,-0.14006503197456832,-0.49719240346785054,-1.487424248425425
-2.251688137689712,0.8963405490388057,0.6004832664115044,-0.3578684101391409
-0.3588219951016651,-0.7484200724595872,1.3378733263319889,1.6603271013817984
0.26221188345063157,-1.1909563956395428,0.40148400278559415,0.8094085276341488
0.41709107174898213,-1.3558550000409457,1.364882221016233,0.623876716317904
1.582133355485953,-0.5013909188002559,-0.15666619789251968,0.014295278837191458
-0.3478498073693531,0.768882125554475,3.118409432857447,-1.5542928194233532
0.8029874058794941,0.6958426987138739,-0.5206643453036289,0.24005284365068602
-1.1682759670096556,0.691871605864271,-0.34392684077929786,0.005289891413797918
-0.6582881866472562,0.6478498296733727,0.17007742816847127,-1.160859337352817
-0.24237964191894487,0.7005530894912608,0.5294296518464272,0.20433526106471425
-0.5190781598719532,1.0863689835805566,-0.7751821202811315,1.5285104451431768
1.277237167910588,1.2551980714369728,-0.8952601550546219,-0.872809781865848
1.113924168299206,-0.9725264069944639,-0.9269353323062051,-1.4912766783367626
2.956835216440237,0.5784455405087777,0.5798461462168979,1.4922080372041053
-0.6886548713275701,-1.5534389316575736,-0.5193841299541854,0.2614884416822088
-3.2131214712161853,0.8621258956466255,-0.8084305984324643,0.22385288194194353
-0.23822231023976603,-1.5136984970097018,-0.5817334775216659,1.3940406089205004
-0.45797726885338036,0.8801866244883155,-0.8863333594485175,-0.6161743751664069
-0.4679535813614647,0.46971049079841404,0.30686202241432453,0.9255308557230051
-1.1263958427195433,-0.8966592977757605,0.635058504265838,-0.5746536404578131
0.9988698040304904,1.6710503386331637,-0.39352691715081217,1.065856642905353
0.6366788506228284,0.9287559323313723,-0.8631162440304299,0.33665816869648246
-1.0237308312280915,-0.5721609893426873,-0.1206843341362323,-1.0985973530629656
-0.46765737439986,0.683035064721184,-0.8349170235202603,-1.1630877861697257
-0.208111042646862,-0.952129667711146,-0.7110331088662423,-0.9057392295384599
0.7058705338893672,-1.2216174223570304,-0.4636996838512479,-0.695516669218082
-1.213331177044338,0.6474096553855083,2.2798730027516045,-1.1896835940690083
0.5943527907794637,0.6128258272271938,-0.608197218441099,0.9266848479423235
-0.9513940291339626,1.096023332723628,-0.48001324420873753,0.5299213282182512
-0.7564298316412261,0.8541971580927605,-0.1199461736867961,0.22346766664479137
1.2710783575393294,0.34011806276031525,-0.535714240541922,0.6890686547425333
0.657526143345012,0.5165434894074437,0.06565282331792438,0.4591858993771316
0.02476871064764279,-0.7632335839508084,-0.5616311193810161,1.703528601609731
0.3061250851941467,0.8328337816506587,0.08789311028102917,-1.054965910803993
-1.348230470748398,0.8277798697388604,2.3785739917171522,-1.475645213367778
0.38404188701702313,0.1036682328573767,4.16449622667631,-0.2933491497979094
0.48834025427269784,-1.144538949041225,0.39532890488244765,-1.4094480444387738
0.4448707722546576,-1.2048680027571126,-0.41798028862293224,-0.7628295838613263
1.5218756199765715,0.5484073203926897,-0.9735483080262968,-0.8615331254156483
-1.2580870507553013,0.7746684740868441,0.37621528830245005,-0.1933700182286015
0.6084282086895846,1.6710503386331637,0.08181815039776083,-0.11888802810145342
-0.37620699968858534,-0.8410811806061178,0.8701256890329598,-1.518665593599153
-0.9680593437875116,1.142779201045689,-0.4083869316772245,0.8558895928388376
-0.21737476846376483,1.6710503386331637,-0.28518887983187496,-0.09725822119329379
1.3970278012856483,-0.896468688057126,0.5350489792908335,-1.1817555627432466
1.4564074496341406,0.7700624225454475,0.033984877131536195,-1.3193610387721884
-1.470129041216661,-1.7755496738560441,-0.8484380650776697,0.6981407509161168
-1.4794677005133645,-1.123972243628558,-0.28981850998534936,1.455373113530408
-1.0999087111959303,-1.4479300446192993,0.45883158669990787,0.23449908093190447
-0.10229670950729547,0.9813470503678184,1.0368220760659215,0.21753644597775035
0.36392047088594653,0.7851939105492813,-0.7995455366682085,1.0582704799412928
-0.09331042886762354,-0.7344919040413698,1.2983751851218446,0.35337188061430486
-1.2530250043288844,0.8111751530978779,0.5145415788799669,1.5311630482984202
1.5865262728356504,-1.3381474261145316,-0.35811955977946036,-0.2643301184775094
0.2950960086810158,-1.8956444186345107,-0.6834081933212783,-0.10391093098792098
0.671669859170267,0.7966075623667948,-0.7221190339240247,-0.5076421225719367
0.10736835850977963,0.9114327615688593,-0.3986405712723057,1.2748416338659512
0.7607276875750139,-0.8393306399825645,0.2805329955976468,-0.022981357100279706
0.8424374089860293,-1.2795060407928278,-0.4317680563644512,-0.05154273774544064
0.2523741690924552,-0.6552801522207852,0.5060489670756669,0.5464677984295205
-0.6851240019285836,0.5704663376058621,-0.62724428984977,-1.4405532724227232
-0.5740913054311506,0.9034079075425931,-0.02017726116392065,0.9823221499871312
0.0508571994100633,-1.6128254741182166,0.1251602957429543,0.8915541788336854
0.2329197446159065,-1.237570741848372,0.8948206388705802,-0.16557852671376747
-0.7151370641774747,-1.0870329660574916,-0.2708817702029726,-0.9276854531427842
-0.11963122195001359,1.008113086493562,3.2745852329002556,0.31772740500596464
2.2958555353471937,0.22476550549709817,-0.6453239710065573,-1.500361822214128
0.499689463091859,0.8088616404300623,0.04161704218176205,-1.487150915059251
-0.4938070333743874,0.7226317187381592,-0.8827525013376384,0.3759132883705116
-0.5011123520387886,-0.4852238746835649,-0.5015057939187357,1.5525512227274405
0.10947651966955908,0.534663554932255,0.18576762791349666,0.9073172017813679
-0.23480365515781135,-0.8584849146842185,0.584279912476593,-0.8798292976177027
-0.034011444020173046,-1.2444282979539814,1.3483301155359169,-0.1304853820956878
1.8169733172179576,-0.9181647039731283,-0.0716365963940001,0.9953775895298811
-1.8735976627825717,0.4740972187424726,-0.7046679950697158,0.22838317274451542
-0.7719326884456774,0.5205943858290175,-0.8418586414871192,0.4262915154595307
1.0273089075508932,0.37930079611237044,1.781339472438015,0.9954449009553257
0.8156836702907907,-0.2204422499073503,0.33434692062191196,-0.1316593541900293
0.2771204775398762,0.8354230667504737,0.126190819024463,-1.3507806560586162
-1.630935898588265,-0.7969855400414908,-0.10382778775567089,0.4736904356943173
-0.8390350197508408,1.0536232119392315,-0.20785486948357526,-0.34908078695092887
-0.414662440107642,-1.965469349111922,2.004091634679074,0.3964110907325276
-0.10053009641497614,-0.8187249553044722,2.103992740459985,-0.022123240253722268
-0.37706707896469166,0.8512931192578933,-0.7611900924180134,1.0581565010612788
-1.3543016657426021,-1.4850685675668285,-0.6637730043549734,-0.35050116869466275
1.3398069102041186,-2.1736520710095166,-0.6419599829075451,-1.4265234691662636
-0.010929603262428771,1.0977405174510089,-0.6546876456260459,0.8962081143563086
-0.9004792390645326,0.8840052182986303,0.2407454956563812,1.6604910383574352
0.08040654625517972,0.9433021752590062,-0.8776563100277758,-0.21645347266509526
-0.9661220796399165,-0.8730902613551216,0.7352779194075433,0.11052098091368713
-1.6685340747785924,1.6710503386331637,1.3075242772614473,-0.7135356579894298
-0.2575065575131129,0.8274874205732345,-0.3964347157504325,0.2333329992134112
0.3441876811970017,-0.9330621703162507,-0.6885557921736943,1.0819629556730337
-0.7018251978619443,-0.9878366303795003,-0.7456528491620731,0.32259561404885717
-2.7007734584388614,-0.9271580143920649,-0.1428782658981356,1.454482360552702
-1.4159057908700916,-0.9499142561127003,0.5804176089092324,1.001802703765973
1.4612391982959538,-0.6639403175897903,-0.5548550100089247,0.5463495062653353
-0.8788121796045605,1.6710503386331637,-0.21349906211519773,-0.3397458093979112
0.31969354353006935,-0.8080460539274332,0.6173847543372221,0.8874867633075258
-0.9828525189719238,-0.854287592066348,2.9586886247408444,0.39325180688612643
0.7855534917353802,-0.803240769774674,-0.5932949632150778,-0.8605096236620677
0.4418374184560411,-0.7074353165041228,-0.3638369636007869,-0.38580223891474413
-1.3969786605291565,0.6708125893629688,-0.06563050895329645,-1.4492830833320685
1.2257335843355834,0.770851085243592,1.8706944288827854,-1.1317780094328995
-0.5878052761077895,1.6710503386331637,0.7079995294497761,-0.6907310719640914
0.5985555611855254,-0.07088217623076293,-0.5167879616769174,-1.1678016288507664
0.25571885531392796,0.824770334236506,-0.44741391722632057,1.567916991664265
-1.1142109846965003,-0.6958570595256953,-0.1410464595065454,0.4068285437328721
0.8240935512421839,0.6502933758033422,0.13193155735390372,-0.7919979200198154
-0.3022154686106922,-0.9852611077171651,0.15012616949045576,0.2756068009023161
1.0474071811173442,1.1265249844657312,0.09580523177222126,-0.19237776524496167
0.8025948148852923,0.8844530787029465,-0.13627972609744135,0.8468418921574807
-0.224653282987468,0.48083661069635114,-0.0027907177468248574,-1.5241938477157033
-0.5813405557100987,0.5720804998424429,-0.7023606485672239,-0.4600581387896581
-0.3136120869866428,0.9425121268230198,0.08985706744941405,0.2811277759438986
1.4094109910674315,0.6248007736173099,0.5210682747854085,-0.35713206546111326
1.1257478330753383,0.8202311943401307,2.358351723430889,1.3106243235953656
-1.2693804708952974,1.1249768168330014,-0.9410520755389749,-0.8705646150313489
-0.30948880427198816,0.8036966889958257,0.7264316175201798,1.2046350603856537
-0.21924593856117006,0.5818496721558792,-0.6186178263477886,-1.2874477087465912
1.5268969440337008,0.6618176752120521,-0.0597982382177139,-1.5659581779020704
-0.6504608766940995,-1.7594884877117574,-0.7786500346139896,-1.4044760240945573
0.2585000238605955,-1.4433247905629323,-0.37857230708436496,1.4841156891893164
-0.5644170041828063,1.1868061417345896,0.5411348148812025,0.7030903921298858
1.187404201894352,-1.2674704847099936,2.3472894505133683,-0.549637767075009
-0.9570402114216595,1.234604280520307,-0.7565466936676783,1.0181263800988594
-0.043919357234026755,-0.9110476994970788,-0.8893452172221992,-0.048228894372620255
0.29844121284013503,-0.9361618604888615,-0.2442023055906167,-1.2249384247897155
-0.2949197714345086,0.9508064780421731,-0.8975205082377556,-0.3247532909826098
0.8563932664628723,0.8858444393950079,1.7726436688991403,-0.08050292385993911
0.5636568736284484,0.6810746095283161,0.9587549068278722,-0.22463937192080127
-0.3423720642761757,0.6728456230974688,-0.47230104956425734,-0.8861772846742849
-0.05305658409888405,-0.3309129296220102,1.2338256657288935,0.15751888440664202
-0.41767287638611755,1.6710503386331637,-0.43194533468088525,-1.4431923457337799
0.24485957332873598,-1.0108834156941846,0.3409605907779357,1.2982315477308388
0.27286940964578504,-1.8292064270453112,-0.23588418136062675,-1.1763105863634404
0.21554550606606124,0.7615958688158744,-0.7202026076156095,-1.3230014469418996
-0.09976725642823418,-1.1477623086882414,0.968483400090723,-1.3569134611934215
-1.4184650173400946,0.7888529471748313,0.5907123894171115,0.6139820809485665
-0.7144663419545303,-0.8553123724172822,-0.3737502270137566,1.4638049238218582
-0.14115276362066043,-1.3339537103158057,-0.104675083554456,-0.027990726944613124
0.43342596051658,-1.090031211645099,4.850681245092027,0.42778968789239447
0.7482176853393379,0.14033564497142784,-0.9568891249596513,-1.6507729137669709
0.6643991532832013,-0.6846706098385025,0.5052089288862712,0.9410773080256636
0.41737629084278355,-0.3037163050180474,-0.16089908055266597,1.5464962556770112
-1.3189682448789035,0.7947774758249662,-0.7101773922558431,-0.9150323191925446
-0.3589430655767841,-1.6468908907903592,3.451064099974474,-1.0131076616361128
0.37337065506499223,-0.9229419377731138,-0.6532998390896408,-0.5431364344801919
-1.070724235062056,-1.7180759002647423,0.6203141826236355,-1.7302580424532437
-0.7892027253746289,0.8773297166227692,-0.713145042934466,0.7323747199283233
1.0269514831447657,-0.7734696275883344,4.889840444937769,0.52889591610722
0.5007568593593369,-1.1098114609793153,0.09380298748165865,-1.3025374548364057
0.175587607157502,-1.4938235230103212,-0.700788790874447,-1.663833516995212
-1.320154553639148,-0.4112211210530981,-0.956483008803428,-0.5868468930482567
0.5926345883382991,-0.7815862427136736,-0.2944741022396083,-1.6347413113767602
-2.1580503006000047,0.930538547165757,1.6734088972237342,0.758925555275115
-0.08241647613583843,-0.6683281585157386,-0.5393068284831392,0.3920807692716994
1.2041533125309962,0.9115890571995615,1.4802445100182517,-0.7204288302201263
-0.17000162189781584,0.7835913749109356,-0.09224974515165037,0.9461335984492021
-1.4163571710054041,0.8236900772265543,0.6181727367880114,0.1818118028335385
1.6813882048793707,0.8329143118328757,-0.8553374541201122,-1.687753748080757
-0.8969057588584352,0.6211708174401277,-0.7927942554783164,0.08110445405967104
-0.45553672915995225,0.9339904043460627,1.7426952212848488,-0.8559714463484857
-0.9213196641894924,0.5824210629220482,0.04134202048271753,-1.2869051663299602
-0.5010192470173861,-1.3876629283644928,-0.9778119465098772,-1.2327412988748
0.25481543389794076,0.46734334342257183,-0.8546744627701902,-0.2750964738061684
0.6172996254305734,-1.585417946458075,3.766095532451796,-0.47896954959679094
-0.5693332048569026,0.6157211291207738,0.3616008875079894,-0.35292691729665865
-1.1127096398983651,0.46638718190205725,-0.9664884383183392,1.5755917904233054
-0.3213552130886001,0.6752609760266712,1.5375926546002512,-0.4564778449016237
0.08118733632307286,-0.8072023490337544,0.7959708029066119,-0.4743016231689395
0.37630941687230984,-1.0367995650187174,-0.1298307837344589,0.8038180525866018
-0.5519397504213112,0.8415614254703974,-0.5702341597936798,-0.030269594523024208
0.1032014320888494,0.7486955230108454,-0.25881466961123073,0.27981453013383467
-0.7422105245514666,-0.9386686025618651,-0.8863471468035007,-0.6806204225160843
-1.1796521768508825,-1.4649076582622904,-0.1266745287098764,0.2921302536963248
-1.2611118029313764,1.6710503386331637,-0.3153842086937958,0.39884550161367305
3.933386046179269,-0.8259247005719204,-0.8857412247419002,-0.746712451074585
1.2839860356371782,0.9031690104620195,0.2197549003593657,-0.2388478651795778
0.5665740767486765,0.7189803268843742,-0.26924588343374173,1.7067704153858656
0.4469636451245157,-0.08283211048684477,-0.9454576969448611,0.8672903211980133
-1.025819453284487,-0.7035383773777427,-0.04944899733162298,-0.6589597967158927
-0.5264870876898377,0.883680089297522,-0.3240051396618936,1.3057698855140014
-1.0062247040859909,0.8141439914651447,-0.2390054379646183,-0.3014955353308549
-1.7358921215081753,-0.2660108362426428,0.3222643839554722,-0.9348602762514275
1.811693791148745,0.763151670190245,1.3002115900989106,-1.0158344756843174
-1.00137609031609,0.6113381693071248,0.5018314322149202,1.619417449392783
-1.498250508510122,0.6915719968711299,0.021773676835806093,1.6617787510736313
1.2908559555004595,0.7105877642984394,-0.3797646727521521,0.9058122937603268
-0.5467172693037149,0.6291527667773614,2.6814205787987415,0.8164592282712437
-0.29899872790735194,-1.845247962051696,-0.9611672183161812,-0.2326795015889667
-1.2526870041982436,-1.2635836188245837,0.06024203827305497,0.6372673301705969
0.4879425694755852,0.8544986836226994,-0.8403200028855717,1.3689826130422533
0.30627364583600175,-1.6388410617515952,-0.7673073519173855,-0.3950724405396911
0.6396979762389358,-0.5629730364459423,1.367726457797132,-0.8416567033565872
0.9788869058124036,0.9472672565968026,0.6520273343741879,1.130124279820896
0.11685732411302359,-0.30722993412880156,0.7711563436711744,-0.29359166431158495
0.06359282909863405,0.6098417349200583,-0.8397458832201324,0.4513902522566337
-2.3645055653246576,1.1154291557228548,-0.05636837337151336,0.5123603367957653
0.4067514487721488,-0.8089950576768625,-0.8725153477001161,-0.5465960639891413
1.1509679850343189,0.8746746851091212,-0.3040270673912393,-0.07118715031291029
-0.292113485174318,-0.9279280526653158,-0.5886397939897546,0.8289897527493533
0.3421156806411682,-0.43216795295154253,-0.984521482849543,-1.6541741701396029
0.6685352257537182,-0.5885502057174402,0.5343332133034959,-1.6819890509623638
0.8852250332540514,-1.3183993682023418,-0.9327603546640171,-1.1859547458561075
-0.5772072145377922,1.1032250841609665,-0.9655809303250513,-0.4851973837634512
-0.3065541269371224,1.6710503386331637,-0.026579195659725604,-0.13311518619868318
-0.04370345626085948,-1.019375277733793,0.9829162588691106,1.2348599448956963
-0.9229230554034286,-1.1182182314193492,-0.05088989171223389,1.1477977169696953
-0.8384651948611632,-1.636585276139448,-0.4166480759354203,0.3621175170542922
-0.9723518437360754,-1.7123720913873142,-0.4873241874582659,-1.2368303324421164
0.1657657149279856,0.5260510537281579,0.7775643369215114,0.9442438576018795
-1.6236144080125754,0.8624120590036184,0.5570970508721009,1.3156713562453102
-2.379712798767838,-0.9679842567049634,-0.34877138012575626,-1.1276269006155237
-1.1710064431393485,0.9415068848829833,-0.6649823523842519,-0.2580615465980266
1.5829088852541715,-1.5705339815684836,-0.8173281682459944,-0.19151730550851961
-1.2551170557797098,-0.5364639691249153,1.8205907368207888,-0.16251623783083333
0.06295089532193414,-0.8464863975698819,0.14862673336433757,-1.4278699923460403
-0.36247570631323534,-1.5690019309144452,-0.8623346052204078,-0.5936611436885871
-0.395034931423533,0.7718368036166431,0.27569597316696137,0.3303194523137071
0.5295971599905197,0.48160983342809555,-0.6781676443476731,-0.4935884521859052
0.316096397770183,-0.4141612783080078,0.4273286215792465,-0.9362218185212794
-0.9401866732614703,-1.731815667695622,1.0814185995151664,0.10192959660486803
-0.15487722545599567,1.1239018916205465,-0.4793866806742465,-0.07925427846815149
-0.3865070818589757,-1.3352395582465835,-0.19119425351544256,1.505144278094956
-0.0318114909779508,-1.2866712853632811,0.680601179660135,0.5795420210317557
-1.977338394088344,-0.7145873582818629,-0.3988042810210242,-0.9045852095553262
-0.7658002235993396,0.7885219996745269,-0.6583118729132136,-1.002053588543117
-0.3034966926764301,-1.0687795488893979,0.04116457128910143,1.1711396008669388
2.2516745851890554,1.6710503386331637,0.1503946891994858,-0.18236221239052047
-0.3431642410469216,-0.7232776222903836,-0.42566411436908913,-1.0645303100553574
0.613431017642851,0.8773266279205459,-0.8251409237637091,-0.3859140666975104
0.5846298449270146,0.4400028866444228,-0.20256358305839975,0.7938968162045141
-0.2924283363590887,-1.0600808654222469,-0.6460988012415695,0.9759827967124702
0.8971475238123046,0.8986681597930463,-0.45414741202923786,0.2599831185497958
-1.4483508541988805,0.9775774596125053,-0.5216948378497546,-1.6076888964350686
-0.26824905855074826,-0.9712995574140314,0.276487234168218,-1.5000094339752392
0.7972778205242712,-0.8646872514534074,-0.7328723916648434,0.751669482739399
-0.5056978047017628,0.7892514777816502,-0.5738907818685083,-0.24194777159851594
0.29014875467204737,-0.8726955134739892,-0.45914422741889094,-0.36431284723908747
2.4229109187429585,0.6148672622613802,0.36223930481317623,1.2225298819497477
0.29318631442644116,-1.3285760231457655,-0.9354434470629521,-1.5708659043186741
0.9291521672787659,0.4858580634429276,0.9233870843226303,-1.4532262319333324
-0.9710164568009205,-0.9294285602287045,-0.7203412098706128,0.436148752685113
2.002139587328373,-0.888536258150873,-0.6007597538325508,-1.5111808876359685
2.4845004210223283,-0.9699592197936806,0.7475947331069078,0.11965665820313445
-1.656641994381504,0.8614171190571139,-0.42684242112445325,0.4769790144887751
0.49601049704711886,-1.0436064903513478,0.21958813289104417,-0.30814913273112715
-1.0307036449670146,0.49609753740237916,-0.8074077304757343,-0.09810451038820633
-0.5851717033647378,1.6710503386331637,-0.14170924633029425,-0.6086583075086822
-0.7566424504216337,-1.9297167580683592,-0.9420004323001465,1.0353976939239444
0.028799064552585303,0.7381829311621658,3.477358805930382,-0.4273461250339212
1.9908852329802924,-1.2581669669415003,0.38763781189079605,-1.6460143764844204
0.6379296629300745,-1.0313798449253413,-0.8584750092296194,-0.5835194332128907
-0.3663126224916932,0.5832711628924158,0.7083395328882592,-1.1555003977502323
-1.8011133184833308,1.1587723755482628,2.1331910238945277,-1.046744222371338
0.9046934074161153,1.1191911488280342,1.0761948999124347,0.08066335017095222
-0.6031205957964642,-0.29894029788169196,-0.8517032524670574,-0.8674154300407848
-1.3812222516932515,0.7966125203988527,-0.5143543514769365,0.7006067057443736
0.5870914229876593,0.9514623428164867,0.0572204110025938,-1.5197952723480288
-0.39351775501726816,-1.3105401627722006,0.9012450768188974,-0.7214360512159391
-0.14755415131672014,-0.971438475872429,0.10722755817191483,0.7799941092898081
0.5092593968327919,1.6710503386331637,-0.42471007127956883,-1.3945781714544851
-0.09737864573563115,-1.3244195872467681,-0.594669429517802,1.1429405603261642
1.3256791945149482,-1.8432913838745992,0.38785006331723887,0.27007080571036696
2.989019241330387,-0.873056924275719,-0.6179387355975554,0.8117030063801793
-0.08478630644168964,-0.5757097608380196,3.0089350308353575,-0.1413582390832072
-0.4095308573839738,0.45160563039393453,0.10224235778683463,1.5096992058948981
-0.9003186547038341,-1.2644441087980915,5.241192797323223,-0.18657580182408315
-0.7150994480225614,-0.8174619677198506,0.1231007597498584,1.2350694146336478
1.8568381598428556,-1.229217208422278,-0.6587772461247874,0.714430370390098
-1.0955167390681706,-1.7935791864341617,1.5339713586113752,-1.2691863881770868
0.5686566984559724,-1.2297553617351267,-0.8883447047790882,1.1669369642616458
-0.7188526483902531,-0.05268122182881546,-0.5403070908004232,-0.6478900725449525
-0.2949477856680267,-0.6963478201306431,0.43580719135796664,0.7256852608436006
-0.6721128851248214,-0.9007661961571294,-0.5505329444187287,-0.9894717339424082
-0.3897634975772543,-0.9004015185991864,-0.2948387445274957,-1.114738978586685
-0.12392465609886603,-1.3034935032201431,2.439861304592926,1.4844969882714507
0.7812813072942921,0.9531646725580957,-0.3051001204998107,0.07138250610927378
0.025658207408528106,-1.0311425342123635,-0.7754001678498351,-0.40520261093549415
-1.5609238032423205,-1.5204643122508237,-0.6416783828527887,1.1326409318481379
-0.06989558113886743,0.9084050368754426,-0.9058489763555051,-0.1636112233436511
1.8617045606420815,0.9003481547886312,0.017243952479151965,-0.9350594041780181
-1.1481243676319668,1.1250479272933804,-0.24628640407535138,-0.6654355236832814
2.8314298770860415,0.7153101866632929,0.5811263533915731,0.057046128905964805
-0.4424000497582485,-1.555177720435749,-0.9498053894013259,-0.6412118367678892
-0.21012068557238958,-1.336347425299142,-0.06271758597944689,-1.4020751384140615
1.544282632436532,-0.38400263257969813,-0.7772477769073498,-0.11068125562681083
0.11386942118786315,-1.4106736272641691,-0.4319209173859717,1.479354110074544
0.6597329031971837,0.9225491010608888,-0.6342951557681321,-0.0740624083423406
0.37357770563076703,-0.8164883062521073,-0.9122340564820517,-0.3065742596555113
0.6302731908596931,0.4504343187458931,-0.49684294098442294,0.07829089047976999
-1.254728629891833,0.879907671278485,-0.7728177276620111,-1.1399869526611632
1.1581817472107123,1.6710503386331637,-0.8278568693854231,0.3006067641810628
1.3387494887475324,1.0517141252232605,-0.726700991157539,-1.6331825171659133
0.29060389186169244,-0.7952024068344121,-0.7528244025885179,-1.2793900767774857
0.4213603183461623,0.9373652728810203,-0.35648873107147877,-0.3497819672553876
2.714193566401987,0.7922825116364836,-0.6409340376697814,-0.8896641448510265
-1.4718204678385325,-1.2191309676740618,0.7684261294692546,-0.24343560575594939
-0.23109371977126744,-0.3100626182857642,-0.3700906211565544,-0.26663984948983305
0.5165150365594728,1.6710503386331637,1.0656329833830744,1.1431470204245702
0.9688237630051444,0.5984023315983532,-0.5248590563496363,-0.4920194808196731
1.25826126617695,-1.6227911571651201,-0.5816523801429166,-1.1274716093644772
-0.8055565344817769,-0.6296331597284657,-0.954279126968554,-0.25945910990445203
-0.5761494406514379,-1.0597187845314107,-0.8109771959614153,-0.4829328029829403
1.6674430020751083,1.0814764896268063,3.049344378807085,0.494341258454684
-1.8292966817475778,-0.889586758874082,0.04319386040534137,-0.6761553019525542
0.17556983498026627,0.9083308337170236,0.21510139453677718,-1.5200365462121062
-0.14293956202889022,-0.9881492730032764,1.0872334111259943,-1.52104336322378
-0.16804517409402958,1.6710503386331637,-0.6584128428931354,-0.17185070595110669
-0.8610643735664946,0.4852780507897276,-0.09504809074976123,1.664618422308346
1.0044295024871916,0.6088734262702162,0.36881602442353567,0.48495770963905144
-1.1383507187704303,-0.2326584535292596,-0.8345107989377522,-1.5906510308562114
1.125633949956447,-0.4303668868998194,0.06796918339094703,-0.39875196323521345
0.1385977589380017,0.9824733735834302,-0.34583585656811994,-0.665178295260649
-0.8014030264613833,1.6710503386331637,-0.12394045857633848,0.7482810328189208
0.9843525165879803,0.9122433493547044,0.09650269617309332,-0.4571147627732193
-0.3222815434928046,1.08855644377451,-0.6581465785857913,0.8811564713291764
-0.48209543833680873,0.8466902063802927,0.08915672111450415,-0.03847976400860818
-1.4286440503574078,0.9567926225079715,0.043200322406673285,0.48142141551371775
0.9597294380885948,1.6710503386331637,-0.7662411932110851,-1.176575252669261
1.8863530423411412,0.9286624834005667,1.1886919837263676,-1.034575505381793
0.17080816931897166,1.6710503386331637,-0.8668743266369509,0.05731002146839655
1.3896639610790573,1.3599454454251494,-0.9497220604472164,-0.7605645999202953
-0.7621576782197184,0.7045800697664628,1.9749293552797136,-1.6057630649098087
0.711851478305142,-0.9644740621678121,-0.4442745099725829,0.8917844901807377
1.1630634753407876,0.9903394191763297,0.3340454698660268,-1.35538107542537
1.0151998234900255,-0.8881484849784433,0.01694252562799552,0.3261856981339178
0.9990353563245387,0.9552515837072966,0.7564662768496649,-1.066758000848043
-1.0597807527741336,1.04950725555023,-0.6619702241784744,-0.5872959485078062
0.28386428124865903,-0.5716344577003889,-0.8192804867743939,-1.025563106552396
0.27221054566038244,-1.3613313687186714,1.073882504973114,-0.026111022969737444
0.17345302406822946,0.7643810000262409,-0.023521790414399637,0.2958068505265342
-1.3148951110873575,0.8311210694132092,1.9094838473784315,0.36722111253427
-0.46370738088475183,0.9361199817512735,-0.8967157541339379,-1.5447888332160145
-0.14868002459931087,0.7484570890656257,-0.3353561393214276,-1.426153194698428
1.0545680072278572,0.3108269629597534,0.11270957075179416,-0.29745201715218106
0.02366876906019694,-1.0745574939612623,-0.7325211469087949,-0.1851987537209851
-0.9359147979685923,0.8168414065782237,-0.6030919309607832,1.2274570161743406
0.4446625151138794,0.8435368862257613,-0.6403477853630068,0.6175330624990122
0.3805565935812948,0.643387877947096,-0.8200462439387809,1.6009944378571783
-0.14269221858607425,0.9005515722230796,-0.9306787535986565,-1.7249557546743108
-0.14633834075871507,0.8396960131105401,-0.6048240432364674,-1.106178286162899
-0.7715475894802202,-0.19425265477197917,-0.556794751887597,0.20338517838361936
-0.5054312742198059,0.905395867372381,-0.8598912351591441,-0.5679048997020396
0.9499781573171561,-0.3917777187110263,-0.9513481612020133,-0.3213558589199257
0.11801710306848417,1.6710503386331637,-0.7070306259207638,0.14461526269037336
0.5319605900183061,-0.5005190688384499,-0.34220555146085213,0.41420873307833084
-0.8238557072609223,1.0475690283949681,0.5361453583602253,1.3599364231557902
-0.08842390595720709,0.7028291604063124,1.5102660586456513,-1.528478404371297
-1.5575514864983604,-0.8397601851710975,-0.9033766197941826,0.31965128751274036
-1.201953084876553,0.8262925330272308,-0.556448600297533,-1.4037947567822027
-0.6035858914778155,0.7133651968119744,1.437218000654465,1.1654466079198533
0.760679204731894,0.9092866759328867,-0.9006279046842014,0.021928899651936087
-0.9121168971239478,0.5818550660895482,-0.27167334808297827,0.6106094648918695
-1.102555094542125,-1.388537450372478,0.47493189321703405,1.3596958862834807
-0.3231890878515103,-0.046740488289737994,0.007351517542253543,-1.5949153011306672
2.250226136397545,0.7478396908140872,-0.4922954219352195,-1.1896462843957603
1.3834072948793743,0.5675505328279883,-0.6739731209385088,1.315768325206913
1.4062935797874832,-0.8417962836264518,-0.4468619324239998,0.7552375460259685
0.7903079291444163,-0.9612375698641662,-0.6400870971749394,-1.5772529717598633
0.24069365615795185,0.8560727274213202,-0.7410058610469739,-0.9462645201225757
0.10729793535952505,1.130665112179175,-0.13306034610588768,-0.9141221782197931
-0.6454639229715606,-0.621500626927246,0.44119794244566596,0.33364759168091185
0.18793364206283744,0.4830840670931605,-0.903943227697636,-0.5980978171490311
0.7267794378562182,1.0317036580015004,-0.0807283494868357,1.540084279997156
-0.28738911950189305,-1.9866682152654258,-0.3356769366313315,-0.7083808498892394
1.689634378324702,1.017321749918012,-0.7038585518591298,0.0815344537065251
-1.9965918139628247,1.1356035307757042,2.352023627888666,-1.5131701363272032
0.5963244419262238,-1.3398867293979704,0.6866848853451304,-0.06176760526250919
1.2246122048732044,0.48003102616226306,-0.928735086195535,-1.6595166114870985
0.08847376531522003,-0.7184821790698154,0.16204119482269408,1.2985730013018675
0.7871805958807397,-1.3099801181861774,-0.35968163545243165,-0.36574364878692006
-1.2445412134852667,0.6958029482641338,1.9270785174936655,0.6003433740862147
0.07682424612915473,-1.5897335398108048,-0.1493028226574596,-0.9925691419733912
-1.1372111488531151,0.6022958984352018,-0.4997144266916396,-1.2531147663582047
-0.30611382666101106,0.33207712814734924,0.10444879674755382,-1.4172027032011234
0.15094344444500835,0.5993197828640984,1.7707708360422096,0.9597078849436432
-0.5480122768438813,0.6057832404459358,-0.8522329674837782,-0.5334075657773937
0.22501571568184367,-0.6350717046887822,-0.26587352009049553,-0.4620576599007494
1.2836953038019783,0.9608050588841522,0.45824914469117745,0.4480070053916605
-0.46743988540388937,-0.45343843663244326,-0.8504534590032509,0.8208316019771756
0.30713653462717183,1.073871924356557,-0.9597843103912601,-0.0471564581732605
0.10758152088724682,-1.0632372098017817,1.4451007666889018,0.4235061379472303
0.024750087485188865,1.6710503386331637,-0.710754891327422,1.1364757717612837
0.03955731728398704,0.7566319507602998,2.5876722319497794,1.4487653843282857
0.8796352832368628,-1.265719488647151,-0.35356693592319555,-1.5781505433137955
-2.468975042050655,0.9189535111268045,0.23594578860869175,0.6022697926571932
-1.0346357034922378,-0.9333248213979038,-0.04483667024034137,0.6485097754371573
1.0081668130935988,0.8061952111195198,-0.18979509694793548,0.72900146438475
0.33118702567193053,1.1577821073891483,0.5678983733504741,0.8400457652139509
0.03287763553062047,0.46245014982622173,-0.1090741843426408,-0.3935427444302022
-0.5337517534310444,-1.8432957442071818,2.937899573266828,1.4672281123806479
-0.5262222570189244,-0.7090041971498084,-0.7034190076347365,-1.1784756582910534
0.5240055244053038,-0.9987452173587767,-0.8138932500133655,-0.8840859050670887
0.061104054962554694,0.6869814909152004,-0.8740995775440414,-1.6109944344774816
0.3678318589739405,-1.71295119211656,0.12816542177089862,1.309429878138264
-1.0505862733122973,0.82785342393248,-0.9014961780034135,1.7010202454179846
1.01382334562736,-1.6210756532246111,-0.3006138151033307,-0.7925837999557283
-0.012241992567192694,1.02213813586108,0.8208524671205761,1.2122537220359837
0.7061780679185415,0.8421118505914957,1.4643264243766316,-0.9898328730905179
-0.7142734179356875,1.6710503386331637,0.3468525946844667,-0.2784800731983804
1.6819085185555511,-1.5214874917834438,0.16065913992180564,-1.5171586142058502
-0.645248233450811,-2.0829465682731763,0.13345658661497548,-0.08121284777670904
0.344640503269286,0.8625874521502178,-0.8023119541347908,1.1987550949344827
-0.05751723387223887,0.5912883125637458,1.076196251308156,1.6454267270634375
-1.1191127971160313,-1.1477349017890182,0.2125374634603786,0.26010021456052795
0.05114433363463007,0.6688804361635884,-0.732568868189144,-0.23825947517184007
-1.2810564900350996,-0.6192417576076735,-0.010213461407661667,0.3351030888174745
0.402471867120715,-1.094687286895713,0.6295642387611805,-1.343179420046629
-1.2949952120818784,-0.6682065005369855,0.7194597427434386,0.1756672552769956
-0.6623903016479111,-1.078286833456239,-0.378329307945654,-1.1493649666905468
-1.2980000489883237,-0.9118624762622848,0.7701875194117754,-0.5515979217138146
0.49429652120378165,0.4646841268456815,1.630780689564749,1.5430075939824246
-1.4122980007276982,-1.190444953653482,-0.06744505494165727,0.8036779356101607
0.2181426674840593,-0.2850686371793327,-0.19445412562172204,0.4343674392285751
-0.9709325193491156,-1.044395030220574,-0.2620296160263647,-0.8197385001146278
0.5356123927905045,1.157812170602726,1.0052472902609895,-0.7326792946902861
-0.3741192113687421,1.0297692940398981,-0.05105349127291505,1.4590804169824936
-0.990267966111589,0.4193241100029762,1.9034408354182746,-1.1798269630307863
-0.15421255718176363,0.5037456750301782,-0.6883835192391111,1.4875680267173346
-0.10898226910475867,-0.5650043469816376,-0.848441364399128,1.375367398774925
0.6107095396324711,0.8328676269636857,0.5845830557133633,0.27377807106291346
-0.6436090668296257,-1.3354941979780959,-0.8536824449607878,0.6427315591095495
-0.2656750119147087,0.8036766595261786,0.26351939285268705,-1.7017540109141243
1.0078578278446284,0.7429510400086846,-0.9796576277319547,1.678645652599266
1.6156611686104012,0.8860731841213977,1.0188869699072618,-0.8239915659738818
-1.1743382774054842,0.9434019474271822,-0.4551400588985873,-0.7965044005953438
-0.24400299522806612,1.1620928832016717,-0.03015150245265403,0.9832336947974878
-0.8436260189825083,-0.8447283133670489,-0.34773446591211954,-0.7234054870435517
0.13752458606803056,-0.3623609596773695,-0.6348498607689519,0.4761082162824792
-0.4116082887941588,0.7323114817971285,0.7226486550535419,-1.6969254715345596
-0.1765146856859796,0.9947169751072306,-0.7366729409898469,1.1668377548835187
0.30935787314803,1.066827418981778,0.25239888521513354,0.9019077227351603
-0.41713963093207185,0.7515665098620543,0.6073169878727521,-0.10315436960365536
1.804238023858394,-0.9673854458815438,0.3543711151199842,-0.5345753560258356
-1.1224496342756278,-0.651862800325384,0.40092074149394596,0.007513782675975322
0.9064902345147638,0.8024626246798489,-0.770434083953714,1.5039797393108338
-0.5486113189528867,-0.6532036377920843,0.9575822959008244,1.4309150769880303
0.20930822830138365,-1.048090599926384,0.35780562395348686,0.7711741005529483
-0.10729207282192886,-0.5556753953573778,-0.53352148500133,-1.0642757279599553
-0.786977103410141,-0.782112408615193,-0.9422578916499177,-0.49425943643595793
-0.1787202957115587,0.7682190849521708,1.3722222170355385,0.11031657781029112
0.6784686124758222,0.5111004593248416,-0.4904674490226014,-0.1582726135662607
0.7465473020721943,0.8166907872140011,-0.8432491951559237,1.3345315854349453
-0.22647193347843372,-0.7631265510059131,-0.8812042322066848,-0.8017411552238872
-0.4944868817795699,-0.4295222503495416,0.3680667914604444,0.9183164205474962
0.740523302505461,-0.8635094858310319,-0.13107000562020188,0.12152578552296951
0.8521515253671718,0.8161841924784563,-0.8072790102672769,0.08856178812997165
1.2637661586343305,0.811964365517228,1.6726253390413093,-0.47761954576784854
-0.24149103266272973,-0.8137306772939666,-0.6145509683499943,0.5141512089340973
0.29105731951951685,-0.9242850623802125,-0.38894857114822684,-0.700956934746063
2.5607699226383644,1.1155283713198112,-0.8092449643859645,1.2753538635261272
-1.2132072879805278,-0.7946869497797698,0.09943537928542139,-1.1235714244133064
0.5984142778634811,0.8213614177229649,0.9424748295560925,1.0094261470943071
0.15107627693719525,0.48484567194093237,-0.5285647991829867,-1.3699720154385506
0.996085838214218,0.6268011985816401,0.24466357429663477,0.11973786971743185
-0.9500086267043837,-0.5346937529975203,-0.7469421806983443,0.45181157400106603
-0.1538389158864549,-0.622389569634716,-0.13524032060325566,1.2035408894789332
-0.8183585659732376,-0.9175882792474052,-0.17776666055328533,0.70835023987704
0.3696882579145542,-1.127546054289527,-0.9154023294462909,-0.6275924759277958
0.14695947352072047,-0.7269305581784382,-0.7819292178643061,0.8089933281869238
-2.633274847042344,-1.345647100191813,-0.8799252407470516,-1.153634175981544
0.6092967013938708,0.6306549044812471,1.2208814572478748,-0.035931926991382014
-0.9295798340093937,0.829231471738688,-0.6625648885585123,1.2141557132766685
-1.7096924085798475,0.9999761224147887,-0.6152519269043824,-0.6044892293977168
-1.1373040985695444,0.5595815031392266,0.40771998341631815,-0.8128119436118094
-0.6262785729377466,-0.8432466830964529,0.004017847863859731,-0.32633498978372516
-0.199153376950446,0.9348267590936492,1.383985129557919,-1.0531470199494646
-1.5941296891870105,-0.06575246357509673,-0.9273990504616085,-0.5653775758717328
0.46294118012524155,0.674596244348968,3.5607307081374504,0.5325668759569856
-0.13222386402940808,1.1875557062574913,-0.8615568956976661,1.679679491836109
0.37192639971997127,-1.2091188432701536,-0.08388280982085682,0.8030401687982465
-0.09798446263452476,-0.06653467037099306,0.31449516551130124,-0.9826417804820802
1.4451211327933486,-1.8301975294959942,-0.4696911758984744,-0.6395402178670966
-1.4212599663545873,0.6816975616170166,1.1854110078547475,1.126017467285017
-0.6970466554390906,0.49604771840899964,-0.7539160823045181,-0.566069741630369
1.0872980590016843,-0.015275942522240777,-0.026476130875639357,-1.2267932218260154
-1.094563810097784,0.8053439003991604,-0.5435989978664661,0.6372534161447188
-0.09073195481959381,-0.575896602483925,-0.653150207859216,-1.3199028383961697
1.7766451513003174,0.5371953158929744,-0.38757838870826616,-1.4641046219534757
0.965993273428498,-1.2817594015321734,0.22144878812136928,-0.7250411539813605
-0.1713813849353763,-1.3755277932882903,-0.9581249320999181,0.4112004641454426
-0.17220259098632876,1.6710503386331637,0.08641620863217189,-1.314563035836045
0.8856195895378821,0.7455457387927077,-0.7197577516700947,0.5423367612524583
-0.01329125118268915,0.8208751686404648,0.16327939631843263,1.452122085890028
-0.5904200508047156,1.2267682007349794,0.3604131245693766,0.9732492036934218
-0.40401978948538914,-1.090944690912531,-0.2708227794176357,0.7763361623818636
0.5907445722130522,1.6710503386331637,-0.42324588054830586,-1.3123339411002695
-0.3181852392264261,0.8085306362069966,1.5885375981566106,-1.4446111840771925
-2.2519919430876607,-0.5677909398750707,-0.6166518385067703,0.6324721555492017
1.191547099497191,0.49680678732398303,-0.4077467678358646,1.149814308823488
0.5302631792968626,-0.9635076088657648,-0.9493507165367651,1.4243235250489215
-1.4999456759563667,0.09358231704566919,-0.4244132966779497,0.9436812095429258
-1.3474269208614376,-0.8207110437432621,0.08170584106858032,-1.621512306421044
0.4636875064146693,-0.9658932894987449,-0.4648935612876672,-1.3609575023648735
1.7300199777183605,0.9713905337776958,1.9344597490308946,0.6140271489791685
-0.11852215301349378,-0.3996189397302301,-0.8145568227493724,0.20337598056243328
-1.6314633423534104,0.5936531290964491,-0.27324567196194754,-0.3206035444115405
-0.5428766417722519,-0.6234241865626444,-0.6028632089893479,0.16649574006520906
-0.8098781998168455,0.6769377951274557,0.1374855493554472,-0.3964271466017834
-0.1965339963687176,0.47381468977953595,-0.7210250208170813,0.7539960559424049
-0.9251355437028076,-1.3551189264500907,0.0795309148522328,1.6063511293238524
-0.9660541664144345,0.8924752822619189,3.1013388734142824,-0.2819537842734196
-1.0641809372784619,-1.4613787028692176,-0.9591811800623581,0.28115953932999754
-0.318885409321176,-1.0539706641529485,-0.11343090240918557,0.6477469054795212
-0.6678960177214376,0.7226187128641689,0.05818633574232132,0.8926770234959409
0.6354687588347353,0.8210826597184661,2.4415677826377493,0.315027576578885
-0.279421985298204,-0.8523945237601654,-0.43104060547865497,-1.3700948937490234
0.7781134433438668,0.7464846478872529,0.43211079310654305,0.3414108830044762
2.3529113304766236,-1.4666549297369789,0.0003156425565627617,0.1700628763429702
2.1174874100426377,-1.3461526799286472,-0.5210070708156045,-1.2534642954815278
1.4535733863142828,-0.825814473855491,0.2133256129363012,1.3046667468700694
-0.6455343338336108,0.549322968760617,-0.5704764374908369,0.671797930856625
-1.4474396564147507,-1.0850470581563205,-0.8877718975227068,1.0001997824275466
1.1647330027426424,0.999697690550413,0.3515805413226113,0.8774500380753316
-0.9099039380879007,-0.21468261645283243,-0.9734751857074817,1.3013990418883965
1.9946755032805448,0.7784649707563085,-0.9659330059413787,0.8555999589120159
-1.2582225411677412,-0.3912509710952638,-0.951318618424836,0.652299341681505
1.2017209318345132,-1.2237218935317564,-0.6090012930712015,0.9887462073387749
0.42067999197396755,0.7831368149963801,0.49102111374731633,-0.587231893061891
-1.7542869400087073,-1.5808593353812683,-0.7953653273954862,1.6975170777834054
-0.45943794449278763,-0.5570620001016908,1.5199791590792373,-0.07657753559102808
0.9368422916253203,1.0021704017333122,1.4955664171606122,-1.3768455790414744
-0.1672979052555209,0.3393697296415031,2.844526126324926,-1.4978865426367802
0.6344485030053744,-1.6121948889921653,-0.7932716037041538,1.18006821095588
0.15615422759024344,-0.9171794673900016,0.19640940263540216,-1.2661014478274304
-0.8887537302628743,0.3950233480285516,0.4817860507890918,1.6878689238412563
0.09291258163894067,1.6710503386331637,-0.44234414090275886,1.0083676859801707
-0.018768965265889857,0.20549732136768545,0.31006289558259126,0.3278806541159226
1.5242267429004843,-0.7236136686783838,-0.7197138444304091,-1.2354919840760277
-1.0325357426636712,-0.49779746542988096,-0.11774195229845656,-1.2294573777390418
0.7279678387012564,-1.0864935059609304,2.3588126382297596,-1.0559203176657899
-0.4127504794307767,0.6989049097871125,-0.895676371854661,-0.07326916222800373
-0.5812338409973125,1.6710503386331637,-0.40136658198681324,-1.694302898079472
-1.6850717064707856,-1.1530657543228642,1.1228818780394025,-1.648275477840081
0.41445142328562035,0.7492705581454789,-0.5797251182977545,-1.1719335776285527
-0.32765971056604276,-1.2467064737707543,-0.47080748240635634,-0.03894826203150961
0.10366855329329429,-1.769919137483264,-0.8513898925094332,1.489420076052815
1.406314792696072,0.8987731839775103,2.6064489501067465,-0.08531747083624562
-0.172720612451541,-1.1951408665694623,-0.41050106277334697,-0.17396929424422822
0.10568750169139984,-0.903015050801814,-0.9433220908743497,1.3882727563152042
1.0498000085116974,0.6775613230584666,-0.6107246013626039,1.628615809318151
-1.6349012807582848,-0.41039970389826597,0.21709701210575774,0.7695533760262139
-1.6934713887499497,-0.5434686218828269,-0.9095787022443098,-1.4886947594366389
-1.1640175749077974,-1.4921248645653928,-0.08320349154174013,-0.4715928856075248
-1.1399456184593848,0.8131196545770093,-0.7294194710216791,-1.2858738555910174
0.5445162532926024,1.6710503386331637,0.37710551065912873,-1.5914055858906797
0.9693474316788242,0.7671154223173519,-0.9783960718593571,0.8851637117384175
3.953325504721388,-0.5141994582022922,-0.05275905402909342,-0.37738196040299077
0.15243924139747717,-1.38729760170732,-0.4052247267591857,0.372206029968807
0.6191457990837679,1.3783122912190624,0.7114138587640731,-0.953262216114866
0.37996253039687466,-0.8772359438477193,-0.8723416932623291,-0.13634086085844743
-0.0612105561732295,-0.7195341871867919,0.02403849658791435,-0.6493208676536707
-0.6755247046070575,-1.6347154825536634,-0.3340769975330004,-0.7904176021005846
-0.31095205595115616,-0.6083272834773131,-0.5431570065448168,0.05895803996052452
0.06082219181217053,0.9856562977135851,-0.20705264831163944,-1.3622317095814316
-0.18629500739577803,0.6103569106799532,0.26713358937418974,1.2196892611061232
-0.5094951277421194,-1.3448586149822976,-0.480895669619234,-0.9270398495118477
-0.7696560407454524,0.9624990965707468,-0.7689146694173974,0.023640184366709182
0.42757633930179023,-1.01054657467257,-0.7241516448114103,-0.7114817953711947
-0.5643335348054009,0.4875733961595502,-0.46129848655607275,1.4514454255742872
0.13037182688622398,1.0553277120652216,-0.7605904831496452,1.4397225240609681
-0.560866375222123,-1.384641093767771,-0.27890632810329646,1.5669171794034895
0.0030232259601255347,1.1446340709203393,0.08168125812257614,0.9548769709833944
2.811627988840943,0.48787777876855365,-0.9846970298806987,0.9178977486364356
-1.1468817547104981,0.6118659356267782,0.34884016240918025,-1.1034194672188096
0.7843446949203621,0.8320971182866631,-0.3658045113454945,0.9393293045917599
-0.9598246583328679,0.9430138059124508,-0.34070323354405696,0.18527505553291546
0.9799552154592642,-1.2534776294611005,0.363029606455131,0.08210398464592164
-0.20224637060350015,1.1370129933464928,0.7378875098892307,1.1246588425115114
-1.409999721677792,0.9652640000095266,-0.9833338812033279,1.3707214960413234
0.3466949085779283,-0.8185357703443826,-0.1539077196302491,-0.4991221518057258
2.5539209356938333,-0.13443189271838746,-0.20338154610389902,1.4937286747809644
-0.8538086083320605,-1.1630079712426065,1.6857690017926072,1.0018030511934075
-1.5734921200836964,0.9608746517926429,-0.7031069050480241,-0.9478267218088994
-1.0243257101039465,0.6700483915306021,-0.9339563425815474,-0.7780333740341994
-0.29710492219308654,-1.248671317084691,0.36107979412137764,0.3148384891412722
-1.748552503759059,0.805793435211253,-0.2997824073943442,1.6532925797298013
1.0550357013054985,0.6683496750383462,1.7269056082069991,0.7740035266340584
0.14387896517501558,-0.6255860374557521,-0.7695732970241456,1.462666348113648
0.7376722464166341,-0.8834359803049918,-0.4452134331560002,1.5676642657052244
0.7493178120576989,1.1090287525341693,-0.12443261058998434,-1.2963587295225836
-0.12451525309825104,-1.6806409535925955,-0.5979565174916317,0.7582891398045305
-0.9819190989699454,-1.1499166385324477,0.7412224937322385,0.17840208749919692
0.903769172610041,0.49400078186169755,0.1357521213663644,-0.49079054905905484
-0.636057170557599,1.2168301290733639,-0.9512355768807602,-1.100856506631899
0.9255470710932049,-0.7683977738009579,-0.4575584407531026,0.8875010739753849
-0.9696996718177796,0.1615834189575194,0.6138118205086919,1.1295044003939325
-0.4724553896314954,0.49414308441699384,1.3326362054182659,-1.5485430211968445
0.5142589458631455,1.0679896391509174,0.8660508813296136,0.2953842442950336
-0.7827504276338404,-0.8317606910381955,-0.9657023394806573,0.15429506994803993
-1.42741454728292,-0.838618514914359,-0.9518401557528775,-1.20201116017748
0.43590663864542734,0.6060130540950665,0.1926838990796272,1.093981697665396
0.6508185393903537,-0.46905087807980234,-0.32012834017264297,-1.7100232584027053
0.8121358763117685,-1.2070675181501513,-0.7953271549521207,0.0913654107581075
0.45456445077159713,-0.5352605320990494,0.2995902419833212,-0.3674646665698105
1.3903959103341526,0.7895392303152622,0.6640955479188962,1.2211990774039692
-2.145842179651429,0.13481901746242747,-0.028443690179919323,-0.7632729651814287
0.8920199821422259,1.6710503386331637,3.9811973216091348,1.4072436767273557
-0.37586520363838677,0.8788726919105384,-0.8605550605631677,0.6338006078214802
-0.4807297466051917,1.6710503386331637,-0.5689403889883228,1.5444374543466324
-1.272924461280999,0.882035496643903,-0.42623441205033896,-0.25169310970001524
-1.3953338950021748,0.5262899240246534,1.5541702106578605,1.5684764649150873
0.05337748634502673,-0.6382508963238813,-0.7481755596279773,-1.2500588010757983
-0.5143737359812783,0.735659927714242,-0.7423356693088918,-0.10428671161154972
-1.8621204876524289,-0.44480693067218774,1.089473828108257,-0.7832642074695768
-0.49155616446848516,0.9007365134850095,-0.5837900657974006,1.319025503464828
-0.3870637847175621,-1.40349658714919,-0.15669105983088485,-1.0251848900522254
0.020904730064039784,-1.2453065465068034,-0.7264186583897662,0.7429882330298276
-1.6314854446991442,-1.4430047666830292,-0.24365295982482707,1.6947196838447647
0.819900871929245,-0.37286270016676254,-0.34096434601358316,0.5502581972893744
0.03007659362662511,0.8277491593527018,-0.645457151856003,-0.4503585062244477
-0.9552599288886209,-0.8121415919374585,-0.09805796542637865,-0.9533663946433817
0.5284944630614002,0.6256389325263376,-0.4242356269037518,-0.2691584211897068
-0.5821662066334106,-1.160878546566541,1.6651053652170333,1.0707048105447472
0.6681975529041395,-1.3322734819195956,-0.8573739580599673,-0.09775655454687372
-1.1739452787185165,-1.3730313120375885,-0.572242590467306,1.5980087062416575
1.227551741444248,0.7774120258790784,1.371750011953328,1.0989858363753002
0.5517683578508739,0.6653307980422634,0.18854945576791554,-1.0896696081646557
0.32464839182290134,-1.2703673859753744,-0.9299853132876272,-0.9817779871483869
0.225053030981003,0.563807503007724,-0.8749058755794357,-0.3034545768428617
0.8000032191471508,-1.3920912845108402,0.19008241505047074,1.2929245045562656
-2.0060321107697434,0.7658760724954917,0.8707626865466984,-0.4515162228070656
2.9900181268136006,0.8916981493259657,-0.7726002393338378,0.36905820270783896
-0.11321678079933042,0.7178323765876489,2.0557703182616267,1.7096764692079778
-1.4192010843465537,-1.450158501230856,-0.35069596234417677,-1.214587906026175
-0.49092218010059513,0.8247394095774937,-0.025680897711406848,0.07082290537167915
0.7248820058922834,-1.8523936730401198,-0.5100034903203164,-0.17637103587843406
-0.26290921464102907,-0.4612686713580161,0.694793219163022,0.9713072998405278
1.6530775290494835,0.6469283464612018,0.1580609011933089,1.4273547053117759
0.7024483683661844,-0.37947218534571925,1.9531086033050893,-0.5684688050309109
0.8444296544638075,-1.201624876893698,-0.4340233271364754,-0.5054603648979747
-0.018149455653254706,-0.8983635931067244,2.2924259874304496,1.7191332289837682
-0.6087620654846506,-1.4943863954776602,-0.9007148399308192,0.947109647779112
0.8205184494986695,0.7887783101926968,0.2890163978041713,-0.06473019651407626
0.057952559204863745,1.6710503386331637,-0.510448016968632,1.0943001729094353
0.5770536564854678,0.380099392371426,-0.24105453663004242,-0.8014955200700922
-0.00032655616038893253,-0.46284010020151845,-0.9652148972578385,1.575680922301407
1.0224369197777705,0.7638821307840239,3.1317057368280383,1.630972566635916
-0.9055458346591777,0.6788423047415985,-0.4375231388538301,-1.0417952837051583
-0.03518830508789776,0.7574736330018431,-0.4636934920372245,0.7311795611898477
1.6782475181735053,-1.1784207869409922,-0.8534867564252113,0.2793615631310981
1.0423749304837346,0.7416942776512951,0.4874619789219091,-1.6350646575909746
-0.6635121226521343,0.5690212595195022,-0.5662931787778576,-1.292529672435773
0.9995492193263832,-0.7298722776091849,2.081410320992457,-1.3720212744671823
0.4029334107193346,-0.9882235963285492,-0.4706745797790734,-0.6550079594758424
-0.04589087009166695,1.6710503386331637,0.10250725935073107,0.9410167283356017
-0.6929621397568966,-1.1576494429180366,-0.7215379918503457,0.31349795461994695
-0.21461749757678214,-0.48421881246217247,-0.48596539169778175,1.5421756129205206
-1.4603774181065683,-0.7289419288057083,0.9627486063797521,-0.6737443089071693
-0.6534555088334794,0.31735582781701965,-0.10685466365791388,0.6530378971578272
0.3301531962354321,-0.8471801752665009,-0.39930045563195493,0.9995158304477106
-0.7767992124536971,-1.138015602614317,-0.5098668120885671,0.7044146874924127
0.04990311330148912,-0.6631375039480893,-0.9673213936759548,-0.7462891390944897
0.2439788068445013,0.6561154853006174,0.6102614774505196,0.672921609570896
-0.12988030258238892,0.9496244618609613,0.8272097302351894,1.717085217440145
0.5198592340200555,-1.0815447711465305,-0.6773043427962806,-0.9729950133821658
1.6700463860520864,-0.9781189490167196,0.1109979529470848,1.0989020655116752
-0.602232305023072,-0.14857936059601037,0.001479566003254594,1.1156931370770684
-0.22820804992354607,0.6918839334112935,-0.4404914039996549,-1.0396914703476363
0.5158523542858804,-1.2022170642903687,-0.5874592740360609,0.13663176677721728
-1.3993745791627439,-1.923333685141411,-0.30260249626611013,-1.2706072522901295
0.3864279107021877,0.6061008592376859,0.029318222997694602,1.5353632668279338
-0.6644844361372416,1.1879594329271546,1.430017661112054,0.07717964204075106
-0.9585616016036067,-1.176878218459278,-0.9654719495476158,-1.2590616038356948
0.7884028994516494,0.410746205093805,-0.20179246049708066,1.480322948528569
-0.10445268221707626,-1.5701718115906105,0.047160864601466415,-0.3052289302528852
0.5707924729663185,-0.4791641282568284,0.6351155625408377,1.004967157414911
-0.3375155045058387,0.7619719775914201,-0.6887472029360248,0.48952542586533565
-0.5011940635771172,1.3371519255897222,0.9457037285983756,-1.3543827706756928
-0.31246783978492126,-0.6413466793311955,-0.07070968007264905,-0.6677322003074208
0.3403346917281163,-1.4592977125336721,1.0955874967362924,1.112797510160104
-0.4470250881492249,0.5958719478382901,-0.9368930474764147,-0.5949382731728198
-1.7669442181418749,0.5404352287732702,0.9915663761624095,-0.9616766136301793
0.8109092554334456,0.5525395665727169,-0.5283836922363573,1.2824301744764395
0.5287968334011038,0.8943972368684122,0.08036083117343037,-1.4355135529285494
-0.8861314651931581,-1.1487270123014073,-0.2916449057806315,0.7208621519657029
0.9606596556714545,0.9947354095714267,-0.8804262928052962,1.6463911755216358
-0.8155134859089658,-1.3638274920786186,-0.958259091563185,0.8574198000654238
0.6522448476760486,-0.4702023997689729,-0.27706773017396774,-0.7085303700249681
0.29981568190717706,0.9343604887420277,-0.7822949112867071,-0.21335250978363035
0.011648565004220162,0.4500381465346196,-0.8074048458235412,-1.7195408629890896
1.350125866023664,0.5432645747023793,3.1509897316504003,-0.9602173769649047
-0.6227337450059098,-1.7223058746668645,-0.9274694733344678,-1.2588664940318133
-0.4941149085181004,-1.1473002425578747,-0.2716045113951827,1.1377814441879346
-0.01624586422995969,-0.990412339923571,-0.5114816427025558,0.4783754455765482
0.3983015086519103,-0.9135976573790335,-0.9771421874850592,0.05634937707203943
-1.0323550080433097,0.8400851764676425,0.5014253666229093,0.9937116494775783
-1.3191463064233988,0.45548917269270867,-0.9800036549934779,1.0721602150353744
1.4578540039711863,-1.6102342734082566,1.155331225799351,0.6610229718549266
0.07996185445280624,-0.8920410075259773,-0.5110248958996889,-0.18835548104274377
0.5934419798144401,-0.3742653460010307,-0.6647582910828119,-1.6735606273079382
0.3606673850690672,1.17424615207502,-0.7244369596777431,1.711087728147374
-0.07176102604512043,0.5821104098734821,0.6922233169404372,0.9467690627370428
1.1618478544630737,0.5840329043647268,0.37840362240194286,0.3460628414211589
-2.1037878718130267,-0.80576382801718,-0.14141440018840581,-1.4990835176593802
-0.9871935839808282,-0.8636766869655563,-0.4156039249433595,-0.5973917817555918
0.1770891941213015,-1.1039025465938233,2.5800252687515037,-0.8827445640369828
-0.745109352194709,0.670010457138308,2.17796064659861,0.09117143456409155
-0.43912526797213186,0.6124126807133882,4.572874993121621,0.9630963201229832
0.064898010487404,-1.6631576572876308,-0.1987632262185434,0.1761012669305954
0.05625808546217766,0.6728584677856867,-0.390518499662557,-0.21284414729674445
-0.4612703893233747,-1.3296623636040414,-0.12248973280386326,-1.7239622687121914
-0.8794794115465872,0.4108174553570793,-0.7791996158247808,0.5686899560884179
0.5127651275740243,-1.5622126746827494,-0.642060789223465,-0.24007604420959874
0.19463301705786323,1.029722277579932,-0.9092975691529326,-1.4643364911086616
1.392875684449097,0.6289660676743609,-0.31259403062108465,0.8910889388638485
-0.963327503969447,-1.1817746981305797,-0.8543239686619802,0.9720801599337856
0.22934421868335003,-0.9072294754500032,0.2677219941212515,-1.4946808270596432
0.2599552458446796,-1.6839881366501213,-0.6922260849507682,-0.5984490139759243
-0.4954691112332228,-0.916631456454757,0.014156170019815192,1.491141891671545
-0.8085844079578115,0.7278023210066619,-0.8046818012806123,0.1604517550812039
-0.3698973256119969,-1.0043900548977374,-0.6570020670005522,0.5826773198044395
-0.05519484746824155,1.0680473729904796,0.3099808282638448,0.5840967868809722
0.7685105421059275,0.8683243480243663,-0.8172865240302053,-0.3411912927366136
-0.19224737872551612,0.8596239610667367,1.2710017649386613,0.1914426029821824
-0.5357387963274217,0.6649229154288685,-0.21026983928607307,0.6816416293769031
-0.4809287011033141,-1.3735093491083927,-0.08412563962344018,0.5540226179220226
-0.2655145420079314,-1.2856492815112712,0.3319518692620225,1.0802627815613282
0.5279092470580439,0.9007128404806508,-0.8535548121745358,-1.0486520181538506
-0.6632268045332735,-1.0475671485143219,-0.2198038774343584,-0.7063688565183144
-0.9387685915981944,0.5312727649685576,-0.5212736658851862,-0.7147833419437203
0.4016492024079753,-1.2692411743621808,1.007926913863187,1.6482897154210259
-0.9522298209295109,-0.42707381640781633,-0.9444537409121715,0.21146335561512355
-0.40281543124806335,1.6710503386331637,-0.70564650764045,-1.192688918936579
-0.33632265552332874,-1.142239842631865,-0.6859883992087144,1.6021412476862853
-1.2701629055226153,1.6710503386331637,-0.6672824239849794,1.4219859132948154
0.2371985453972157,-0.7711076088360893,3.241354687862924,1.48147275312244
-0.36376430845551777,0.660254920897447,-0.7950777603555012,-1.1828435945844389
0.4443961797954646,-0.6904609202879595,0.8317308538551086,-1.6902906437717484
-0.40570796625973826,-0.20936293983550522,-0.0023493262712333245,0.2027644164816157
-0.3676618173640286,1.1394749638255053,1.4378021326474388,-0.33353305330267713
-1.3188441023804751,1.0313094385704873,0.09991076398769451,-0.2095360781741166
0.679692955366234,0.6738146913967034,-0.8321549829192744,1.1506501645881504
-0.4462604733048723,-0.8813115545283351,1.4955787317527702,-0.3902822872382839
-0.6171843908918576,0.7810581649933191,-0.8603763375535333,-0.48409964593736793
-0.4281017099484074,-0.9248194330732107,-0.7474799618875912,-1.3413043398130144
-0.6951269350213943,0.7721881630551735,-0.9689585579551392,0.17784332420449733
-1.6197697278928913,0.6537370261710301,-0.8713205343295017,0.9811989356892633
0.8949068103632277,0.7407373280385914,0.7171918240841374,0.286336298607787
-0.37636456977172633,-1.814231968344895,-0.8919545580282789,0.7910989428505181
0.9289108981026379,-0.40472531876863144,0.3444226675933456,-1.6376768868095584
0.06943378798222355,-0.49016377159110064,-0.9074451545040704,1.3677582316618686
0.887586732249344,-1.759474057534928,0.7062015974904012,0.3025064842044202
-0.36454601203273346,1.171340397924439,0.14975598490693393,-0.4563028359435303
-0.8601329809025776,-0.42218561434292534,2.8174582592348134,1.4064532166495232
-0.3457516900473253,-1.160848913445319,-0.16597070654278534,0.2881701681654694
5.2928224373158885,1.219014665324156,1.2644726048504649,1.1444838120675673
0.17583208765817546,-1.211514911242502,-0.15886594088235248,1.2026574618625165
-1.4158851654063151,-1.7387920896682971,-0.7054313565056958,-1.7016993994712593
0.5808639981020071,-0.6970445499453779,1.83260712870154,-1.1553767022000112
1.394534882017304,-0.5568186785333736,2.3552449207604673,0.00964882770650864
0.0062620390834754545,0.712758407844093,-0.47576453146100867,-1.0497346105231806
-0.7523043476168793,0.2731065164256807,-0.773550758796264,-1.5989708817558193
-1.3792615415229517,-1.0628635086078748,-0.6061268707791848,-0.06467061246294785
-1.183194404872407,0.9720754342433919,-0.06096499429846681,-0.10507257581140564
0.6998240121478289,-0.7805918398817405,-0.014221218375762894,-1.1600951760363862
-0.3243124062867111,-0.596320931361542,-0.6204783841370841,1.4248488714691208
-0.030205228972438748,-1.0741915865953917,0.6835282361992189,-0.19203873184095907
-0.7756975534245634,-1.1962852784309583,-0.24758501253351944,0.8509941999425796
-0.8363458337939784,-1.0392689007553146,-0.23832547896421719,-1.0287550123427878
-0.8672560413360018,0.742716093166335,-0.8667355504150117,-1.2269470288573485
0.878422121782945,0.39142150282734434,-0.7658820758049742,1.002522588680088
0.018737830015658277,0.6295057924641888,0.08086431413275706,0.4076891625860299
-0.762490744430957,-2.2114055309118688,1.2955330236197644,0.9883376170596632
0.7232252880813969,-1.271625643395577,-0.2518886404516562,-0.7664969074528232
-0.546532035530463,-0.9525086967715977,-0.8921877634498693,-0.6759725448400364
0.9198579657746432,0.5496859921199503,0.17992878527035067,1.3164363400351793
-0.08097041615078811,-0.6170152526303224,-0.4878828942701703,-0.8441833801264748
0.4248612697734118,0.5660000580985916,-0.13393533056351076,0.1983797063737976
-0.421049529690101,1.6710503386331637,-0.1505212505793463,0.2928845809159463
-0.1278236957572775,0.7240256562742494,-0.09113268238225707,-1.5252223887959553
0.15062339591314003,0.5865561824142893,-0.5099797576821248,1.1014442377185247
-0.3067089512833378,-1.2283815103396782,-0.6025815498725746,-1.1334590669012043
-0.6996473899192458,-0.9171625448465577,-0.9609966175134413,0.8718476159058945
0.29959094026342215,0.9772513923611336,-0.39444646821694335,-1.2124248163731695
2.6790351040805382,1.6710503386331637,-0.8961053707469371,-0.24965735349282897
-1.239361475636275,0.7289383299602114,-0.18523456546242123,-0.027349081956806406
-0.46386871417323605,-1.8326181136977162,0.5593466662063266,0.20453870331765203
0.5659626650816293,0.7056374728599455,-0.9438079786592835,0.9153592484484179
-0.21544611460899946,0.7906543652992687,-0.26666670261911257,-0.5865483294453513
-0.5053018374609513,-0.4809573109113692,-0.3626974640790616,1.069098810344511
-1.7271847184195266,-1.6721953251253447,-0.7431423653598945,1.3437541297081574
-1.2258396770230011,-0.7489460774989979,-0.9792062989039622,0.2550606176254643
-0.7202438617901322,0.3151746746183442,-0.28736832200337237,1.1026736475395567
-1.1349380573012837,-1.2752829397050218,0.6860285985327543,-0.5006136137230717
-1.0182801585417596,0.6645775838540204,-0.19063784965800956,-1.2609088520399583
-0.8441952315687862,-0.8728827273532619,0.6139832420026387,1.0150968632104433
0.4116928038266055,0.9148895113499423,-0.648440215729323,-0.6523072932710142
0.5892090046279845,0.6473732627321367,-0.30827704807957407,-0.46730474388687504
1.231832143275893,-0.9769834550969624,-0.9764225989935127,-0.4093932097506502
-0.3683741619993201,0.8077735785547772,-0.5932352174776926,0.6735683651640504
-0.2788679574479108,0.9488775551482888,-0.8824815313918782,-0.6768917443593151
-0.11886380208270576,0.2992004869867064,-0.12368008169159526,0.8282017254860179
-0.9812247179779071,-2.1191145145499783,0.637193758165742,1.6361833196017224
-0.3973098425929074,0.4204000040924551,-0.22239861645251258,0.28696229432487874
1.204126555213528,0.8122201265646237,0.7018191065754247,-0.6291246660691241
0.5286888855951922,0.7637020961306316,0.13417894828420254,-1.558010763735065
0.4519121400283361,1.094556232305144,-0.9078406091568874,0.6366049374978179
0.48197621349764874,-1.3617305285588077,-0.48783215719001927,0.6672062382415921
-0.22361144513342768,1.6710503386331637,0.672450541823953,-1.0267476744094066
-0.6326864567732041,-1.4345720812873468,0.3683720596908269,0.7846892047254443
-0.32707328022163334,0.8412051953147042,3.086166620981142,-1.331797377999236
1.0911318611132008,-1.4371836834203433,-0.5395212819543286,0.9782698049122883
-0.061595189981307905,0.7243469093444288,-0.29975628960304523,-1.5462372573907153
-0.18706252353224082,0.7975981024049059,-0.4762895686638815,0.5734840816384247
-0.8632966937982575,-0.5880018541951985,-0.5843472703685095,-1.2018263258277633
0.22640749469007712,0.844482478640743,7.508911406822779,-0.6962385624861047
0.4260491816420052,-1.3324007443575607,0.8792678478223566,-0.49242966967363105
1.8561847129466456,-1.9482414296033295,-0.26152087212310393,0.20293109317180769
0.9312187540213785,-0.48243827520173654,-0.8934232944962179,1.454785549173459
-0.2954218330352852,1.6710503386331637,-0.5562966244657186,1.2803768903230826
0.962736443554312,1.6710503386331637,0.7551666490801336,0.7697438607874313
0.9895857278100035,-0.6694495243957836,-0.7711397568002437,-0.07895527900879797
0.20287925617951236,-0.8563561493698165,-0.06571226286546938,0.7161830676494161
0.0718898101750065,1.2875362019140915,-0.14234172185736926,-0.36285931915056485
-0.1695917706193139,-0.8710362986250713,-0.5298604240639575,-0.7104775143281494
-0.6361195401553934,1.6710503386331637,-0.5655147666395333,1.0520768074545597
2.9557414402958626,-1.6442788107810302,-0.8921591439504052,-1.1375881462870168
-1.1766556797973704,0.4932430542265599,-0.0026031841575832847,-0.6717478195246995
-0.6669342220602543,-1.686345986788296,-0.2919464489914372,1.638118571082235
1.9010058836903905,0.8457548576030767,-0.1094150530360048,0.08064315029840435
1.9050862025732944,0.8660400131114183,-0.5004386118799387,0.6553680523723493
0.903517001625174,0.8497481453473151,-0.676697059082387,0.39210249101472927
0.3940242206128774,0.978045093709806,-0.6526107764479954,-1.5762990425376038
-0.8271428021017185,0.9207989295502074,-0.36317171367745904,-0.9200553846915936
1.0620550128002335,-0.8329290189686536,-0.4659619575331202,1.5880458264193769
0.3756092991077094,0.3324653392956522,-0.6015546803314745,-0.3965230174868722
0.3773947848147107,-1.547922485934484,-0.496784918054486,0.7795314785951487
-1.178589475970437,0.8661812245425753,0.7964327943496265,1.331064441955658
0.42441153186107966,0.8055546565500766,-0.6616181198702253,1.583493059312983
-0.0388318545112946,-0.8726164832293163,-0.9473463966889721,-0.3172137712028832
0.5449875554236155,-1.4661038149031829,-0.42611699834912103,-0.05783815675906147
0.29388251336494864,0.9984433542658484,-0.3583201691616067,-0.2456928051145308
0.3412460458835297,-1.0807270725388736,-0.6991156354999144,1.6132074129727767
-1.2144292863140205,0.6877165687056493,4.150370731917849,0.5293432393581212
0.14599063938692602,1.6710503386331637,0.31803985546585767,-0.9387263861738104
0.2028312549951895,-0.7126979143917745,0.573331712777345,1.358926516655919
-0.7259654800341808,0.9918018172387368,-0.1427563376446882,1.311813517219788
2.176757115749859,0.745662385696492,-0.9354453197326903,0.18789628682826234
0.45299319122848697,-1.3919016985517416,-0.7625409956632482,0.8500499978115708
-1.0660063126040082,0.9838250571352802,-0.9097906718633527,-0.6773213080215703
0.5230403848171616,0.86525292878916,-0.5116481600022057,-0.07895100097691674
-0.8945444214365661,0.49070161161666354,-0.4209680807088016,0.5522361208271248
-1.1870527171544187,-1.0830044611276024,-0.8178284689114425,-0.6245106883210345
1.0032987710669694,0.5775956550141167,-0.45960555430547473,-1.1009090611667096
0.3198944532681371,-1.3777112906068325,-0.73188301631964,-0.39161011557645464
-0.8721300238095556,-0.19201210006776065,-0.8174388784679917,-0.30600296253465836
0.18508514641442464,-1.365098084554306,-0.8881450412341869,1.492142873879082
0.3326354413652275,-0.363687695895213,4.996781231896096,1.099443346745597
-0.6146523502221688,0.6481908557500198,-0.8616866790729323,-1.1917305533399034
0.9023936200192346,0.8882711825215145,-0.8273625171309694,-1.3376158587849918
-0.6547645578208621,-1.0957937484928393,0.1044843024004932,0.42798230453035635
0.19137005071407556,-1.2489955927201501,-0.590891441243698,-0.1715120049466791
-1.0565985806955873,0.7240531097325313,-0.6832350717824534,0.5875228729842833
0.28474644548911837,0.9649596256995825,-0.6503495607083433,0.16023489883343633
1.2273181372961484,0.45745866571389243,-0.831140554568608,1.2792952454333513
0.9217985676675852,-1.361613047287031,0.0813934071778302,1.4259484591564946
1.4487187796907128,-1.5718902914573532,-0.829622052174744,0.45211913124419323
0.89167647490496,0.9163109175772848,-0.652146090245873,-1.4371876071488978
1.3523850391201342,-1.4056847331347058,1.3329604194801543,-0.9900088360236197
1.8191065841782428,-1.2343088237360502,0.2179979046523729,-1.1735008533942415
-0.8680622390302928,-0.4193531413270152,0.37580215578138004,-0.6447329266528262
1.9577811239436336,-1.0652123132721436,0.44372136319084515,-0.6898325813790527
0.14804018179917303,0.5117610322394145,-0.10321245010288724,-1.207420978812514
-0.30471151509611877,1.169537375408279,-0.8372671766622486,1.2766682709509174
1.0223264773554122,0.2649716631197706,-0.16039131776773624,-1.3650616776842643
-0.7206586489999748,1.0458477732758362,3.285466448971371,0.44713777178777503
-0.061999312765196775,-0.3701016604557876,0.4581123245403582,-0.32773282191138936
-0.01479385826198043,0.23015901072442232,-0.8814987976218015,-0.141775434320094
1.0196557758103815,-0.5967377520900379,-0.14530711829525172,-0.22610662585642677
-1.0128817680306506,0.6665150548067956,-0.23585779188409992,-1.2765724320062606
-1.6264442590133426,0.6830545826098554,1.4119136935018304,1.5303581496541656
-0.33601354509265074,-0.6871955462261943,-0.3850145702275471,-0.9048328984449346
0.47974022988490567,0.6351927781167341,-0.7417097989344008,0.16430542474834753
0.02254953597875342,-1.5226169735685022,-0.20807080910375234,-0.6382799156572904
-2.019548998554546,1.1178000905081338,2.8030440132824372,0.6343959694302909
0.048146134628400054,-1.2384340578191741,2.5454811217371516,0.2276372047539799
-0.8029184754076675,1.1611292520410756,1.415589282878905,-0.3493686444698694
-1.4701691028548693,0.8691871585117794,-0.005241730826477399,1.3777644962691342
-0.13112091421461386,-1.0643953064264222,-0.6395598674204878,0.5258506317114254
0.29579091152807585,-0.30903475443782114,-0.4795376597579916,-0.5732981709285301
-0.8735785221396138,1.6710503386331637,1.308231754089918,0.512950799765887
1.3614346321006585,1.0173979440967864,-0.5282291220612193,0.7356757675076622
-0.28105888961691616,0.933435835718135,-0.6506893060244211,0.8072136157565761
-0.28041406969589666,0.7371039524149064,2.4624631098531444,1.6762298411830066
0.4507026020526628,-2.2810740375514595,-0.2491964156968644,-0.855758190579649
1.215397046200332,-1.1047013043923504,-0.8916676122881122,-0.9029857007353977
0.4843904591704477,1.281598206409117,0.7074499450883315,0.5423845315418944
1.3405575781615364,0.9366545978560464,-0.04144637774058721,0.5299565629558852
-2.2520035126515574,0.7628528487951496,-0.5196926561443741,-0.35626723175041114
-1.3742554795728221,1.0167627403263926,1.8272814502699166,0.06571384926325038
0.9320450280487386,-1.0416545170280007,-0.8968057680003995,-1.5147273732000124
0.9466325868277837,-0.9641815258636699,-0.06229247817227207,-1.5508384234593133
-0.4536555354044266,0.5250291008114476,-0.8951706400041424,0.06403562067414759
-0.4212301061333927,0.5908186898437306,-0.9202652774746078,1.4480010820071176
-2.0516834725960225,1.0890956558583724,0.2630045649277886,-0.16425214717361142
-0.6417796118911387,-1.3023746205790303,-0.6339718151006012,0.14932067789454287
-0.6676144183984196,-0.7543183202479813,1.405720385803925,-0.6480615572128229
0.4217078377634115,-1.1914012653595523,-0.6771199629114849,-1.6107873340566259
0.5014424932380743,-1.338926814008748,-0.9013332988410443,0.5895032505380007
-0.3384173522873452,0.7406570598930573,0.6058389365093481,-1.620050337376541
0.2187586809051268,0.35813210811788837,0.4563558360488242,-0.08260591586727194
-0.332409285169261,0.3888373241884951,-0.43996233906110355,0.8572026633325363
-0.3630424194094518,-1.4469711479872622,3.2743628935291733,-0.4859848714248065
-0.8043465844142788,-0.4056196149509494,-0.7530875930315174,0.8263549852218007
-0.31921409656109345,-0.7263411200264773,0.5569978945813082,1.3556322952480846
-1.0330377159130046,1.266618813640286,-0.7189382152498361,0.17780048487131528
-1.5651770053674494,0.5010639098200869,-0.8440233243226432,0.9724723889101586
0.9960756498691449,1.0416368623668393,-0.8398213200751331,0.04089640771129903
-1.0720951098009173,0.748656984352851,-0.7490435131813584,0.19589212724728855
-1.0260525598172585,-0.11139931532814368,2.791378738467688,-1.4949714368687923
0.2730417466846622,-1.1830155800103312,-0.8351902390934096,1.2776458742641241
0.04533112203427067,-1.1189071005830307,-0.5272793532276754,0.5139248199139522
0.03451269485816822,1.6710503386331637,-0.8447011489629356,1.6822087990817134
-1.143561593113324,0.7293620153648416,-0.8793845380217719,0.41542305108899646
0.3273678689897455,-1.026351697487637,-0.8695948466123335,1.5178621667173504
0.33117225804341177,1.1469721063131877,-0.7796493636915883,-1.4334513820542047
-0.5005302010057827,-0.8898826300129091,-0.1574916207710319,-0.9542481941754649
-0.5774618928847094,-0.483617126076603,-0.13843108064136503,1.7078641387847642
-0.07849238783045172,-0.4329742984681306,0.19988227509734424,0.7715449439177112
-0.941394706263177,-0.8985950344307875,-0.09579336965649185,1.5376203959048031
-1.1489547152461441,0.9956113079628814,1.4432716200902986,1.502548558423222
1.36981417871463,0.8208974672624713,-0.3526856144255969,0.2890625290428561
-0.6887986795260506,-1.0377464218355827,-0.8249399569656207,-0.8193900851491741
1.083417898959392,0.6243073099738399,0.9802778553935776,-0.11815728683894035
0.20518916055247857,0.8014356559900228,-0.9235612372926083,-0.3849866794597694
-0.02119753281840006,-0.8437733358243631,0.2513076262225013,-0.878613922813162
-0.5881735715460052,-0.9358073085858588,1.598683201059332,0.44886248958288627
1.0971112435214971,0.493859568656652,0.3530448692985715,-1.095145483704908
-0.5686968591081467,-0.21850395819265594,1.0970229447532933,1.2792294759952534
-0.6323348400866948,0.17717005987021836,-0.24263653276012842,1.3280678689627161
0.8505215249425258,-1.323376286765349,3.0852887094879278,-1.359049605979286
0.17806567436360354,1.6710503386331637,0.34724898489169054,0.7809753456518196
0.3862809953896746,-1.110395473041563,-0.7544662009219467,-0.08496690961944083
0.11834468114500929,-1.0059387578521046,-0.6471713779417054,-1.115218678835821
-0.21114238074350736,0.4518354286287769,0.061176844854348635,-0.20540727070360543
-1.0287198965706053,-0.6470435148605369,-0.3935503463678319,-0.013452577119105705
-0.25992016945616647,-1.0175848074200495,0.32534531890293733,-0.7107748621077586
-0.056072660558669996,-0.5615452239907354,-0.30917388515645994,-1.7173789081216533
1.0817443956008874,-0.42741435894595,0.09970227242274939,1.6052756070586713
-0.7131058620201267,0.8735073100990314,0.36012773009333515,0.6538126327164703
-0.7616866573949941,0.7728291659258846,-0.9214008820715618,0.2486688202717712
0.5501579056053945,0.2804299747622377,-0.8788937472105514,-1.158884530835997
-0.4481732736655365,0.6850555462906575,-0.8084129161173843,-1.0076363730721802
0.8829211278242057,0.7536390199636621,0.9922742305509142,-1.676921644856733
1.7395429848011803,0.5631840608035913,0.2048349344847878,1.7267193915626067
-0.38996647595602674,0.4229158859702633,-0.7724737084438235,1.28677313875719
0.43012377154972253,-1.038702732192255,-0.12827453810621298,0.8719869074598875
0.8513343128488954,0.7293792570850182,-0.9724950144691358,1.096130733276619
0.364945957236231,-1.1976530469938893,-0.7017152752046507,1.6580496168960046
-0.45595608586187675,0.8587325442872502,1.951451085163768,-0.03100764512061906
1.1057811723433928,0.6962028083064077,-0.9528151379636272,0.7787843063931086
-0.26590940879336356,-0.6000112076481311,-0.8525312277301588,-0.713308166308586
0.3214301460229736,-0.7569091682283772,-0.9112505913615859,-0.8142929836227241
0.3628028949438191,-1.3476340814496803,-0.8542438542640757,-0.08529743568682312
0.25147119666088924,1.1632718220366498,-0.4566595798508657,0.9112566540867681
-0.9445330279546629,-0.8979838054519186,-0.8258505447958718,-0.4711902819421686
1.0884745455782738,-1.2564240259717216,0.3282387566966819,-1.0186642800960817
-1.2088843160002105,-0.9083665247789801,-0.9280026760862355,0.796365788155232
0.6413315062633558,0.7260319973463265,-0.8664041667313268,-0.7873309999618205
-1.011735983734764,0.8513031265469166,-0.3057300079726094,1.6854677406395975
0.8761906700701951,-0.7942563956423239,1.3511832001653703,0.9998809144086798
0.41981237692185636,0.6502834331099988,0.7613102202951032,1.379309121262755
0.18530894619539529,0.6756885414529001,0.9476549826548621,0.7750202772912123
0.17474347782650118,-1.5359457695468763,-0.9374088185909794,-1.4407035706555769
0.34047635642003843,-0.967123481265194,-0.8605188118456244,-0.832622029358035
-0.13240836910566478,1.6710503386331637,-0.484573363837011,1.1021459230962567
1.5397241844098017,-1.4185380747267513,-0.6006907069606182,1.2191820317776363
1.0610635705256084,0.9407847555657309,-0.5950139024957269,1.0743977165509206
0.1492390833840615,0.9822144381207795,0.31194480512383993,0.3121203521020603
0.14339999430143546,-1.6021155971079801,-0.46669267187042734,1.5312500817943657
0.014399202214498459,0.7149797257336319,0.49354276993922497,-0.3419855546087695
-0.0740619233037484,1.6710503386331637,-0.7346806619380332,1.2817565432937823
0.7209952315661685,0.7232279363668639,0.03653006529093843,0.4143887944201447
-0.7827533870334884,-1.2555693931410967,1.1998097500341087,0.19619832588940692
0.375681689268753,0.8179913712746452,-0.7163018648498645,-0.5458670481304608
0.0553109647739108,-1.3554127827021507,-0.7183347706729019,0.6887233823870342
-0.2747943680629305,0.6167111822497718,-0.5025665350882866,-1.096460448392973
-0.9382979300461892,-0.592365403518001,1.5394755834495388,-0.8718116579626668
-0.6560194566795762,0.9117487085785559,-0.4724898404962643,0.9780874595198282
-0.6323429998032792,-1.6018444880042042,0.0021195890922635313,-0.5079458834633673
0.3541572907772382,0.9040999852006171,-0.09009193253871615,0.25253231105521207
-0.10278411296194928,-0.7588396743185646,-0.7689045321498054,1.4632971051114465
-1.0513834110697533,0.890599220091704,-0.403775695639676,-0.23697213334878006
0.7945093642188118,1.6710503386331637,-0.088054491565907,-1.0726057729878977
-1.2756706364168235,-0.4183831999538553,-0.5496482760597541,1.262928712921618
-1.0288590501329073,-1.2144418672086574,-0.7106784773063863,-0.2279247503995701
0.03861674342367713,1.156357388694758,-0.2743589066611805,-1.1946862606826
-0.550192535956565,0.2969507518177425,-0.4697616772432112,-1.3098670593695023
-0.031225703450444026,-0.7739680760640202,1.4276557432549832,0.995896623471348
-0.5600171252900221,0.8837617898816554,0.10328295602568013,-0.03962129631908917
0.3889367847114659,-1.0542033807792741,-0.01163051027434927,1.148272679604197
0.06668633132786184,-0.7338259393041434,-0.7283363165320561,0.563850544023145
0.23283457192896945,1.6710503386331637,0.6801450846078119,1.62776125820724
-0.6445565242025636,0.8896592960207165,0.052436111553770454,-0.9132287670758049
0.3205947748572327,-1.2923160733808035,0.9349786271797468,-0.0672060750546087
-0.31744759073809997,-0.9155257424660252,0.027450495026967763,1.6797278255292412
-0.1341265242349294,-0.24687138544898904,-0.7877101109252563,-0.00704966457776346
-0.1334706825876323,1.6710503386331637,0.23254173990413968,1.0155247606210365
0.49126639425100815,-1.6056283005577126,-0.930095755698708,-1.683900625591635
0.055502632237720506,0.4384034836975632,-0.04397956274606279,-0.5902743788942314
0.8504357470153743,-0.001600370883419721,0.20612002923404155,-0.2835164187187586
-1.8974302922582906,0.673345773558831,3.285752084405154,1.0117614430307307
-0.6019029700003181,-0.6480730195215568,-0.062986500017254,0.9985141294497074
0.49840290813113525,0.9570572951493057,-0.6691595404582792,1.4735161633298561
2.489075987422136,0.7376406588609739,-0.07489316110108911,1.2171606207645729
1.104042486881175,1.1509629634981653,-0.16062711367537558,-1.1037332355288492
-0.8845561745011643,-0.6152332521520737,-0.05941082288384117,1.69447546220901
0.9399538022363988,-0.7392366493828105,-0.616828745414816,0.3353775088452727
1.9059115354640732,0.999209051189045,-0.8482375179990359,1.3083452673581408
1.1041359153213237,-0.5296465817235494,0.519320936271848,1.4427709334863172
0.42263855395974054,-1.3663103120853006,-0.6680371957682049,-1.6845773008017049
-1.1862863312594538,0.8265323821131594,0.22305235678707297,0.5977342906669595
0.10471240372239972,-1.5510553954546378,0.0709805024736029,-1.7249610221665592
1.5213554560667553,-1.0506076572065628,-0.1725285863157645,0.5850507065794497
-1.0107299923349256,0.9887385424651183,-0.09406994256204114,1.0103648773559952
-0.3568672173395517,0.910120036540801,-0.525470628290398,-0.011580876763903144
-0.07639539457385888,0.7605371236475029,-0.3367710682100093,-0.00750527495635638
-0.5221857638371091,-0.4363842565536749,-0.7450012881894271,1.2080250751659065
1.5905553617377057,0.8110507481581688,-0.5833060163967242,1.0366632630672166
-0.4366365446775792,-0.6910395951148078,-0.8390565885482275,0.6700406485806369
0.32760866096468916,-1.4716169709202518,0.40149696918789146,-0.38488962680683886
3.440595307589888,-1.599796380839179,0.060151397582988125,-0.6354361048759756
-0.08302140854406384,1.6710503386331637,-0.04110615532785941,-1.7133160809460175
1.1718880046498983,0.7151815175124366,3.0132148248363273,-1.596710235150102
1.1828128403407694,1.6710503386331637,-0.602455098531214,-1.1175826764168173
-0.6289813233589082,1.6710503386331637,-0.4768663465619631,0.502337275816688
-1.4065696977860076,0.484464176410698,-0.8388974968485191,0.906834919927086
0.1267387480936797,0.6144148538548772,-0.657476866966464,1.47619839340752
3.3066501809258355,0.7248567659159436,-0.5903162936990871,0.4711435280044258
0.7006108938275581,-1.2441591163964232,0.8240380571202218,1.645307758835639
-0.6374130036185074,-1.758033359133326,-0.4525614206885536,-1.6475576902439928
0.06282887480817596,0.7573067080262214,0.21823982694852634,1.7075450029953638
0.8110764391412967,0.9380097199049144,0.8665223166726276,0.26740708168470445
0.41662226431553034,-1.2050051239658277,0.6381075451184797,-1.6276282665253188
4.802348128030624,-0.7389735565969154,0.5879908140913334,-1.673709486287601
2.8132387816519335,-1.3330602311746864,-0.6567454690133153,-1.4900816855217913
2.430271715915473,0.8580425287805304,-0.6112698968376394,-1.0977145812093099
-1.5212413144741197,1.0711327392585714,0.6320246262571754,-0.9959752715377845
0.8208943755394723,0.8640528701800277,-0.3053767590511128,1.226650197531985
0.2080524514330356,-1.6922155360278937,-0.48198581278525565,1.7205270300263251
-1.3838428206344968,1.6710503386331637,1.2172310044327823,-1.2070004594744534
-0.5232127831386338,-0.4485570951185498,0.30060108948065284,-1.1832859479873765
-0.6508721404258775,0.7049458587462692,-0.816909691349807,-0.04774484548414352
0.34370982854049603,0.7109641816243036,0.1155505554786794,-0.45290519923566536
-0.5835793095290764,0.5661204299464472,-0.9640763137920212,0.9555377901200663
-1.3246898208380125,-0.3698134357446779,-0.2650559119436232,0.978448867178935
0.18081661658601345,0.7501206282649697,1.9541332217094942,-0.3183763269771909
-0.048491671468697255,0.7468469722697197,-0.6244079093425048,-0.9092583342302935
-0.8433425028697737,-1.164367650635917,-0.2670610423253079,0.580476452444611
3.1335743625302954,-1.0171604545961705,-0.7641569656687982,-1.3757614818164088
-1.3125746600709507,0.9226651789889547,1.2977429902474376,-0.7928843507824184
-0.1595547001398412,-1.2803893169158398,-0.4566082768830702,0.2675343612732532
-0.566354917303348,-0.8986964904419132,-0.8910992855020607,1.1607333446486332
0.42204274604380515,1.0285445556284998,0.12823923522402367,0.4765849734175616
-0.008418623008059685,-0.32070292551375834,1.2695034186443543,1.441032984656706
-0.18760038783026314,-1.2288498543232673,1.9457053932909323,1.1235150195965677
0.6894198135025853,1.6710503386331637,-0.33149912820703087,-1.3719347749851039
0.17883732159333554,-1.4655451538966642,-0.24816547512786521,1.4323671705029433
-0.9244040992296906,-1.2382867720739554,-0.921288728775657,0.9638652981110253
-1.0763426688466953,1.6710503386331637,-0.8742961054738088,-1.5257639664007572
-1.2471940050966592,0.9829877438628711,-0.14116794126053883,-0.07956965740435316
0.359784233648926,1.1345965724212521,-0.0584786390892257,1.7181763489522657
0.0978594153865601,-0.5223286877724017,-0.1011331077605646,0.4968753173757181
-0.1240822092091586,0.7887171297899641,-0.8964737400060973,-0.5996804446734476
-1.090977003700285,-0.8331239188612506,-0.8503189811282444,-0.5665309689930513
0.6061545594788297,-1.147816315085293,-0.11193179610392343,1.135776231411795
0.9248254696806772,-1.0783489304827727,0.01647693370725791,0.8504541338262158
-1.8637643036969678,-0.4037631749993456,-0.46522665135726826,0.6054309209004156
-1.5169444174014444,0.36936330628899194,1.3701745873191433,1.2113442276893567
-0.032721206970888754,0.4817384744338343,-0.242670698632034,0.8565146701997364
-0.037833026199414276,-1.5945108095293712,-0.49381420886156796,-1.356782490893144
0.04087149604552281,-1.1117778397214035,0.7747673519788073,-0.013412636355408241
-1.898027690178119,-0.7880274423021724,1.3123007402365796,1.454634597804286
1.7373385859785868,-0.9180341480728719,-0.8892105302177176,-1.7215329628190545
-0.8168617632624127,-1.33343101590284,-0.5544802667354829,-1.2844949938801382
-0.9987199634954056,0.9097153176068576,0.4767517640130077,0.41950790569372953
0.7764504289467181,0.755850493562117,-0.7357563347585688,0.6009790918378815
0.1872820148656904,-0.5268839084616339,-0.19151803031909906,1.1614134646409848
-0.8070681527832018,0.7530714124157029,-0.8015911631371485,1.4572878899906225
-0.006178482049587872,-0.8193151121298398,0.1278766677682763,-0.09343267225840717
1.674152567394299,0.9658242645354725,0.5596713236820174,1.5653629094689068
0.16155388735852536,-1.0566087050231532,-0.3290989958468402,-1.6927275481938637
0.36566211400259624,-1.0439944490280415,-0.9282336869301203,-0.415833717849627
-0.20576807322684681,1.09475869936929,-0.48823983060284953,-0.7706590881207722
-0.5175018917638765,-0.97677860385489,-0.06778672212867337,-0.16298524467852143
0.9146630251923021,-0.43263440110756146,-0.06919777106592978,-0.4075331265269091
0.5247731146542199,1.1614427978629183,-0.19989537931655843,-0.9689512456920119
-0.6491538806764144,0.5823920183510521,-0.8614413693591949,1.562372019092424
-1.8951566995065345,0.6798074279791373,1.2046807634049723,0.9389475660576034
-0.7566824578987218,-0.9985646307851704,-0.6511927462612527,-0.798924735458402
-0.5004795776491319,0.6574071277713841,-0.28683017050406495,0.6685606981176667
0.26192950728847114,-1.4897917522390784,0.9249498756927138,-1.1890634928310255
-0.1759869054122818,0.5300160351809505,-0.8755041561944334,-1.1910952205325125
0.3770479407682637,0.9712395450163872,0.002446601492039166,-0.8166084161391025
0.331790863644499,-1.1823073593179654,-0.872685421399476,-0.664511688121322
-1.4992320547427003,-0.40169937789866567,-0.6486470668443748,-0.8736433485688535
0.013110196628306356,0.6186972501724212,-0.3365256293938795,-0.6539830307054793
-1.0796197955959972,1.0254136011849486,-0.21788789929941124,0.7940839804913723
-0.29460397705105673,0.8391589099069309,-0.7931470299593085,1.4021429261031046
-1.2493705084463806,-1.0464864088175532,-0.8836782342411065,1.264583235015847
0.6968541505592148,-1.2543963572932262,-0.6167328229220896,0.8589702968014963
0.9074021617261246,-0.3960621317458568,0.2431992246833819,1.647580955395568
-0.6611357652698983,-1.1268094888938227,-0.5222724796576681,-0.9694448264429625
1.3662251264743546,-1.2649803198981886,-0.8162333921155507,0.5954606706163261
0.5493522134863817,-0.44794970101319537,-0.07900809394640379,-1.0858324364033445
1.2156382825807073,-0.7786178293237043,-0.27033217735379467,-0.7287359776195051
0.5595836372057084,-0.9357988309754476,-0.5246995503784624,-1.064379672579729
-0.9727109957408059,1.6710503386331637,-0.05774375935239671,0.9318849189298101
-0.28906514523671045,0.8656895446705569,-0.7479322707499166,1.6932878196372234
0.09770709859017983,-0.1498124941254723,-0.6568253194093626,-1.326616407881662
-1.5608674556097808,0.7092067361815915,-0.5890231858136169,0.6529533131467762
0.09960214979198842,0.8874405943180415,0.13944248269654763,0.5218141991310381
-1.130654550136152,-2.0211341657976667,0.4205044374788218,0.9067132999956479
-1.2887446379699738,0.989975099670012,-0.6773741446107923,-1.4329889189734926
-0.49729452226550147,1.1789920064855297,0.07871286521685007,1.7003975647399323
-0.54462110848492,0.9570527441736679,0.5458330802243792,-1.6013269706107025
-1.2469336983142147,0.9695182036122099,-0.5612668085933425,-1.4545160539599074
0.8777580164053209,0.6791187602471741,-0.9613596799937946,-0.6899095054129789
-0.7544483921999064,1.1527251730365558,-0.9140439486395071,1.0480511461375495
-0.23769624428042743,0.8805096379583075,-0.6857505627828189,-0.6592807024080808
1.4605667795369643,-0.08785206256971165,1.08151829645105,-1.6190308512596097
1.8599799845696152,1.6710503386331637,-0.752256305369538,0.5006475265991261
-0.7796147030752738,0.8665547914021321,0.18675826633439213,-0.4393328985694596
-0.915340532689887,0.9633038802212658,-0.3393223378527757,-1.594977008232331
0.06694590168748756,1.6710503386331637,2.3209321833389716,-0.06737030296289331
0.21232179897146813,0.1490190832664821,0.686917285692859,0.4606218048745425
-0.8037004421913487,-1.2883488530290295,-0.7510446684509168,-1.346063461057945
-2.392854530440955,-0.9425634771179378,-0.69761167004548,-0.837622134431791
3.2017720075867615,-1.1580318095358806,0.30801490986164765,-1.5906905903541007
-0.20860053983702245,-0.4557396860957986,-0.32983001646965243,1.3898306141901318
-0.5779148062230193,-0.633313371131489,0.08523206590935826,-1.1592567000736425
1.5343289532382673,0.5633388771025393,0.16370234099143047,-0.35777017473099754
0.1200454161656112,-0.4736178671254534,0.9019374059785263,-0.022919874266746663
1.9574320888890158,1.6710503386331637,-0.6351286914758211,-0.43880859674331624
1.4158236516389289,0.5299163407518788,-0.24984751618796816,-0.7364335994021062
-1.0821537623962156,-0.08937663893495874,0.3586164167549055,0.507496070931722
-2.7327377126980794,0.9788917819110933,-0.28350594594426126,-0.30340294192419076
0.01961027646903642,-0.950864897390045,-0.6738529001323288,-1.2916132622161245
-0.13030900776159127,0.6313153333899665,0.5016988138044857,1.2608669725397665
-1.2869725929969538,0.5829790610655693,-0.8736047221771869,-0.043228987707800294
0.37280154352767503,-0.18876096860826466,1.2353092772389613,-0.8500832315249942
0.5100031394541673,-0.4266571696782699,0.8590872407614183,0.003932796343862957
-0.2838562590995014,-0.9255058629171118,0.5845735314173092,1.0511407605257836
-1.0042747610676173,-1.1116570642009143,-0.6421893490953625,-1.6622521747867838
0.6771027181033514,0.8466425490529802,-0.5950938152092472,0.19895765742009258
-0.6688677238239832,-1.3794817517258546,-0.1510942453282834,1.199709417562875
-0.5234849032398552,0.7239392264598017,0.4462263984375398,0.4830892170087881
0.061213422331626195,-1.1172363973365276,0.05934865441712934,1.096124203904993
-0.5338395415975669,0.8548756112729973,2.283609055103658,1.3846609981234421
1.339542313201285,0.8914970371959424,-0.9125800958579305,-0.33440396568891245
0.9013773326360605,-0.7651846775671808,0.2108869075633544,1.6465918464974187
0.42548911322647465,-0.8107052731259158,-0.29526560465696655,-1.6703827458860019
-0.033535801756328976,1.6710503386331637,-0.297789980236385,1.2751033714510842
1.5110861711490176,-0.7408710397068556,-0.4464463723661314,-0.29606079094748367
-0.42777854352926026,-0.3960898796013767,-0.898387147426987,1.4159725308468967
-1.2222675532614822,-0.9838557135090129,-0.1756813650106192,0.9507092790456046
-0.9476124555509771,0.8986923526269557,0.9830954678023135,-1.1774806986393465
-1.4094424000264993,-0.3442381973597735,-0.9190347911882175,-1.0941061122508073
-0.9931537615846062,1.0520866497676047,1.4692131447970322,-0.9117173040258559
0.1232956218282369,-0.10738090528918755,0.06274550907391907,-0.26021111279682235
-0.9911744057448391,-1.1924779790359528,-0.558905089214549,1.3023979694552823
0.2251158669876558,0.650914900585755,0.6395557686817699,-0.26183562882967387
-0.8624681475384909,1.6710503386331637,-0.0036584566540258257,-0.9118076334073114
-0.9169273422879087,0.5375860928934603,4.093478052079007,0.2207441616515402
-0.795041458703496,0.6571471681044954,-0.7334571045050616,0.4117801512856497
0.9263038609276475,1.6710503386331637,-0.3966166190881449,-1.3375373220302953
1.237577821160974,0.030044744075259908,0.15955946800177231,-0.8182086672810318
-0.13245889324952526,1.6710503386331637,-0.7708809316709117,0.05079041015316414
-0.2814105736273403,0.7575335926444898,-0.7839493804101891,-0.2702709474923689
1.3088715555552803,0.7493271701877985,-0.4681386620100759,0.529710410544642
0.1529847974521827,0.7984783953294073,2.609314707447375,1.516694465648746
0.6882396465522146,-0.5335816506868806,-0.8284084998496859,1.461258947938858
-0.2710680096927137,0.6109385516493226,0.894049869124589,1.1077758098206696
1.2040439159883896,0.5557691157963035,-0.9692633571732204,-0.8185906001561216
0.19187815981419268,1.034428883089489,-0.727760874203589,-0.1254324580474247
0.1920786060301873,1.1147278913803567,-0.9024102037261379,-1.609176070825075
-0.3569297743538482,0.8668715824841633,0.1298054161597888,1.0821546571231904
0.6059733804995068,0.9828224999772464,-0.7100118807761083,0.6490899204368299
-0.5609310987605005,-1.2692925734565912,0.6155712512903877,-1.3682074253028293
-1.2619687847794772,0.6825465049163241,0.5331371089458676,-1.223849102671517
0.47534852614508866,1.0733961777521202,-0.6528630252063023,-1.4774502354747265
0.9716059690873284,-0.6281345521601304,-0.49804290062997625,-1.1905109082522773
-0.24597758544945075,0.7422655405160112,-0.9616475598680532,-0.8142415371989344
1.6277465344132533,-0.9968632134948231,0.7393077705184139,0.10761317230082729
-0.06571847386995656,0.9686935310347027,-0.4987521126661409,1.1107405263078718
-0.23389177453561766,-0.9339508061749261,-0.6389846349177345,-0.5562169195571279
-0.9296464413366329,0.8033247229596636,-0.3982991293309257,-0.4339703309617325
0.5621360855870012,-1.3277553071503394,-0.9677511128234353,-0.7992781472612576
0.54797313150945,-0.5460190193997134,-0.44314468656357037,-1.6730069441820594
0.4840590266120715,-1.6121713949220418,-0.8631034552437566,-0.9817344903726332
-0.5892393251299854,-0.40613815718989543,0.4616329388471545,0.7136515254895002
-1.1145251266707197,0.914653772515648,-0.8768020028949914,-0.7258537279781118
-0.7712451302310641,0.392297381963763,-0.9458663381576602,-0.22320019233738764
-0.15692944047337973,0.8708190403765975,-0.6395441711127356,-0.05529963236911033
0.7468324477128313,-1.000108518878585,0.3356951324703959,0.8573974136743178
-1.1599488577425425,-0.37715475128275006,-0.6215217003229567,1.2840125429107379
1.195189513284866,0.8014978568472926,-0.7865298773700107,-0.2901360332794135
-0.5686370907743805,0.8909742938281504,-0.11642413801940452,0.5875003081707069
-0.6151686732052846,1.009817532532356,-0.815286159247493,0.497177908048954
-1.3186003799979658,-1.0420231412374241,-0.4538103975775567,0.8511915133909117
1.1910563620194894,0.6728787552654587,-0.6981687973916259,0.2541517859337661
0.8549056032580848,0.7546346752614986,-0.11998457404557619,-1.1598118075047052
0.4393981760960483,-0.7752105449432809,-0.3171743075372962,0.8495900128801783
-0.09165576402947424,0.9115545430941157,-0.8767933113209425,1.1311014903711993
0.019317004062873618,-1.2279857147138185,-0.7136576382756755,1.126195139726311
1.4341058919895044,-0.7437415720158559,-0.6188184471452806,-1.6616841481757043
3.8346199483616417,-0.757360988278383,0.2425788436076193,1.677918574657952
-1.0759982044859309,1.0685514487730803,-0.06337788298077733,0.33235849850874083
-0.35012460765692377,-0.8311157189812516,2.3206840825216313,0.6038974501948834
0.43025037825797235,0.7482399297265976,-0.8943824443717723,1.5622856715416105
-0.26591052371591617,0.5708537347917816,-0.8146834632293684,-0.498655838684136
-0.9430094163399682,-1.3253621422339894,0.11766996085838072,1.356037035130468
1.3541525418109088,0.6223486569057025,-0.18251745642462813,-1.3078597200077755
1.0218995409918843,-1.0476495086653452,-0.29923217683844755,1.694983637828689
2.2858494769899083,0.9001323731837984,3.955533232720544,1.305332236831777
-0.6289353304590899,-1.2483229032786458,-0.7431827042790864,1.193181046310077
-1.3342155811452066,-0.9430009748015592,-0.44213475666573626,1.038414101936163
-1.1017228206699092,0.5152306642611523,-0.642610625931171,1.4854572033147568
0.31100248089948773,-1.5521471733290726,-0.5515853658843136,-0.20362352706177325
-0.6568490543526887,1.6710503386331637,0.5497538491390486,-1.0236143914409186
-0.49796654527173717,-1.40158542213222,-0.6594602727190495,0.9610008753256614
-0.7190663549986007,-0.8049544371561514,-0.41754488152264657,1.5374537505883938
1.1987023980073888,-1.0570160631742673,0.7489528355556271,0.5548406310573885
-1.2770851623495902,-1.580661359903608,-0.9261977152439801,-0.14198203980288113
-0.014087837810285117,0.32564137004016486,-0.6535856714773309,0.7207107720640364
1.4949530545779877,-0.5550506051848862,-0.5408059051206515,-0.36293845916949363
-0.11299272085383086,0.8250682387473062,4.062631965796096,-1.030823192114019
0.8967070826734195,-0.5876024392932441,0.5979473629431683,1.589335459476304
0.7317468220480076,-1.3470367131829406,-0.49379925322533447,-0.6411590601562622
-0.20603898092085546,0.5971133190611476,0.1580555357721458,-0.5891985998019307
1.0452085423812891,-1.3810711957589425,-0.9319658075195518,0.6320522920876823
-0.6694669575497186,0.8841184703990386,-0.8703617145719895,0.118273741924521
1.6588065025013718,-0.11387280673049101,-0.9642422371513133,0.10452508109501135
0.5426993092590995,1.1228745642296243,-0.6358007359127354,1.5523770322466586
0.689355269811446,-0.7789045197374509,-0.9103654560844114,1.1889544948984905
-1.0062012905668463,-1.4795668525401455,4.089857296953894,-1.7166746388889678
0.5391322781220838,0.7288184083398884,-0.2141228270248351,0.4401721959554091
0.49079730324307347,0.7772816623301678,-0.5122405519873314,0.8763873263885616
0.8056013757048281,-0.9472382370415013,-0.9195181110386024,-0.712066460725645
-0.43102268252737813,0.9803251215756564,2.4879723614766216,-1.6716711449115063
-0.9542679374344534,-0.2289669757261656,-0.6840067405732971,-0.948609492330577
-0.03158032436044388,0.1835991658167659,-0.5710335771836005,-0.0696911266139789
0.4739692740432347,-0.8846341184529413,-0.1883085103795213,1.218908491876732
-0.15411419805778484,0.5316947970998012,-0.22242235611838246,-1.078336162973092
-1.8294212458480263,1.0935054919547367,0.06675977282127137,-1.6783740837998167
-0.287419629676384,0.9997344873866897,0.3694132305184786,-0.8453919977210113
-1.7276260193527981,0.8449031621859353,-0.08551786390544559,-0.8965649795695589
-1.21407643669124,1.0032309259063148,-0.7974014272508729,-0.6146552065884104
0.7856218873231233,0.9212507953835136,0.3347443369380447,1.554136122933987
0.7400486070380903,0.8896509877936619,3.2396162044245935,-1.4022218760624061
0.6384431321121985,0.4592474442810933,0.6278228638498241,-0.8413395977894942
0.6310257172709194,0.6381648512123017,-0.9039250649344825,-0.10019077924850761
0.1282111914849985,1.1900283936311902,-0.35770727406145125,0.9225857920378898
-0.40846720565173594,0.6765433438154828,-0.233329621983283,-0.026789942131261787
1.9610079581107793,-1.111254402387314,-0.8127200480300231,1.632084917868073
-0.9353417375825998,-0.6624062379985816,2.666448261057185,-0.08166369794682146
2.7415420567406703,0.9484928100206985,0.4274657785119052,-1.3222471171660712
0.2709390760446051,-1.0412660130742712,-0.9803113818596981,1.1214945968042733
-1.0789307807306465,-0.9295418698771873,-0.7387036633220371,0.7936475966813643
-0.449429178844709,0.7598452569561984,-0.5156705223026509,1.7124632530366088
0.05927170717286711,-0.6765062980800107,-0.5025688176489634,1.0287304000348965
0.019266814074352327,0.9274740524259995,0.8563981989360322,-0.06854304295058092
0.7400272761615962,0.5070862307518739,-0.8011148892187224,-0.8881044444513865
0.04736453607473778,-1.3593837058032618,2.3735912482364396,-1.6157289931210117
-0.24342533382264012,-1.3495222618000788,-0.6133656509839263,0.5443815632659765
0.5846238693717577,-0.459320158245648,-0.6289967178544892,0.0714813650967129
0.5132525655718382,0.5634416846779283,-0.948395081978081,-0.35694079117783845
0.407196422629091,0.7930289227112304,-0.8942846415112963,-0.41953789242613465
0.0892848047396017,-1.4188669271529915,-0.8586868107839603,0.16350917281545221
-0.6921570025505001,-1.0517134026081751,-0.7877526034674036,-0.9923601821417998
-1.398476142331804,1.012450371039593,2.049554432756223,-0.654730484529367
-1.0755934164165346,0.7037147633471983,0.37947315244355434,0.5354407927183821
-0.08604854509109881,-0.5683650429248952,-0.5185082294533397,-0.49860709459540753
0.7111380951657384,0.7172849970801306,1.9143342613365009,-0.5715514812566547
-0.2888276047653241,1.2620462962994847,-0.5368935787739049,1.0781005447200882
0.5726744614902679,-1.1040250504278104,1.4370725997612865,-0.8524817604415896
-0.1464550591483566,-1.3721762805154696,0.7196919163670393,-1.7205007543529076
1.3171058119405856,0.9838155025206976,-0.7268361579437591,0.5474251577251662
-0.979744437666127,0.35723328434492624,-0.9784318928512286,-0.4303185644494455
0.721771862481113,1.6710503386331637,0.37008033765125614,-0.022822516787948454
-0.5958072905544678,-0.719926205289384,-0.7203729543670574,1.1827864871202458
-0.47994649148285823,0.7315964828051449,-0.5376235900085468,1.642091322348546
0.5386449555345596,0.7444023174911328,-0.8041863490090772,0.05252916717989669
0.6535474698211277,-0.5477495099857035,-0.9872750075992608,-1.5752278444622139
1.181840098144953,0.971394310380236,-0.5119594279073042,1.542779004619178
0.9068703970859615,0.796457161288877,-0.3635141766409706,0.20282458458603111
0.004925923510987025,-1.1931460428701708,0.30109450794362286,-1.676673047863045
0.4359124306085315,-0.05904623081637537,-0.8865243010236429,0.05146539865165249
-0.4704395740480529,-1.0155925036509876,-0.8879191983404185,-0.5648121894711536
0.9618215632536918,-1.0153823405402604,0.13769636102877023,-1.6902856230182461
-0.9260055516717796,-0.4267800860925727,-0.9233593104249495,1.0190284848319557
0.7388695661969484,0.5884058138261525,-0.7394349772160963,1.578543916441161
-0.6270860798880629,0.6311260716901859,-0.8259125253674915,0.7714226125933438
-0.7316029514990932,0.7944290565922769,0.3070204641337858,1.620829912927437
-0.12222693691495087,-0.8663894687688654,0.23178393376491618,-1.6905403515525401
0.2830109111948547,0.6197353168806553,-0.8084609446529029,0.7692545488603189
0.9288591110224885,-1.0713662253232574,-0.5072243130401913,1.674151951370583
-0.870384144837242,-1.534732329484194,-0.4456944051015922,-0.375483621877636
0.935172617666422,-0.7778165610707355,-0.6018814542114235,0.6744201743731414
1.789497931022568,0.5373346744254173,0.15498685796343276,0.8590368991187803
-0.5895207092211454,-1.0573285442733136,-0.9546312688695227,0.1383374759254536
-0.15583182815871963,-0.8244572775277822,-0.647275905270501,-0.23660101153615634
1.1039293984129441,-1.4904442518117202,-0.7883987593141869,0.458766578047507
-0.3187451105279109,-0.7360367852643405,-0.7679276439277162,-0.2713336888071089
-0.4575293662145059,-1.016200285894905,-0.9580497248253929,-1.2174916998468892
0.17584855291308024,-0.9372110892943292,-0.44600038005408427,-0.012837896433132124
-0.7102352449397952,-0.773318972053321,0.35098568326342294,-0.8371305623542008
0.28364396568205436,-0.9875896480719477,-0.15585932491058826,0.9600640126309199
-0.6335886196090571,0.8682741741912254,-0.334479796415327,1.4877360040735181
-0.06703177102273132,1.6710503386331637,-0.8854853574456227,0.7678437410607433
0.10898054784542556,0.8255569734928879,-0.623951071847265,0.037509013631590864
-0.6063668504160362,-1.1272967433251537,0.26831839428745946,1.6815575403945906
-1.1990076341616818,0.8621093879256695,-0.4183426992620653,1.5456607476030302
-1.6716935653571179,0.7235371663103761,-0.36768142677267124,-0.006331696748859932
0.10572456244710915,1.1938682258729065,0.17019023565080268,-0.35268208627320063
0.543117224790063,0.5568653131461369,-0.8065086526259551,-0.5192940887887615
-0.9588462048561996,-1.6380326647019068,-0.12159184502243812,0.38530276793580975
-0.21048976241966083,0.6784215260692901,0.3770390524008023,0.9998928525987032
-0.6509078030271129,0.7206949206209562,-0.8957385193780818,-0.4611950271880544
-0.8813209045345203,0.9629177515473158,0.18194619848916851,-0.24970637869529808
0.18198825236186017,0.4027653728217607,-0.9359964231776317,0.43020371788960493
0.9502037034905929,0.8761785970426467,-0.7912657542335403,-0.4858582073634489
-1.0155514543016395,1.0372588798530618,-0.8253617574313278,0.6044920526325569
-1.1868224048751677,1.6710503386331637,-0.09307425784294744,-0.45056456654648513
0.03765939661015995,-0.30178910015845367,-0.46471505552403714,0.5250040366480182
-0.796130283964884,1.020489994093192,0.005520050886250303,1.0219916303787393
-0.3635843795067496,-1.5621430880112983,1.8561736394936839,-0.5089141057175323
0.5101795174237775,-0.9702484224293939,-0.9709070385481361,-0.7214446506148771
-1.169837359111891,-1.1175397966672267,-0.7877345789880922,-1.498580135180286
0.31430449604996274,-0.31356448274943693,-0.275145152224579,0.8708838356697121
1.3505484198130815,-0.7202337817876574,-0.01472621122124075,0.5992433812361628
-0.6457629716874372,-0.8673565375968515,-0.06730897425525824,-1.3222368402660973
-0.44544364693223554,1.0848913289674802,-0.9433963326253215,-1.3201794534685618
-0.33347705684381534,0.9269043076408131,-0.7405062308460713,-0.9064605146833569
-1.1429462141067706,-0.7954615441768033,-0.8770255568357676,-0.03721620619539481
1.5820021811457712,0.775407778960973,-0.009936128058985569,-0.8101443327987321
0.031909412807445504,0.8313905370502361,0.7412719923812218,-1.1519651777088946
0.9853993426508337,0.6158943177533356,1.0181179738427715,-1.1572171244793914
0.31645020707311383,0.8368278551672642,0.41803926746410236,1.3304043255455824
-0.6195701407431278,-2.2724932540189204,-0.5238944210579971,-1.6873972051976653
-0.20482189725703784,0.7296654731823028,-0.5488702962145092,-1.1056901667278434
0.9506437788067216,0.7866589026896588,0.08494198516893876,-0.3294251749418428
-0.9399287985119219,-1.0370422665565675,1.2356767801748954,0.5080284694328577
-0.6455725018988513,0.44493989528546946,-0.3109328759314722,0.7913108678019269
-0.5267316420407132,-1.183700348297189,2.7834549927835073,-0.9647679238805996
-0.0458824756542962,-0.3721072370762483,0.07619921023880297,-1.0832570090816187
-0.792168731789719,-0.7740419054529167,-0.19183057123746447,-1.37720702311545
0.14862725025927775,0.5472255597435519,1.795206296631716,1.0458152114203503
-0.2519668663306314,0.6422082102049333,0.3970244345068134,-1.2628372833001151
1.134778020470562,-0.8176976602378832,-0.2493726405691556,0.13382596542307762
-0.14537271900641416,-0.7349463370105386,-0.9533856111154434,0.9945331446099448
-1.3899317786170882,0.7638890104346342,0.3487590702698215,-0.7329299264054282
-0.317187488346404,0.9700167179985449,-0.753672216374157,0.9399889654921207
0.22455681829378263,0.7640847659811538,-0.8025949395247185,1.5370910442375374
0.18939600281325392,-1.4814300498037822,3.644441410549147,0.39801215348056657
-0.40916685489316185,0.6545129782513833,1.8958933626858185,0.8286584838743161
0.31253903816071416,1.6710503386331637,1.1685588210820532,-0.9559677014756244
-0.2957455905257813,0.8938150419077115,-0.7284803205650323,-0.18501536517486494
-0.5759142122172445,0.9010287142401938,0.5533454520752661,-0.725018685789337
-1.4195558334113592,1.6710503386331637,0.5274095669026095,-0.2902995366480155
1.2331400514240094,-0.9388246559948946,-0.5510197647086565,1.0857354661153442
0.3276927810653353,-1.466097859669084,1.1125963688848373,1.0001617162895722
3.6481373129634935,-1.7457216067515555,-0.8786471697502701,-1.7107588579436959
0.2129772938550094,-0.7475622683449585,0.24250703699746223,-1.679527207649544
-2.4742926168550503,0.8928407355717143,-0.4163648866977558,0.17715328756224843
0.1632969082732458,-1.0902305789314595,-0.7372972590558856,-0.6740913619733822
0.8538598442556272,-0.28894857688802783,-0.9580620266767477,0.9561453113259186
-0.05765045997668975,0.7302892131723654,4.182648276899328,1.2675173941096534
1.4544960631010952,0.36528572183845226,1.1227356417733207,-0.48835995591474773
0.8295261200628918,0.6112440527356909,-0.6079111184248137,0.2649335132397539
3.173356051086146,0.8440205442487134,-0.6773717005901408,-1.071662616836816
1.6684155316666742,0.8207678754723923,1.2220195966015175,0.5782354663472471
1.941304658365577,0.8159621201959792,2.0397528141736077,1.3060775207665274
-0.29544197861863514,-0.8911197362977005,-0.34044609066176046,0.15915875857164855
0.4939491230202048,0.7820528295933201,0.5134867717219728,-0.01572512694866341
-0.12507077019220422,-1.0978183015425407,-0.9216190020271174,0.3296613909155541
-0.012759584825382076,-1.4501256351507912,-0.6269312856233861,-0.09448488483717553
0.27926379675221036,0.7968534900954797,1.6913678273871917,-0.17364785185787093
-1.3065779132479376,-0.5184660571346372,2.0474386342697777,-1.346380223718902
0.8217800389127736,0.5543326181732292,-0.4547995752799693,1.3286592132092534
-0.834596783295229,0.613285816183053,0.18272547917469725,-0.4928774411534456
0.4245833214558016,-1.0126120202614466,-0.7300098847213291,-1.460467938204966
-0.06446613722864063,-1.0080431267673526,0.8330989317044609,-1.1704371875309287
-0.05392484519281327,0.9951806950291265,0.19453630937286795,-0.906609265336027
1.566843514273164,-0.9594306970828838,-0.5256758860250065,-0.1674353795605402
0.49022017948979796,0.15684062180403047,-0.2588007309371094,-1.647078007327012
-0.222449652693792,0.8519123767324283,0.9841647910907055,-0.17476638809654824
-0.8348353266859202,-1.477671708323685,0.07782387116969222,0.31957203884775043
-1.1681818013833372,0.7779459543296013,-0.04179146823683733,-0.1906775998656842
-0.8798139060503474,-2.0687224210028385,0.7707610092579587,-1.2984047590053134
-1.087375350832353,-1.1088228714599335,0.0978441898500532,-0.42002745184362966
-0.5580841201509601,-0.9274991984769901,0.1379782476077402,0.7434293888848089
-0.3168930727679582,-0.7425109346140638,-0.45284857120982874,-1.6112420114332935
0.3849850819128553,0.5221936866921157,-0.2859305099730288,0.21110406356218098
-0.6747026128696352,0.44026752433111305,0.703755234589172,0.5330584615251248
-1.3040264769466885,0.9035683302051855,-0.570117172174249,0.5014279199781511
0.824198757805544,0.060330310938160096,-0.12720042751211416,1.4856691337588919
0.44876617415485487,-1.3524643780161802,0.14607024581426525,-0.2654903841948781
1.2877031785963422,-1.0967023312849793,-0.6611986651961299,0.9190299379394816
-1.243132976750975,-0.34619323944503017,0.018610823333642362,0.4418014879681396
-0.3821997671735496,-1.8939928294219743,-0.02508945219488509,1.3436186318540067
-0.07421231466934843,1.6710503386331637,-0.9255830862973548,-0.2347396955658045
-0.34970084549492747,-0.9781107098791265,-0.8550132232478452,0.7575765952179344
0.06279243537305525,0.7053165406488165,-0.544646178643515,0.6000123351734643
0.07138527986627838,0.47853123740223663,0.10398673896266548,1.1447326651627212
-0.9117780145328667,-0.34000959326229807,0.8151100297037247,1.0706441487667737
-0.9904075473982948,-1.571261333571165,-0.06632559223321047,1.5404047010351631
0.2495134524840701,1.020792512946565,1.9481110548103848,0.9278751307012725
-0.0408839762156014,1.6710503386331637,0.8577819536989175,0.5276218511055708
0.9869480607347368,0.9088759434702856,-0.15891027077487854,-1.6208255079673324
1.360426766005352,-1.2157972989034291,1.2465112294963767,-1.3952844135012155
0.02279456354586092,0.7544581929681211,-0.8710458671118874,0.8385940472023353
-0.988570667612364,-1.0404246423861787,1.3615065334671093,-1.7135309338374
-0.5443153842143537,-1.2300574695853639,-0.6375162206301793,-1.515206954062906
1.5446508574851354,0.8464660936340488,-0.7058772922212839,-1.4609884239976811
-0.7968105153572461,0.6326593491237855,-0.8950795205177486,-0.4156381395027337
-0.2022243134266475,1.1543441613817849,0.9076297708433778,0.01039181275345165
0.7181110269302937,0.8701478026176146,0.5181504144989114,-0.7900671869386253
0.9996556730251516,0.9521711769638141,0.636664383235625,0.4563851376198816
-0.13511132195688705,-0.6349779209266487,0.6220730074888897,0.5951584445070994
-0.8470060824104555,1.6710503386331637,0.022687406277992987,-0.8600459391015166
0.5868389648269433,-1.201671651146112,2.1826630858909692,1.479190066850513
-1.460611290129246,1.2836056446546997,-0.19014876202588557,-1.048263925730226
-0.07116971271661157,-1.442868330107476,-0.947362782024874,-0.5800011139875446
1.1931799198623845,1.0593673752423973,0.13510664875571396,-0.0448972087265729
-0.12619182869135975,0.8602515096617803,-0.19334001706362047,0.27350444417405956
-0.9305229084273549,0.07425202316360266,-0.9762295690764459,-1.0958588791395312
-0.7546332223242287,-1.0949823728203865,1.1302182076872627,-1.2700739295077348
0.6970704009985293,0.9046623223724083,-0.6833895192456491,0.16736006588107957
-0.05358280060537025,0.8664189770429533,-0.579338416589486,0.3622832177087089
-0.846315543411474,0.8756919119440009,2.044922024007476,-1.2892838610005914
-1.2364825167987854,0.7191445849752716,1.013105454446725,0.40828271587534354
-1.941990626615875,-1.300584502792179,-0.9729141084381995,0.1657833084406923
-1.0785326989967614,1.2140689013280817,1.0744604817637688,0.025802475791352485
-0.15003079117700696,1.6710503386331637,0.5167789552091018,-1.049511444519682
-0.005565252888658915,-0.9511840755958939,-0.6273086450356983,0.6562435690845971
-1.572834470362495,0.7982270963214665,-0.804297031121967,-0.5354050640816904
-1.8647205693167017,-0.5188976652655546,-0.44586001446180834,-1.4998055154875496
0.4425031297508673,1.0546229536674667,0.2531915941609261,-1.3926512096640369
-0.1595942535293555,-0.8163190478979102,-0.40413645856623903,-1.628807697610324
2.019509505832102,0.6691695527416635,-0.42520834027490517,-0.9306542962218949
0.7388046332285517,0.6299887420214649,-0.37280881026207013,0.7822746205273524
-1.1326748189999383,-0.7502000423962933,-0.5026485236257602,1.033821231280946
-0.6687146591745359,-1.507074112161892,-0.06488580602869216,0.07909891486806982
0.7217726132287462,-1.3728448701990035,-0.3821383550726709,0.3734295514497476
0.2275190473609137,0.6675862197126341,-0.22881429642045467,0.13964688639410075
0.39357941294135623,-1.4092909382231418,-0.6997021108873422,-0.5514501336667117
0.3974148411076737,0.6212224501445256,-0.35984185313621553,-1.3792325289746616
-0.2898969585487603,1.0784477712313758,-0.7499748442194483,0.4000975386302353
0.45395458985155274,-0.9566194614326834,-0.5193019930956398,0.1266396300904701
0.8404709796467903,-0.1741264468731909,-0.5266876109737065,-0.6347923928185475
-1.6326986301788804,0.6394314088699805,0.45094431873028973,-0.5510785690196645
-0.04932398451507578,1.2845495535427138,1.0799672394454152,0.9734914400164348
0.45364390897072204,0.43579770124757405,1.4120831284787183,-0.5249074200528159
0.5753351056342637,-1.045875180990052,0.16572067824081352,-0.5360787744371401
1.4911447248281717,0.913625160278953,-0.10752327586047901,0.33473859341937573
2.0527983728717225,0.5442247323310334,1.736939867102839,0.9023910551498937
0.6395256557309222,-0.4559335974147069,-0.12671809340063514,1.6256901718325993
-0.4745355625503287,0.7478834044190092,-0.9819722597704277,-0.0006523010035505637
-0.09069803755803754,-1.7621680900468655,-0.5419258148121231,-0.39491217224814035
0.27680891233675803,-0.3765171865879839,-0.2427136217222008,1.4888505482566263
0.05853567489640465,0.542687272088506,0.04332457313752135,1.7175440142008478
-2.049095251882565,0.7972601808515922,-0.5525440326329931,-1.5995759452302825
-1.233229991115886,0.8763549155964416,2.900937854197086,0.7097850979292014
0.02105660163810665,-1.5496738298519703,0.4395266019913714,-1.1548031615153769
0.31820824923373464,-1.3826669706512402,-0.49486093371535783,-1.3680409237752
0.6404813311755634,0.8947030533898575,0.8631326466237097,-1.4154866447818721
-0.682129598046954,0.550066461051449,-0.38230078782321786,0.013254389548043284
0.49914053222144156,-1.1404063497098051,-0.10260030360856015,0.6475652576843354
-0.43353470126957305,0.6447470288256074,-0.588736663192069,0.20241502979623066
-0.602786906101739,0.25632686269875904,-0.6674026397109114,-0.18650513517813075
-0.8000220294200864,0.7151558197174132,-0.3403968403008035,-1.3390973793469683
-0.41277670289324414,-0.8381030443872708,-0.8794235568942267,-0.30324070375340767
-0.6130005741477399,-1.3589921190925331,-0.79630275334728,-0.6812211895670928
-0.4783418725359556,0.6569850646868033,-0.7136858614461782,-0.9533105877038497
-0.2599963430027992,-1.133225659214419,0.271603444921318,-0.9354948988938387
0.48837055562311715,-1.0839378641618211,0.9622555740678035,0.6231900589747436
-1.0938609542672,-0.575342175723948,1.8659118970070876,1.6768219247097846
1.2107017432215703,-0.9229055520804644,1.0510605703237401,-0.06686458230593006
-0.34911557296497014,0.18646905959102106,0.40702798058167583,-0.2655220900672067
0.09072574502121096,-0.9539609545600408,-0.49479475121827604,-1.4122688917597852
-1.630915230434682,0.7432184155616984,-0.5356291278151276,-0.08442596620942712
0.31652535375837454,-0.9954325316555221,-0.027771467055002937,0.22915544894495052
-0.15972676330611799,0.9974672175145923,-0.8814774371653485,1.380915597573071
-0.22277962823191116,-1.5559354401796688,-0.5781133439866829,0.22185475596536533
-0.3789271898134599,1.6710503386331637,-0.264568310947069,0.33489160721374056
-1.708508300678264,1.6710503386331637,-0.03744074258174511,-0.602296007332158
-2.654685749802375,1.169458038388821,-0.08542988935380685,-0.7310728155825111
0.8042279008599672,0.38781076841983325,0.2905064029543916,-0.6309027376074783
-0.027003884637148493,0.714958133203341,-0.44921208531117746,1.582003764971512
-1.685535635342346,-0.18695302101365588,-0.4729889356696041,0.512473444003137
-0.665351275683248,-0.4263985791643858,-0.8485105229177868,1.0303611479078625
-0.09876604825966977,0.8929087475089206,-0.6605671519465,-1.525434870623905
-0.464868202024444,0.8584957722310557,-0.8697490467190367,0.26830816454024004
0.4217055914944025,0.4927211630624481,0.6648899368363902,0.19580146239239676
-0.33937731321907366,0.8841247733570512,0.17679065091224327,1.4046721598454603
-0.7968152078259811,-1.2681850127991958,0.9822081150579055,1.4852415930962304
-0.5667575556420273,-1.082681466902638,1.3983753248209732,0.20364704952963616
-0.7171624263715478,0.7117247400654002,-0.925637245820712,-0.6740107776934835
0.785018424845455,-0.8093033792546755,0.40323743710623366,0.45124601388405583
0.5398860453735925,0.9150457664905722,-0.23388358036984325,1.50348564563889
4.855570767281075,-1.2784919020146626,-0.43801954876666727,-1.5560129963882163
-0.07936549191057943,-1.6385323750111997,0.2966597470562753,-0.7375081929868047
-0.09831134022121693,-0.8023409655003995,-0.9675999144347769,0.9103633997516145
-0.5608396590552358,0.7571971954864242,-0.48637125380776575,-1.510527608805205
-0.6717140248904411,-1.1053941385348667,0.48707356260234863,0.18377201464884782
0.7205346359951352,-0.5864944265783046,0.44307858264905436,1.0092782466862746
-0.6339129853587083,-1.5597800117347296,0.00873728266401981,0.9258990001056437
1.2757038527114215,0.7175050879500646,-0.5442855632842039,-0.45759598090416215
-0.5132635475669797,1.6710503386331637,0.3968317681158873,-0.6300908498011987
0.4783053082809495,0.7078886824426902,0.6072199040840424,1.6272541454251839
-0.6374218255986454,-1.4316408864662347,-0.9781743630327692,0.23439203329414604
-0.9658416584708052,-1.0055479638659603,-0.9270838856571088,-1.6119741474080491
0.2045993786531058,1.1501535232448437,-0.6419295911461333,-1.7058127091817548
-0.5472566541161644,-0.654722760943243,-0.03944225958468357,1.7038329807371073
-0.43964607563954855,0.5917508362570317,0.03670514055985403,0.9169211098058986
-0.8829537511956944,-1.3761244967332704,0.26555879924785875,0.23817610677329912
-0.6317524547306679,0.7994918787625157,1.6439857221955205,1.6037436456966043
-0.8353924973546933,-0.5703451933567659,-0.9595569069426819,-0.2846826929398059
0.2124428046383173,0.9966193622264649,-0.6652444037053825,1.2078702690862997
0.23762437248764015,0.8251029661797068,-0.9431030355313683,1.1409602134695465
-0.9160603368372581,-0.5059821642848569,-0.15434228823251034,-0.8099097208152161
0.6620305673056217,-1.3032650374091717,-0.7138115260282305,0.5190196343953675
-0.39957047817056834,0.687379001929471,0.7403355089485646,-1.4558126135786316
0.15577435787063384,1.6710503386331637,3.2926615475596304,-1.3662170251863643
0.1844540711707228,0.8738331159573046,0.30920142984017357,-0.48074065136047556
0.14256184745939238,-1.4481533606838652,-0.917183656945261,1.147030409075768
-1.4603728380695633,-0.7322697701015648,0.5192054476736412,0.99537065218617
0.06403215991026551,-1.385125451356048,-0.4329761068904067,0.846413403162076
-0.16343599084698557,-0.6049219070405796,-0.47695784884854,1.6628246976533285
-0.9600847067602571,-1.0041223187404682,-0.8561111931449633,-0.8761275002130677
-0.06913768647153022,-0.9920156565110865,-0.3757425610146332,1.5628982982265132
0.23149874876472495,0.5629635315938857,1.5027357082751225,-0.5574789742247235
0.8098545720597414,-1.859009777942425,0.8331876408425379,-1.5267246054625214
1.581838306706187,0.6237102879018775,-0.9329877044323268,1.2458279907444507
0.5785076068074114,1.6710503386331637,-0.9610937808456264,0.9944436937594139
-1.0799037222402226,0.8762635152530628,-0.2894709055655574,-0.4720979248629782
0.4470943467074485,0.5324221840426517,1.9552432850838606,-0.6357613969441128
-0.4284792333846792,-0.15339605381220103,-0.4774993536250653,-0.21514958758612276
0.7172367341106238,-0.7693081211822743,-0.9764418538735132,0.14836471933568807
0.635832193963077,0.7615167658332459,-0.5342480233047644,0.06404381623415951
-0.0745045012280914,0.7325381208656746,-0.6441153668491226,-0.0876739138920176
-0.2656005808698393,-1.3227746371331712,-0.9344050994586638,0.5530650300019617
-1.3548002534637344,-0.8538819389015091,1.4149392586430527,0.3014915052880179
0.4359466455229138,-1.6860577911737527,0.2681366258672934,0.12533753748523735
0.7083725283150969,-0.32665712549815046,1.8059079053351257,0.4489505839205817
-0.943600114909598,0.7652659113437117,-0.7403917271397551,1.6082886554488134
-0.15771205401574484,-1.6180541347682154,-0.25841109283669644,-1.0904353041112633
1.030303872889107,1.6710503386331637,-0.21965365309651283,1.596669862392179
-0.8075277889610795,0.8532528712844601,-0.8590071579814677,1.2201351186353657
-0.36802594464478167,-0.5808954716234961,-0.35983542929886336,0.029198877301149243
0.3970420077473394,0.8323288134645772,1.7286574911390582,0.08860170585771329
0.7353621926981183,0.8005610461542031,-0.26206177039121087,-1.6290195049965566
0.2713175550492783,0.8506401240421135,-0.6293118289819478,-0.7136058967672889
-0.9704849077388178,1.0163502698863243,-0.9080361804196768,-1.0975598173839223
-1.2224228226950025,0.8649576541974816,-0.5663610536244916,0.4872904268956656
-0.23836336496311938,1.2123983543017909,-0.8763001526464291,0.5349066223880643
1.939488529152262,0.8606079757076641,2.0727243194284077,-1.4566859267466221
1.3815344854514238,-1.3998347510904092,-0.3430723703868741,0.8072819915719929
0.025679893210792476,-1.022842219320248,-0.37416498117962377,-0.09787092364552095
-0.4757847909697225,0.4868131669807873,0.012130609236260546,0.2341906922107313
-0.2018491841599348,-0.688760392730225,-0.03218074850331398,-1.4390461007972997
-0.18436360268574886,0.6573713913247666,-0.6714325383722846,0.31134806022316003
-0.06229150161589775,-0.7548431532602671,0.10032235365980181,0.014155525318242636
-1.3186507432072239,1.1592739617193544,-0.36799788016687573,0.4768602248377218
0.6684249278723088,0.700414628563034,-0.18899528858511816,0.06470869560052558
1.1453264957377853,-0.8248477695620308,0.43190154936419484,0.10389412984290398
-0.3499087835266831,0.8706019312296563,0.09695830331622084,-0.13934893048798028
-0.2574166749493075,0.4925559943763302,-0.4862631825447841,-0.8510535959956098
0.44212028941347287,-1.1861007567407933,-0.5656556527467779,-1.3245299417463523
-0.6620919554829515,1.6710503386331637,-0.9428102492741172,-1.1603438979854184
0.01387616677898487,1.0141855068165475,0.31253940956716786,0.5753616822303386
1.5697616581867642,-1.417960788970795,-0.16225766795768398,-1.2761508824574141
-1.9837163859304816,-2.0186931411966973,0.8703514700507756,-0.6509150277587806
0.9211822464101731,-0.7482488882296431,-0.46387507542464496,-1.374579380267489
1.4112637409206517,-0.7964534662610364,-0.5592902186834099,0.5064680996311566
-1.498580262092574,-1.2082083818414668,-0.9872288075397564,0.8677434586430257
0.1634508173814497,-1.1574016905178053,-0.583936992472268,0.5343355632485731
-0.03314330354283107,-0.9733877643780596,1.277586491933978,0.22177575015411316
-1.293248049401674,0.8964782341918357,-0.5395724271391534,0.3076118885893669
1.2617134748677483,0.663074784718953,0.6521075887767341,-0.3583179502218253
0.0766607896781392,-0.9998997983245093,0.34722047604277245,-0.3050072749353077
-1.3504946746444277,-0.44160461023310793,0.19921981033677386,-1.7137405275935411
-0.834873091010101,-1.0531340064619052,0.4816981339135315,-0.43939735324735013
-0.3876794393364475,1.2278739247990234,-0.5847365109647227,1.6824692761165143
0.6954878060606735,0.5459010091023514,-0.5997670230013409,1.3995800161980563
0.3097933428506299,0.6718425766105792,-0.6635330816547111,0.9814572371117629
-0.8409507508752685,1.2787898015156012,2.230553010383066,1.5854070794023838
0.6014844096414389,0.9562718258506465,-0.6002501318857397,1.4907863653709092
-1.411123382051577,0.6865677872327891,-0.03919341390317915,-1.0307315162601054
0.08772853622319346,-1.2405360642104835,-0.6672455158221274,-1.2351252162471889
0.03444711660091897,-1.0060364625978215,-0.7465387317597878,-0.7607681286266925
-0.1327815234999188,-0.34653680841204865,-0.9813874031480104,-0.4245553710618762
0.6586659976642593,0.9545300147421804,-0.6374783341902804,0.25982640590290457
0.6053945867882863,-1.1082452652695112,4.018114169059642,0.6585549226467623
-0.7948824575957076,-1.6791351466828581,-0.9711625646564519,1.3404218037806643
-1.4135511191526826,-1.4856126322501755,-0.26845764291208635,-1.4695337665265762
0.9422906062784777,0.3999596477955895,-0.4506717470966381,0.7944866160785946
0.7222920262870711,0.5810710487522666,-0.63230177008835,1.335882894044634
1.1073952821414377,-1.0251539993706937,0.3874874589990614,-0.7978329353762006
0.10655663381369024,0.9379243926114351,0.9634857803860493,-0.8538616826896301
0.8247717842864584,-0.2098989824378504,-0.759169329103956,0.002774174169221536
-1.3942305475970274,0.6303360710801871,-0.49334607442456013,0.765498641665961
0.09028989845660663,1.101032489773495,-0.4378464247167029,-0.6366560427348248
0.20580263057807396,0.49332965649372545,-0.7021293367920974,-0.9861127113725189
0.019782485000690884,1.6710503386331637,-0.9838847251507341,1.5329664750911964
0.2617763698835996,0.6303955573243287,-0.778275026602494,-1.577167367752012
-0.15217002018200274,-0.47728370241812185,0.3921912597454563,-0.05333160142026209
0.2957199126413871,1.6710503386331637,-0.3295448701777619,-1.582385565419595
-0.424145871424293,-0.612442874662362,-0.958511557772008,1.2949198309199514
-0.06635793991087978,0.22415308517471902,1.7870033277044004,1.6586342743516846
0.045992679905403525,0.908524116485795,-0.5123680248432636,-1.5061120967586799
0.43375068118463367,0.7992345038848693,2.123342853919218,0.8912127509591217
1.6713023243092922,-0.6403123872637396,-0.8290570234614881,-0.20804418352421303
0.12513433167933602,-1.2306699237062229,7.267453429033226,0.6848631017967073
-0.20362789092588635,0.9377691554917125,-0.7193319320161569,-0.8893301740343206
0.9703924565128469,-1.1667444684690103,0.027690482461713344,-0.7591468201955943
0.16711856234302142,-0.7696795706966322,-0.5863773008039691,1.4360835967246781
3.7560783307072936,0.6637984844459709,-0.7147200847754402,0.6197567416644784
-0.9669135783980186,-0.6003530972981999,-0.645636175656352,1.1385052567692542
0.3476213927352969,1.1405379946447327,2.653444603481357,1.540013960905295
-0.015654355566869387,0.9450338605577532,2.0941720765378493,-0.36745702181290235
0.453537296783199,-0.6265100030393608,-0.7461065039984675,-0.5320805177228856
-0.037570043183487646,-0.5581610893902665,-0.5364584643942112,-1.5864326083833424
-0.9619846068265966,0.9520385889812343,-0.7230468347415333,0.9252045727229913
-0.6464846791186866,1.0355262110659453,-0.22436429510702707,0.056832610372316655
0.8375962084115259,-0.9845331778557592,-0.9294540046016729,-0.7457209967869355
-1.38449291838723,0.8534550489881572,-0.5893645310496627,1.5515420355252432
1.6779297690356056,0.9041980552908817,-0.7385552374704316,-0.6927026575825906
-0.07877344436539133,0.9525023311175504,0.2128455713413648,1.3634314267460415
0.22939544550744165,-1.0633698557840872,0.7651170452336038,-0.8481312463580949
1.2847335056582405,-0.18667801746395762,-0.8417242496941484,0.215952979783443
-0.6284513686614618,1.2063543977219156,0.43963816870978734,-0.6027334425683664
-1.046885656867013,-0.3792957494730436,5.881158143985341,0.6986566310833158
-0.7737893034686201,1.1211119648452,-0.9005325552239385,-0.6245563259588228
0.1989912474866476,0.9945638088855991,-0.11190139864257961,-1.3617461949280216
0.136515509133639,0.8275863420116304,-0.504000537316557,1.3511850724336174
0.852999737832453,-0.6866908752434855,0.0964559903552311,1.1553522078713503
0.15074336592871065,-0.8536353159498508,1.5635729458755592,0.5408901026303246
0.3298890663063862,-1.3154280036553108,0.32254327124139354,1.4797788218390604
-0.10264251775288931,1.6710503386331637,1.2035287630720504,-1.0343074125638314
0.06276919850629759,0.8498489675407045,-0.48346704738722357,1.716629574126594
-0.41954130151242514,1.1612653465988516,-0.9780395805766479,-0.9276069570722608
0.7878061710657769,1.1051342343203587,-0.671819059062589,-0.9919310618667109
-1.058047610873698,-1.3160333774419943,-0.0961738897559754,1.5364037721363084
-0.9721047146136249,0.9996254331764874,1.0923720846303582,1.0628922539154073
0.612551028666418,-0.9589558552055004,-0.7219919744493474,-0.11509848274270061
0.3414524426598896,-0.5798777154977383,-0.8289469751490126,-0.5911556086961536
-0.5216569998393003,-0.8329058438887983,-0.4875987605855504,1.1223343850722522
-1.0751237541210534,-0.8931806958872522,0.7567218648716587,-1.4919776379165837
-0.03052381552173798,-0.47542050938261,-0.9340056482105568,-1.379823578923726
-0.24717712368778147,-1.030346014985938,0.4320940887556839,0.16493352792276983
0.6935621636138996,-0.74197739163311,-0.8813312699290865,0.27485698347474996
0.5864352496951808,-1.3119172290315941,0.4236616309804875,1.4340460777969062
-1.6827070365128831,0.4261858452982275,0.00010032813392655186,0.9186890123668342
0.4555007315525784,-0.34440753305405486,-0.9103780833495163,0.5749566315425385
-1.1237557026514042,0.6227816319292001,-0.5575599164299252,0.04844705873377545
0.9145424657195793,0.7938670830001049,0.0277274239791138,-0.0779838580724389
-0.3846198903935723,-0.17626412408049946,0.5787554712138913,-0.45924237422360137
1.2191999718385995,0.5002586217865194,0.1814870751781834,-0.765836755995216
-0.4386046737460382,-1.2189099658795162,-0.8016867714327857,0.42089056590117324
-2.5231677009804763,0.5924494468836542,-0.7226863402498601,0.9239471871173818
-1.1030088461013843,0.7192649055764367,-0.7398584908263975,0.3394106303179884
0.22685066251631206,-1.0732102070682363,1.4229266853956468,-1.686073530577699
0.37910430857690847,-0.275506102521705,4.987591597649126,-0.06474254144536329
2.4747156869350446,0.6324706365547178,-0.17381070309245808,-0.3111457148393903
0.04385343224472955,0.8937756855464942,-0.6809024792357666,-1.5915752820151243
0.4460720033014332,-1.2038043990494969,-0.6653131085775326,-0.15324234454401983
-0.2481987331654642,1.1102486016563011,2.039528850530555,-0.9194100906857061
-0.6482056755616658,0.928644143827573,1.1500310583402276,1.7231068456747005
1.365398341372525,-1.34833823118937,-0.9197239931540991,0.5527576386658464
-0.1515737409602837,-0.9636832275673098,-0.7223970810926946,0.20426724995252699
1.3031649197351158,0.8083755778363094,-0.6122377919989891,-0.3085744902848194
0.7205616765090762,-0.9754441452865908,-0.960098144381926,0.22252371917672936
-1.4375442953111364,1.1349254254944687,0.3856494029487344,1.238477686615888
1.672396697215029,0.5835859976508028,-0.9769604610437387,-1.619308208511295
-0.27529096525198443,-1.8463615494670553,2.7710045242691126,1.6250137404068707
0.16176865951274808,-0.5378916386265615,-0.9635616801539656,-0.011819378125294395
0.2321853299826203,-0.7048366216139947,-0.5100742387477962,-1.7119611895439482
-0.5059002656831313,-1.147382209764046,1.3531743040961806,-0.3621250855814417
0.9904916570231657,0.3225867331211122,1.0779947164427084,0.8000700599189782
-0.7015297136616989,-0.6221595237432028,-0.38284537665521085,1.5723971180582614
1.3046558409433897,-0.7688516735480547,1.5665418775358906,1.479692354858115
1.3018574698982768,-1.6395226775610965,0.17902014346559064,-0.9898015482076024
-0.31402490106025666,-0.6660108581063299,-0.32141450779900876,-0.0902597682525343
-0.4470941415635713,-1.0835715498291199,-0.8506131634772699,-1.468921697521101
1.5986103817966553,0.859665181368589,0.10907869871857856,-0.568728806337681
-0.2818904496244299,0.34711813064795943,-0.7612448992593868,1.4055919067437392
0.534793851412034,0.7553520834369885,-0.6418691552167693,0.9292771073767312
-1.7499009682862803,1.174663107914989,1.389998582834208,1.1906161986020145
-0.21626051584081382,-2.1903536807082387,-0.5399573031815026,0.1457577514841301
1.7922575825454528,0.8253860971276096,0.7412111140344325,0.9507240039485956
-0.6295981432585567,-0.511295052890857,-0.0970952082597547,-0.7153138507963867
-0.22457060385687158,-0.2331878625891737,0.7669264343834847,1.0455504211618256
-0.6306282571805968,-1.0263921510848253,-0.9397633190513371,0.05946723697438679
-1.3080970330871162,1.6710503386331637,-0.8615777182415022,1.2333196838413971
-0.14841552227376822,1.0879099730456554,-0.36985092068222886,-1.1163032454889605
0.42691017113669155,0.6099359077791456,4.327117237042663,0.37503994989290046
0.13158846115566622,0.6847714352375321,1.2198461414681059,0.7471596144645544
-1.0440880313962402,1.4372227647929559,0.3739483866968695,0.13693365786413528
-0.8413164708280596,0.7088745831243626,0.1201257324800683,-1.7061345896359208
0.6317528940089376,-0.6015992932485675,-0.968177744647923,-1.3831941899501914
1.3400622974355236,0.6433821709572701,-0.25830530392446677,1.3252220401469879
0.17882860254998406,0.7226712716625413,-0.5105055523346624,1.4666857449219515
0.7722929441947503,0.6201296413619426,-0.5912056450067659,1.717404345039568
-1.1483645680552903,-1.0447553118458288,-0.3554973751216891,1.2436556203415727
-1.1552080949963255,0.7279123736107947,0.9263209081268746,0.962283035405811
-0.43290791124369826,0.737290110278587,-0.30514240133568826,0.8555600623195021
-1.0150923208621372,-1.3384199697541757,0.47265275354827635,0.4784601953511183
-0.18480593839648135,-0.7669711253014813,-0.8780628186001571,0.9786629343732315
0.4028217934108452,-1.0948429409787912,-0.9509478925879529,-0.6416555756942158
-0.04742831391284913,1.3786385115408817,0.25124892953714173,1.231930262868136
1.2673339324906883,-0.8219980242500926,0.03741010483983278,1.238783458809134
1.0622454312507663,-0.528982244513228,0.8428133601009415,-1.6047296547550358
0.5223972022564429,-1.0871836331512386,-0.5466486910846652,1.3924908895186665
-0.6723562894189348,-0.4947539910067556,0.09864175414421186,-0.0003945536866222609
1.4506314226413055,-1.423526312863842,1.7126318020340103,-0.33987526294199266
0.6461901968304906,-0.8578165585975523,0.163524488638556,-0.5877782981888432
-0.19332523411036065,-1.1086029626905443,-0.7438824700618807,-0.7212832876474732
-0.8801464095947875,0.7320887583885898,-0.6065828226222642,0.6560355927588999
1.3159748541973275,-0.8116624612926282,2.613373192822216,-0.832087346177508
0.05309223826349733,1.6710503386331637,-0.3623607735079844,-0.6265639835483567
0.12491448902502539,-0.6749380215930953,0.05127889602587475,0.30898519897864185
0.8332144893941508,-1.2539027112592904,-0.8450959397120023,-0.6435451251797248
-0.21277801630243257,-1.286023401165665,-0.7594785603231068,1.557418150878225
-0.26144732296735285,0.8220371200429557,0.21989862610175173,0.11528772349664226
-0.10932278151410166,-0.8626037964748909,-0.9652836373510109,1.2121390918834751
-0.2589354018768155,0.5939789437804948,-0.10652157340242965,-1.6728989913025798
-0.03683541297295087,1.0390677750817503,-0.8223086146544387,0.7080749220836138
0.6845468895999655,-0.7853982630590597,0.9493081892340798,-0.6888752525345955
0.17737988360159254,-0.36463416310418234,-0.005357550585345638,0.19228342716281782
1.5461728390894347,0.6546688529201988,-0.8547591290813538,1.6840450352391128
1.0630798208397532,0.7109154794037263,-0.201524949795731,1.351892459027515
-0.2172145910182765,0.9012467809349681,-0.9223177070125981,-0.2208912976677493
0.41731650956011934,0.7295883846498649,-0.1422102605810157,-1.1750995616521351
2.193992692477933,0.48458294981216926,-0.5953547217014462,-0.5725792043904169
1.946531576795495,-1.240907123335279,0.6219030436166804,0.4696596060627978
0.6664278481109867,1.6710503386331637,0.2060661777335484,-1.272653620316842
0.2656298023833138,0.7615442248539877,0.056383154474987804,-1.2128382743511448
-0.3326691487652745,-0.30696208784278134,1.3111606798324555,0.15812177475721598
1.5333841980874146,-0.9201556296786338,0.18883654569313613,-1.1230932118335817
-1.640397664803758,0.626040600632169,0.41699202397185336,-0.7113794270017156
0.6207285747131513,-0.8411106249625617,0.40779971192487185,-1.2989342469304541
1.7649384883599224,-0.8620700803830771,0.10009918377365597,1.3414560512989588
2.610509482222138,-1.085505040708656,-0.5869333250432021,-1.179013331787317
-1.9619175061116874,-0.5796163076526638,-0.6308076397069567,-1.5719727916410728
0.18758838292241306,-1.3526419434674453,-0.9728225433730557,-1.2229554389208948
-0.1724434109425737,-1.121825999834589,-0.212001704037872,0.7833266251839137
0.2547947969883153,0.8806790776195025,4.258187536108789,1.4521950905919503
0.49235301905637274,0.34491329727049774,-0.8921988874513781,1.307494747231246
0.001354677227458774,0.7467815979947711,-0.7396979807957945,-0.843352487998038
-0.7711668288366291,-0.8637263156868039,-0.5306521293855011,1.6543981245310841
-0.8895400277764866,0.88732114805426,0.00820065015811233,0.1623584619593167
-0.6053675721428401,0.4764956315122125,0.4958524988279098,1.4843094001209198
2.1300482049761342,0.7978413349086001,-0.7403035845009767,0.5057334950597375
-0.7568659330573124,1.287787518936549,0.41725863864338486,-1.1735653372656971
-1.284237322553268,0.12101905343076176,-0.847436123635949,-0.40902566450683253
-0.38036874216351696,1.12896646225416,-0.8173804065522928,-0.7172156981410247
-0.29295270999256134,-0.7722435336909407,0.7756840971978594,-0.7146564553392613
-0.8244458194920442,1.6710503386331637,-0.534529919010966,1.337564873331001
0.14753498851926247,-1.2017862897415763,0.5979944116863065,-0.6215359330547294
-0.39237962907521495,-1.5189365850752312,-0.9232088133239741,-0.5277463113112532
-2.316331919370905,-1.305905261229839,-0.7179332552004053,1.6141786600855723
-0.16299515439309334,-0.6467067090309707,-0.42731944848141434,0.2819807087280009
4.406854038734121,0.9126249737022163,2.0414502475219516,-0.28042226883408844
-1.6408087652540277,1.043619622584106,-0.12505459070347696,1.7049060695225897
-0.5478207142019192,-1.121433690929628,0.21073280367791353,-0.8315156350547411
0.10143953397093255,1.0312299926095168,-0.08274279648476018,0.36476118939173546
0.20873346694341885,1.1638616289515422,-0.6958496070311836,1.4137862615541268
-0.5015804058138416,0.5701512918857302,-0.9214782059853454,0.8529187556418089
-0.17556293403960269,-0.9891707465755837,-0.22091388491653063,0.9794459545996196
1.2877529323106158,-0.7893068323414646,0.8123314320496081,0.4549990601763472
2.6956908952067824,-0.5546463184372645,0.8974568527047059,1.1917635750206794
-0.6049616251637326,-0.5862744521611053,-0.8896530371942415,0.9853110749277031
-1.0163441270689764,-0.2674427654132138,0.20362272655232758,1.3026276328880022
-0.2954964522392477,0.7524932848968233,2.6091825786619154,-0.8659664659783023
-0.47075195649350043,1.128292323265557,-0.7904719856848289,1.2250091249569666
0.6526218766026138,0.8006513206855337,6.221760004819187,-0.9105407605029362
-0.5411921590306817,0.7615567480821589,-0.44882672398545026,-1.4350886389626616
-0.08897575682152858,1.6710503386331637,0.04025201945061532,0.3351376168473238
-0.08425555786653863,1.6710503386331637,-0.9753923093338023,-1.4941736348222596
-3.3774371237379364e-05,0.7346663980024148,-0.4170523901528504,1.6059914713465555
-0.1343886351549712,-2.3010038151628325,-0.4264571143635593,-1.003662554893018
-0.0142215109133447,-1.4938070428555081,1.6497941655301451,1.228721474162981
0.6522489610329921,0.8332709562731391,3.0226984783762005,-1.6340962991181749
-1.8120512072720425,-0.7078971303654306,-0.6980583700824922,1.4300077072244828
-1.0040104887792878,0.6008018770518208,1.4219229378403702,1.1129540390670645
0.18508197178646676,0.4066346494018357,-0.9564924359320035,0.2854087345167029
0.2619244852270384,-1.125637548216433,-0.8602380147057784,1.1670376059075325
0.6837143733323574,0.672318390988743,-0.34613313808869217,-1.093381710547918
-1.184310900306903,-0.02517972919537239,2.817107289126675,-1.19371149991518
-0.9710380713311975,1.1767347728117863,-0.5277733807356619,-1.1560723561519128
-1.6414567533585402,0.9261975740084745,2.4978375630706706,-1.2002356588403216
-0.19787766600949103,0.8459557931242944,-0.5116003339541604,-0.7162366699694822
0.3431129923581367,0.5062457788502274,-0.6150871648617439,0.4738196206045849
2.9320027153789785,-0.32212240357540406,-0.3344816967092154,-0.4902048843818
-0.9277503148287781,-1.3076329881089175,0.8376084517818901,-0.3432317647318546
1.6608887817225142,0.8041040745951282,-0.5576827762113437,-1.4733202909372192
1.2439239968058824,-0.6379966701969619,-0.38807024565849824,-0.37724466785837835
-1.4744554728945043,0.6169161208269648,-0.6515570922907784,-0.5692330541969035
0.5815339100325206,-0.5338628519953463,-0.7268752195078331,-1.582669232262224
-0.38621003440578333,0.6604414257772843,0.42635937232181864,1.102552052400357
0.03685268819452381,0.4024682087328636,0.491864015221487,1.4122395675687192
-0.8895480991698128,0.4771141240755072,0.27934898752686776,0.26494789222097614
0.7843232852685005,-1.4051033695106039,-0.05518881613895309,-1.1425156986908591
0.7267796915441854,0.7125664861198848,0.12432749023468385,-0.9699397500511776
0.42389912471012403,-1.4541789124661442,-0.9302805835077965,-0.9064878643212886
0.3883564533681554,-0.16574058411061995,-0.13362894020149715,-1.4593152214975273
0.5517036583247283,-0.9039183805543501,-0.7409290805478218,1.0342524095058747
-0.6762475692281371,-1.8048478046032923,-0.49702631133877745,-1.2167579442655232
-0.8359731588681035,-1.0754222714937323,-0.3779801865305855,-0.35652604926053394
-0.9558096054537323,0.6532653390880948,0.28229868281833326,1.2329225506679147
0.3393870572203967,-1.6355105243969306,0.7404834989809792,-1.0614704319433723
-1.3029580238403529,-0.9226195244712153,-0.7494158132045704,-0.05349639443343467
-0.820810047698468,0.7902036821490116,3.3613612653459235,1.5406894278185355
0.010615376948608049,-0.22618958578105844,-0.12996159877781394,-0.5916064793540512
-1.3312817638764765,1.3005053537376534,2.211291864066618,0.9031184982121591
0.2040048804292209,-0.3613470275551571,-0.07663244519169234,-1.6229277245475322
-0.6190841883181945,-1.0686797403949224,1.4015886894565355,-1.0920618271161062
-1.637675920252508,-1.7445388759239497,-0.976155020611369,-1.6253385230950443
1.4019768797862235,0.6004913170777876,1.5578983315160027,1.2675539754967193
-0.761891100629097,1.6710503386331637,-0.32400081660625674,-0.9246502061091411
-0.5024094551312221,0.7720001761260057,0.7530698696860388,-0.859072408150652
0.4874524254381576,0.9795061352199202,-0.744092312634201,0.3415751110787928
-0.09392509362644393,1.053894854130085,-0.13755144264875055,1.5022140886862851
0.16144587088786638,-0.027497047334308813,-0.2599105587079793,-1.6883678711912908
0.011108539839176873,-0.03107497621723991,0.14941456565702257,-0.9478956964413604
-0.8109115177151208,1.1941582905283414,-0.6372148298830977,0.6075821255756222
-1.4042183530569319,0.8187980280734594,-0.1434118815152027,-0.587778846992325
0.30564129707429405,-1.4696592890468496,0.09402835933620829,-0.1734224899895723
0.049275851329648485,-1.9636232417021657,-0.28012238570654835,-0.7193001426902874
-0.29383000845626167,0.9054088551996593,5.746308362396668,-0.03157688191555652
1.1518191780952551,1.2765006396164897,2.184209550125548,1.6522857933855328
0.6657745125105475,1.1635333800546486,-0.44551958779332423,1.188879287418472
-0.38615869464780855,1.0021690142350688,1.7785550052118553,0.05637036134243931
0.1694535999915188,0.7515491677231985,-0.1356964307054081,0.3583380686683622
0.4674909919884273,0.9859240482324321,-0.8268868467140204,0.7925224360354003
-0.05595263332791857,-1.4286146580322139,-0.358181533967178,1.5845181109242963
0.05514755660758785,-0.3998941317878941,-0.9075070482286451,-0.6498126820506236
-0.2122492313132734,-1.2690785952418275,-0.22678288541953265,-0.13188868148869293
-0.5503934203471217,0.9733484852042344,-0.8032603605192465,-0.8473605145727817
-0.29873550107801483,0.8539295035652869,-0.4051909512560075,-0.16736818971310702
-1.1312616808297933,1.6710503386331637,-0.4868098072324019,0.4697641133934701
-0.8728236423116714,-0.10277557514686879,0.2760324291346861,-1.643468561946214
-0.6545465232874044,0.8434613143249826,-0.9274260709511166,0.18554891715792027
-0.9481386623656516,1.6710503386331637,-0.6503223371640428,0.43202366766117506
1.0703759500982453,0.5741627362045689,0.36687955646841214,-0.0399078022210244
0.5693928783681531,0.6591223453572492,0.24078076646165741,0.690962600916571
-0.6786636435554175,-1.3122722668429514,1.8247611689358203,1.4113664025676842
0.6711934401427454,0.7143575087153141,-0.6719252275183194,-0.20037828835971183
-0.06161231358707721,-0.7876751101632532,-0.7750906905855105,0.4454836438840402
0.13930960197747091,0.5474899918491704,-0.8606734138736003,0.6874665041860004
2.3277660165361462,-0.639608623057577,0.5664349335068938,-0.5362450938663472
0.31200276965567514,-0.9290896135937623,-0.8859537706764851,1.4552391580114639
-0.5156070286003963,0.6720760826727946,-0.27962112542381684,0.5480762857858874
0.27936579138790646,-1.1941518515591838,2.017113973529158,-1.3336952799716097
-0.6329074476386899,0.8116448483141167,0.12296917385675922,1.5241263897583597
0.9964612274784064,-0.8349731125578128,-0.6230557128460094,-1.2219571155689162
1.4043422777170014,-0.6553752038190835,-0.3982500940421218,-1.385886065772308
0.2772051580658571,1.1652747200647346,0.12586557525396175,-0.012173524319183997
-0.008240097958250979,1.1202819241348252,-0.8787617753270954,-1.2697372662118669
-0.4437753200800928,0.7573819682797318,4.170389784258076,-0.3079935486761776
0.23163672603476793,0.20865508248962503,-0.14286122284247077,0.5733836260027153
-0.024213322017805558,0.917820700161402,3.6401265211973777,1.7245162459151502
0.5277402722461773,-1.09486853008467,-0.6963568194749419,-1.514736192186086
0.38844778450347484,-0.7465932174426501,0.9992870179653123,-0.4440596454804202
-0.5408102572975302,-1.0652872519657433,-0.1993283829281648,-1.2283825992109714
-0.40047086447055885,0.8435338199146909,0.13740053395073742,0.6426246709242837
-0.6827151861936999,-0.0679882496237504,-0.6380146237767556,-0.7262029268634871
-1.4146140537398288,-0.7485085658708557,-0.7796333961732447,0.5212825190754684
0.3825554237121707,1.0527900072440297,-0.8390763850583729,-0.3290669415131732
-0.29062796095910487,-0.3856122671185709,-0.546954140570002,-0.4945429639953508
0.08065255347229033,-0.49706331984356944,-0.653554924126797,-0.48867915538173634
-1.2885909262201798,-0.8667694591652183,-0.38583286124857186,-1.0457300629539048
-0.4240541564238128,-0.4441257453549689,-0.397539293730044,-0.8012726053798591
0.8684201359261012,-0.8680674238017372,-0.8404175059038743,-0.2832252456576817
1.4779271208960116,-0.7274752525477052,-0.26359483349197926,1.3995538901788565
0.6263010552407638,1.6710503386331637,-0.8046956012825518,0.5188869007523068
1.1217661086242532,0.8136506579515321,-0.4905639824319722,-0.6166206611875421
-0.3678827074049393,0.9015870895041364,-0.2281034570791586,0.17955756282668622
-2.6865315806164727,-1.4005908792549797,2.6719037025948498,0.9460588410905906
-1.0681155083755023,-0.6454324751290266,1.1425584159272335,-0.2575314160982883
0.05127959059164604,1.0304492441054212,-0.3362205991354409,-1.4234827437431834
-0.5158855913016285,0.3532518621638909,-0.3385614041451394,0.9883544369515197
1.1450434818345947,-1.0156563264740919,-0.13603380098249904,1.6518681950797645
-1.4364084754295086,-0.8218860513301518,-0.20741758498612656,-0.9144663094103578
-0.1582206601388346,-1.1145636031581492,0.48466445051810747,0.8784112730824977
1.1678022747053587,0.5903429771484291,0.7171799481568065,1.2706996490555402
3.0384267449479196,-1.1658451071545035,1.1598958154506012,-1.6533569002842818
0.13469472623054937,-1.2627225486019902,0.4423395552089017,1.4793209511753993
3.9394449866951287,-0.8648245018311237,-0.4988313110578344,1.0395890500912717
0.5440722026001232,0.9205781818543965,-0.003560628811887356,0.13020050458466004
0.08501807450238211,-0.8202060206171824,1.274991967881757,0.3095978477048867
0.5268799372463944,-0.8785511620172802,-0.9785902002347894,-0.20129900491314415
-0.436036610505685,0.8166958992065747,-0.6225197166843144,-1.572278698439182
1.4036230520400115,0.7963465257406569,0.0962765771446957,0.9455338105151528
-0.253367511614027,-0.972821033322605,-0.44540201764655396,1.3314567557013008
1.1410344478011563,1.6710503386331637,-0.263002198632618,-1.6344828501561401
0.5489203199550375,-1.2845480660377373,-0.00820207566913439,-1.0857588090244328
-0.492900984460878,0.690943683454695,0.43899285986614817,1.0010302109401048
-0.7360192538414791,1.1174633347142655,-0.853025242924099,-0.31070791156057204
0.7185837262491911,1.0382646930688575,-0.45541076581577916,0.7601400165796574
-0.34570837322442427,-0.6430385974187166,-0.25318304679411363,-0.3521810493451875
0.23752476769067105,-0.34600535240483127,1.3385994254935047,-0.9009630475857835
-0.5566452670271838,-1.0146997970217253,0.536068821140503,1.4202910885496305
-0.6682232876016976,-0.6934406289837144,-0.19422983494315232,1.4389682744624204
-0.45055947004693686,0.659288674325044,-0.5417121670031074,0.3080169180744429
1.387265062289282,-0.9167579796248576,0.03192540286518177,0.03568762980579586
-0.7062402009869987,0.8193682086916986,-0.8013281654799067,0.8607671733225261
-2.549278402426657,1.6710503386331637,-0.9827870796978428,-0.7342424788364471
-1.3923644406328242,0.978513844094487,-0.18833719459590403,-1.1332000516512335
0.525137917392783,0.9607725209693361,-0.39530832604712535,-0.1599425839502152
-1.1726980602287191,-1.0428274091062282,-0.5683204558444036,1.3781710629669706
-1.845819267955713,-1.264471174626079,2.0173669842493602,0.9939505659692777
-1.425481412590474,-1.187323762923903,0.9822364099476757,1.1876066437465636
0.272186579691554,0.9940644996805764,0.583908665559343,-0.9327772788488234
0.8167147627537978,1.6710503386331637,-0.668936755148088,-1.0960591084202307
2.367287353120254,0.5163808397654122,-0.7562719078866045,-1.5342241127002367
-1.1123466839226543,0.677614115397915,-0.780264366830396,0.9593110935078084
0.005310198346844457,0.5967503495742723,1.1387324212965617,-0.2121678595427733
-1.31650979005113,0.6712085430282951,0.1459838434728999,-0.3406440861891444
0.038061775801730445,-1.4807317210584008,-0.9373008696707078,-0.2477716011622609
3.7253015476695808,0.8280998841834275,0.7455909131430386,1.2286790121642739
-0.727809029534924,0.9160650229383964,0.11129745476923261,1.097871575928167
-0.6272421886719164,-1.0758541515813105,2.4206129864948553,-0.0333719413182207
-0.5277441529504633,1.6710503386331637,-0.0928240467086435,-0.2520617579917503
0.10827050034919748,-0.7721873461697343,2.5782201137825633,-1.4286781401517263
-0.05246362656568986,0.7103811790282847,-0.5863313869704889,-1.528861151057269
1.5755075756397647,-0.9521985216641614,0.5950743254370746,0.8945055463010897
0.23095215932908691,0.6818683164567154,1.739314864092228,1.6692305915632286
1.7708094387096094,1.1669274056349301,-0.421242549428005,1.3842447432653573
0.2958021177050407,0.9714902740874352,0.8488327968137318,-1.6046721846742902
-0.06266850346182949,-1.388433695494964,-0.562094990275107,-0.9770976124095133
-0.9542497229588263,0.9948099119286925,-0.13442451765578955,-0.5678659118955732
0.6532749117878164,-1.0502452045752668,-0.2851215707961793,-0.3147515675805997
0.12398887464606341,0.9194637676835536,2.286401129531625,-0.10866437875022053
1.5465176564493075,0.8615023209359554,-0.9021653093727893,-0.04326407552683285
1.4722745876550258,-0.9465617298242,-0.709012849831858,1.3147649255988507
0.04090988457153375,-1.5187375488104653,-0.6870045998221295,-1.0307771035919466
-1.7641763289506773,0.8682337181306302,-0.329107600750934,0.8605338112451068
-0.21066901535266852,-0.845015338938743,-0.9041112989470752,-0.22521262028668002
2.788123433041948,-0.8655778277917843,0.4644016069961191,0.9707620920852388
-0.3592801144853158,-0.5147343904089584,-0.9739548351047879,1.1970919347148195
0.42337647628787217,0.7242566548618743,-0.6910420323012918,1.0635429202880224
0.08448601442376855,-0.3475191159593674,-0.04197777559416905,-1.5575758036338065
-0.8128746494717553,0.5145443932371216,-0.32486473159727264,1.0599429915282301
0.30619097546632273,0.9593392073369131,-0.13287608240487858,-1.3430793744574971
-0.9541637033389953,-2.437954600237407,0.18601395021713257,0.3260834140924476
-0.3277033722504071,-0.3958338325137388,-0.1910467883230787,0.780433760654611
-0.26462885448122453,-1.0267172523591834,-0.05144123602373615,0.7050578091175377
-1.2707969712044416,0.42272959105277846,0.9031481124596428,-0.6286879433318548
-0.7122658091217885,-1.1571713892230961,0.3628195132723828,-0.8827618057178246
-0.5835744699407791,0.8732225581492582,-0.562704948620304,0.5397967850749722
0.2861037055413878,1.1672647651031391,0.09109157285431976,0.3471886630690273
-1.5943057142712016,1.2172880252612226,-0.647736230046583,1.684621905295615
0.7105599055690299,1.6710503386331637,0.3215037721641841,-0.5284135323051227
0.10106003108908865,0.8259983563800049,0.6750189884016162,-1.3195188422249384
0.28837993612377677,1.6710503386331637,1.4215384005759126,0.944950152744891
0.09491233325515995,0.9458574613633672,-0.5788973531182555,-0.6553976275727005
2.6525367930188324,-0.9576243243728993,1.0005297242688456,-0.40290116517283586
0.6682540737345269,-0.389634453200554,-0.9785719320848135,1.1320622373361362
0.052100207797133744,-1.2111243996007666,0.08596751342360628,-0.3505194780933119
-1.3205497934556651,0.766596769278724,-0.7974329554280873,0.8656112994922202
0.8209178726050192,-0.36067664336752264,-0.7842181658222156,1.319998478951534
-0.612782475091471,-1.3871744642153319,-0.7995800331412269,-0.6476045065762988
-0.9023896120996909,-0.8542523151589201,-0.6740739683377363,0.10955547340593012
0.3291257121642863,0.6315513813980658,-0.1414334328291841,1.4114947165946536
-0.9005300509703241,1.6710503386331637,-0.485159889746177,-1.3546643969186594
0.09968791862944357,0.856856768074546,0.18574844609599284,0.6126344350075867
0.6255713892076482,0.5961467756558418,-0.6890691228969096,1.477130467701164
0.2562299726150053,0.586551855204289,-0.8232291678634516,-0.8602424987702587
-0.36329329614533484,0.6921609616196525,-0.6370551843686469,-1.421998877969839
-0.5624989960113165,-1.2925190804524878,-0.5469989427966262,1.4794465246025434
-0.8534889423674573,0.3476131751071411,0.7357132051684621,0.5059412014519791
0.7919697404800081,0.9622707104200047,0.7969807138967023,0.581193454751812
0.8364522151545197,0.8509642510299839,0.16291298115697622,-1.283273766442603
0.8431547996850025,-0.9108640041667363,-0.4997386307146188,0.8486241262197199
0.05147284172195903,0.828261305576537,-0.5587699651103584,0.9285416929631445
-1.0068231429179615,0.15689762559038856,-0.5775637269879657,0.6293619798804295
0.6700900920254762,-0.28103274870295275,1.4869668624335883,-0.6133186561717938
-1.653168911033208,1.0270506562127102,-0.30088063045789104,-1.1723253583244846
1.3439549724240414,-1.9441317391445008,-0.8768317337439798,-0.3394318965208739
-0.31971801912461395,0.43495142754190536,-0.06444848879490389,1.4036766364872153
1.2074677517015426,-1.5732593765166705,0.6391752431214741,-0.1413292691440424
0.2573478783146244,1.6710503386331637,-0.7121531539347863,-1.7108182154945795
2.1787699244199326,-1.137107653383919,1.3068038879693393,0.8170802941222687
1.2092221573562667,-1.1323530626234328,-0.9335495671073797,0.9522970939801538
-0.8418952286318512,0.760283534694755,-0.3698343865164168,1.4085198009961564
0.8007683585427182,0.8244868589557077,-0.10129979235004166,-1.1899682320807647
-0.01114894669729004,0.8794531758954087,0.18383528083579687,1.5799873791252086
2.3808049959434068,-0.9883885736981805,-0.5739938583397084,-0.10389705944436224
0.151468857042006,-0.6750680018903908,-0.8267235920385271,0.8380362112653399
1.9520326473424667,0.873060710242408,0.7037269073391417,-1.1399034810249649
0.28445283433820334,1.0459047456266148,-0.9253965301369276,0.38931568132271427
2.015562476008919,-0.401175502940263,-0.48712753041533796,1.3338447966051845
0.4929160270559525,1.1128872960631353,-0.6605722781397431,-0.6061413148039309
-1.103418405746337,1.000420401337681,-0.4843801259337004,-0.38763477744509495
1.2232386171919039,0.5768376522948908,-0.49833839565133337,0.2935819188844298
-1.0549600663242025,0.7189280472903167,0.45686277519334434,-0.8956541610925517
0.41564740455401183,-1.2312855040406434,-0.07062532758250445,-0.2232747253736916
1.6156112924711017,1.6710503386331637,-0.4621460435342063,-0.10344252688493677
0.5847540340103045,-0.2854864942265812,-0.4212868691136193,0.0910184780424066
0.004829365364789202,1.6710503386331637,1.5641669558160836,-1.0629382261127682
-0.6322261438966194,1.0318574741627435,0.935352163382393,-0.22539739601398903
-0.5748597577489346,0.9798150840182677,-0.5722943138847211,1.682523095597416
-1.2006149830569752,-1.2774159065188693,1.5180478602665766,1.6339480602120129
0.8637780860080791,0.7056794550192191,0.4640752782516279,-0.19702900482958127
-0.22195977325197183,1.0516118206191096,-0.012501780032978364,1.6809488169694748
2.2341957007753437,0.7415522935207486,-0.9682420133410082,-1.1460275782475868
-0.524800776901047,-1.1339695894733908,-0.7158768079835311,-0.36906274093931984
0.9919185544808983,0.7611854027521314,4.672958364888101,-1.290857860120143
-0.18908183184463231,-0.5604284790063656,-0.41803671868854786,-0.8468547256530484
0.47647393783648373,-1.3056769660633123,2.447742081890826,-0.594963671886683
0.4769985428647055,1.6710503386331637,0.013266880481456194,0.9827671162477756
-0.29885804124525217,0.9772658675500432,0.6524561541306961,-1.247694451544554
0.5630440206633718,0.9452942181229491,0.16109375712956045,1.2442326247800173
0.12119604235929504,-0.8371679660483998,-0.23923909973520507,-0.316315047446022
-0.8648382236817655,-0.15448493356209042,-0.057183606297560675,-1.7205372773231422
0.7205656912999551,1.6710503386331637,-0.718694216234805,-0.9261894052093864
-0.6021282396321447,-0.8986494545393624,-0.8539466773709112,-0.11415258248220297
0.2684604296180621,0.41663252330879086,0.8761903837575695,-0.9950356198765242
-0.24589766461663137,1.6710503386331637,2.2236557364881726,1.5066587444249164
-0.0049487260622691435,0.7085326890837272,1.1909166894272956,-1.08992393502215
1.568760008991979,-1.0858716160073627,0.0750839552369453,0.4922336164060693
-0.06289264819960423,1.3143864208885276,0.15692759409677506,-1.3437195412305487
-1.200038188808623,-0.8473644344217489,1.9999263246730399,-1.0665002187269985
2.7990445532795856,-1.5503893267034206,-0.9565130501811249,0.32988055465344457
-0.035478141182735026,0.9786918304881007,-0.3123198868042707,-1.2620549263780265
-0.6432005475053015,1.6710503386331637,-0.6094832411060004,-0.14364395030200225
-1.3961866261507614,-0.38335268292320857,-0.5384071565944165,1.6198221559077743
-0.2884580840898618,-1.066400841004679,3.987205043712093,-0.7326678033592388
0.45214065221051175,0.43345621098375664,-0.49704413241160234,-1.4375431014132292
3.2130814966487273,-0.7171806003383239,0.7348345658392068,-1.0833315908724424
1.6692737278060477,0.6452609845388069,-0.20754466796632873,-0.04537969542445636
-1.9231311104952702,0.569507777430743,1.5673201935700576,-1.6631143673640982
-1.1387946731085556,0.8666827034079977,-0.6674601982895992,-0.5498281911799184
-0.5110399387426693,-1.4871334609636064,-0.9172529143326291,0.31290196630439565
2.5209257789544317,0.8146054746662578,-0.40727780720374906,-1.3166588824325283
0.6600686539935982,-1.6090090669941555,-0.7527023507209771,1.2526089455645384
0.6185621430119705,1.1906421176757778,0.1985972040439876,-1.5900775650199812
-0.019736325897275312,-1.4317547396998929,-0.9094600614891933,0.6912235463683309
-0.5315016565441192,0.5532669949374885,0.7507331653596301,0.1494238999391903
1.4900828241747703,-0.5673215820071579,0.1360452374523501,-1.2402712934889728
-0.49285652611063496,0.7120286297014099,1.7996785782761189,0.0034778073582912294
0.13020928380165994,-1.0393184972062595,-0.2982663736348277,0.27675124417646985
-1.1223714655233439,-0.38933942325040954,-0.5377248871887156,-0.6100391556143142
0.43664054064901453,0.7866939328200864,-0.8874977381877128,-0.9027595204159166
-0.9324984947098753,-1.3748101784866888,0.5242018408790685,0.9873460871305466
-0.011658434853834675,0.9963839733883267,1.6717467371614325,-1.218460682035643
0.22957119966095257,0.8092793547695953,-0.2562066932520567,-0.5806832847649163
0.23579676088254548,-1.4684982898437093,3.8664764662499858,0.8145435714590903
0.8045181147448133,0.8040493494040017,1.3908192965205395,1.2483347283862494
-0.29687999716155916,-1.1268301250035733,-0.8861174765740909,0.03279660953984479
0.7465904464734585,-1.9535563602889492,-0.7204591112641272,-0.15558121491798052
-0.13923862272190057,0.8544832995195352,-0.5287413233520154,-1.5109162143699284
-0.6494444728284579,-0.9377415610501695,-0.7169204135552077,1.28296872476118
-2.00832228051692,-0.621291101988668,-0.5065904859064371,0.41480345377943434
1.738970854030961,-0.7529151247939375,-0.8186362204724158,0.43325085845889677
0.49164296890409226,-1.3877044312764932,-0.023658169907334773,-1.3824487504160134
3.079357497336418,-0.7521530249849141,-0.9429768564301018,-0.9621842606847529
0.7912522047978107,1.324301595217179,1.3317112577401602,1.3874323816773748
0.2646295850133975,-1.0655395372928635,-0.8384103852636684,1.3041779449537296
0.04842287462648761,0.7932346982770588,-0.5292096807874611,0.19013329080386537
0.7313753383307452,-1.1812700969184564,-0.156941873450782,0.7743985393671565
0.12789299774868587,0.9937943445010485,0.6415678319960185,0.3144594512603681
2.891895498257275,0.6289057350010907,0.4436991457649189,0.9088570689116207
0.8906800053375955,0.8954242624238952,-0.6641479155334459,1.1772426988510543
-0.3177154514980367,1.063339663836931,-0.00906650690291237,1.5022131666287992
1.7918842806967594,-0.7517996206138032,-0.8524371409205533,-0.20992276910719201
-0.3763882343171255,-0.877050109787079,0.0148776268535395,-0.17204022724241308
1.7239967672283103,0.6123901556781288,1.540444469389743,0.28382179245397293
-0.7535441567758099,-0.4819398794681294,0.1100976995591197,-0.25421580953564066
1.9028099835296919,0.8781743114863554,-0.6755974725315204,-1.005759518631726
-0.8639262364065,1.1156504094278257,0.4186397775885102,-0.7249262801842367
-0.03804265451843236,0.970758860493366,-0.7518923645864946,0.38920344470791207
0.08142012079691145,0.6652826236706989,-0.33880847131503006,-0.9416417291673468
-0.4236250200547079,-1.080399209577591,-0.961174119494728,0.0956443859839025
-0.35921199061244646,-1.2754402154611229,-0.055140848547143774,-1.435301721105289
1.0700525682869715,-0.5904060991119265,1.1550830343941214,-0.2285701018009729
0.41486041381862254,-0.9298364676673109,0.5732702474776207,1.1913550858701727
0.044531208934017616,-0.9922631610963777,-0.3063441460301297,0.8412911384815497
-0.33587381553065426,1.1343118707016282,0.07372900466405288,-1.0307400007124725
0.09431965149995164,0.44741410881837407,0.024108196133096723,0.4375482950810391
-1.022212085598673,1.0617223339997126,-0.035620823554758714,0.5170734844109848
0.017770228956578784,-0.5390287919130805,0.43198569852595753,0.5861164451246895
0.25290714446139106,0.8326943446621297,-0.5684098737645992,-0.18278308930674023
-0.30975073887842836,-0.7017173137017306,-0.8428035069983929,1.0941485176805898
0.17568199052583497,-0.47256093443028496,2.3710176079348195,0.45703664741214356
-0.49931657034526333,0.6349685429763902,0.005395180127256727,0.7911222125684126
0.060217561026813374,-0.6168843193515424,-0.4085664418863887,-1.6313185852775465
-0.38718837529321926,1.0311404847360852,0.25341053525163104,0.790088804519423
-0.5511795413468,0.703696199414654,0.9120408312778894,1.365347988433304
0.5836380688826212,-1.3306255959522981,-0.4426967445855301,-1.5567040109904102
0.01273845414619397,1.0257506735340682,-0.7128002384860226,0.27408396546087727
0.29292776136409243,-1.5796194587432635,-0.5647292409903761,1.3716355795049875
-1.8018045882894527,-1.1345127941907043,-0.8060431316605822,-1.617307429788609
-2.2524397517936086,-0.7468736921610872,-0.43297446626448477,1.322500409491958
-0.7380191589802979,-0.23341011750987237,-0.6131238111200331,-0.32741732667266943
0.7824503906981322,-0.5626457311436078,-0.3035894608614197,0.5429890916398316
3.6082570312578595,-0.6263885540926369,0.41617806444361194,0.9727199042217706
0.8644980528709688,-0.8462050047858212,-0.38282895018902763,1.2870243568660233
-1.0460504068629148,-0.8231543867925475,-0.9019115591502787,1.5643175906153655
-1.1200195899730099,0.8379286816564325,-0.8924573794325865,-0.6452436949502817
0.6600900973799336,0.9609057720237962,-0.9647588663715371,-1.2394766273188025
-0.8256606989182952,0.9936632750830824,-0.8413694672630027,1.0519200233975416
-1.8040203810666455,-1.3419611138159357,-0.898063602301957,0.7438601913199931
-0.9005324686040637,0.6451467833906039,-0.4274276266354305,0.8763695082497056
-0.004383270780538706,1.067527805635592,-0.9204893322294057,-0.9137154963005406
-1.2022729330868644,-0.5140488911646077,-0.3062121933124533,0.30290437646832136
0.44418360230974213,-1.2960914868943658,0.4308703912196663,-0.28732383090915603
-0.11836032426989473,-1.5611528533063526,2.4973380167576122,0.2733124266937251
0.7952021892243972,0.9540787333948667,0.7852098554355006,-1.3458942899793853
0.07522111418693465,-1.436768210737245,0.2047706101105023,-0.599590576164229
0.13151758606491337,0.6052513485925325,2.31544094838143,0.3690571961762229
1.0404235869541687,-1.410980808366025,-0.7471578348294039,-1.0349185217443029
-0.7112580690753608,-0.5606608502131055,-0.9288317132585165,-1.0994690715398354
1.6340440036446886,-0.7402361369985332,-0.803378519310391,-1.3887895723210755
1.551053337040174,0.5568867131743068,-0.37204772702500183,-0.6397800444434246
-1.2570302075559368,-1.6899102484836523,-0.7727548483021792,0.05561607197138323
-1.6089279279143287,0.7997081492683736,0.952716196683747,-1.4009408325218957
0.8054630217287966,-1.467064681533929,-0.9278211214863684,-1.4291262133315081
-0.158808445623392,1.1563874185758014,-0.4459631973948735,1.4916569252514662
0.3205908316426698,0.8638059299118639,-0.42917828244597717,1.4366075748244675
-0.5110848152368467,-1.3590458273553687,-0.8295835411055098,1.532060740201412
0.850579677455353,-1.6671300598430963,-0.32616743894877603,-0.20613428685922142
0.6480387963693284,-0.31798552709065997,-0.032593245444296884,-1.1254009934668547
0.24040594294415493,-1.8185816459179678,0.6523664928622964,-1.6890826044526168
0.033827597497041666,-0.9400811436130911,-0.25950695141304725,-1.294246193048145
1.2499740598454236,0.7895964171120783,-0.9873726705445992,-0.8367088745325922
0.19285160721568595,-1.1758022359786868,-0.19750628904616163,-1.6938744435907458
0.18146691258641454,1.0351267084170972,-0.24186182530938832,0.5328808543820716
-0.03177188653453042,0.7085426978818988,-0.23174562834963314,-0.32180909346046305
-1.11014050618845,0.8764874131300032,-0.8475046669287057,1.6059014547520258
-1.2867795102358817,-1.231021750612191,-0.8762713099794647,0.5494744742167428
1.7863496821298734,1.6710503386331637,1.7704186984865933,0.4387595584528309
0.490016204902348,0.9023865830944521,-0.28347358686340607,0.7984402992237852
-0.7816935991953645,-0.26142474186203557,-0.5747371469087823,0.47378213064188046
-0.6332232548955057,-0.9935941698889499,-0.9091562675938458,0.03512609270233812
-0.5213332309467366,-1.3582893415560862,-0.07412354099573047,0.73288387232405
0.7399996365476712,-1.1265907765951892,-0.13269246997423725,-0.4259382478262113
0.6326008814752125,-1.0212975258670485,-0.49445681105251893,-1.243169847500264
-0.5896238799457196,1.6710503386331637,0.9397596048331351,0.9545178310140594
0.13871574641217385,0.9509628966267117,-0.9306675797629561,0.3460521884310465
-0.6710678338195856,1.0362833371747588,1.298620892895486,-0.5366640267500792
-0.16222409518635225,0.5009847840366303,-0.30846444752650776,0.7673049960362497
-0.6271162301633952,-1.5973432113284596,0.5279684888866091,0.9521382111402884
-0.1318495727116107,0.5950850590857877,0.8053630881132584,-0.5918897918894683
-0.36506468519960805,-0.042076275594602565,-0.6421167139082502,0.4601243017331427
0.2198789501607722,0.7270506452902253,-0.7476116006286512,1.0732736736243191
0.6482621139934873,0.793450572722933,0.6122793584197819,-1.1645392772658836
-0.0657034127318141,0.8228967057002492,3.5921273236107263,1.3285197535918685
-1.2884545076313352,-0.9635571659737807,0.14295410702238798,-1.003140561352635
0.1626293203304387,-0.9882359183222449,0.2498658543727335,-0.7170754173207431
0.7013663469656245,0.9440973881434975,-0.9804401778379274,-1.0400616292003038
0.2153045045716895,-1.6250515642455168,0.7303355252941117,0.13374766758573986
-0.058893626681670544,0.5589804928427023,-0.4408197016069763,-1.3832587209520444
-0.5398493992665875,0.8457331678063279,0.10421314553351868,-0.12059281114594793
0.9641406691508436,1.6710503386331637,-0.3481196359317965,-0.6075020680996256
2.4968174386196686,0.8123864428006135,-0.8284826681692706,-0.6147153124854553
-0.8105797009260901,-0.5148075672505711,0.20275297243114754,0.4174031127844361
0.7456172210381764,-1.2133895672557076,-0.5956133567883368,-1.178305174204772
-0.624092089372439,-0.889575929372173,0.6771199117975929,-1.691110876525179
-1.037494860994947,-0.5958425713035991,-0.41197461189504897,-0.01581691578337915
0.1762131496019338,0.7614684738662045,0.6684009496700264,1.6530719516983734
1.609533938583764,0.6430509669811465,0.10955336051095807,-0.22489991050770788
0.2501160018822724,0.6058439665775642,-0.6853806385331335,0.7716130382769454
-1.612976083707434,-0.8224629796244064,-0.6648826798268304,1.3102565471881422
-0.6001558448164255,0.9965794792390273,-0.6452265997029168,-0.1841953692505773
1.2271742410031887,-0.4154585748956184,-0.10423904427934842,-1.3410262683946066
0.6099536337648612,-1.0598749236447924,-0.17962755391197782,-0.6971578074065069
0.526915895465288,0.9128544799551629,-0.7464050707885447,0.9343859063988001
0.029197772887000775,-0.7198171352511246,0.13849062443478619,0.7908355364584417
-0.1922304353330026,0.8625363406492265,1.7434854019232455,-1.097790270064373
-0.6316799878582,0.8149264270064244,0.18659983389517912,-0.7753911755002771
-0.0651395708575527,-0.6336987370282915,-0.27777565690977535,1.4347617523309948
-0.4164704030047096,0.7506970229360687,0.22979346201990128,0.5641191769794625
-1.0733130959358856,-0.86537411947434,-0.9290023017447604,-0.48534558890742224
0.5013519397507799,0.7054967943522971,0.8006099878082223,-1.4191027823133153
0.3791371160474061,0.8362909496650353,0.26436166760272173,-1.5677246436960164
-0.8869224901406001,0.9796140759949405,-0.2048766439843546,-0.4816295950886303
-0.7475106295823191,0.6061754100382652,-0.4729075278622479,-0.6356793362826889
-0.4230273686240579,1.1586063217087774,2.181495421468424,-1.2295526273394348
-0.6064541502804234,-1.2908119501933444,-0.7581683362308873,0.29396210031009107
-0.12127101070535731,0.9848547562564341,-0.9874028549520902,-0.6887209333888922
-0.2560029831834983,-1.943810024290585,-0.8426031693268297,-1.1397741353595088
0.15628602984551876,-1.4800752942912172,2.005251968155152,-0.13463086442896804
1.1209199645353711,1.198431095538257,1.53780237418881,-1.2052564579639058
-2.2681906066939295,0.5267351224472857,0.1027195401360265,-1.3965208515509528
-0.8877125417613961,-1.5934593217592508,-0.6105935326059303,0.8687060459932281
0.06523961933484415,-1.2623896963665353,-0.9355011462722356,-0.912230256795457
1.6987832330971446,-1.396917393216984,0.048396370953316024,-0.5395134645807493
2.016142901499566,0.9213252231625039,-0.8344570280889184,-1.6084254375771667
-1.453602705389153,-0.7286672305226798,0.04337343377527667,1.5861303851513657
-0.5399712838598166,-1.2088089939759896,-0.7465238044174246,1.5146694029558776
-1.4531810101167377,-0.720545749868076,-0.8424918269297248,-1.3472480582140776
-0.4778103323184882,-1.4308078222795333,0.23007723742856728,0.5582100563815355
-0.9496451678504624,0.6802984412225439,-0.9588094305507183,1.0764506438394474
-0.33825212997371673,-1.463086640078311,-0.9506102806528696,0.125835136115977
2.0799910364846697,0.8939021614941628,-0.9728430642810156,-0.9684234053244536
0.9082991059059606,1.6710503386331637,-0.5038891778986384,-1.5934618301370818
2.848585016367669,0.8175909587594516,-0.7682775169539521,-0.6185061931089983
0.5491796013499503,-0.4552305938830963,-0.19568816060087724,-0.11389470026558571
0.12440767873343578,-0.4913594663218946,-0.8244264724485122,0.02470776351968869
-0.6916755990686855,0.6055484539178162,3.6228320174047957,0.2143463066724906
-1.424866326114281,0.976047472905485,-0.11427318778103003,0.5396529885593367
0.42234836802869113,0.987656915885028,-0.7857124297733653,-1.1819429178059264
0.7543301008482645,0.8239749617014157,-0.11685242740397818,1.5507395175090664
-1.1791628386591386,0.6599329022422926,0.3532251225715124,-1.6168887799178258
-0.2982295155037118,-0.8605334709169422,-0.6827963738182025,-0.8886192552802404
-1.3388717075266947,-1.0264668828192625,-0.6808722990304398,0.9719236013860354
1.509047013794492,0.5584058380603255,-0.6928128305278053,0.5545141719352387
-0.9299060233346266,-0.31915423875985865,-0.22437583633927188,-0.6426249846965626
0.062093610910965574,-0.5965794418698565,-0.9703869015225095,-0.6780558192303212
0.5719467644806032,0.9835842965964859,1.1292471365765864,0.4410511726168492
1.6928960712470063,-0.5666658058170421,-0.8719648759447778,1.3009321505684628
0.21624101323940834,-1.1422003904087776,-0.7196808829774625,-0.19558235899117513
-0.18951831150629786,-1.3115017457082674,-0.7286327807990535,-0.02366595098562533
-0.0724260035176422,0.6833590518993145,-0.7530872243934198,-0.537341641824503
0.5818237341614674,0.9114290925838495,0.03357721212547328,-0.8068442210339526
0.0936035039686535,0.8640081720767189,-0.7896222656924081,1.6340844325259194
0.7248823268843918,0.821725613908242,-0.38014612411185056,-0.4587359818373907
0.11932454426528025,0.7234533132071852,-0.09029542689870018,-0.5516207083188991
-0.6810125599985242,0.8073817881271744,-0.2909249507395946,0.6089256544760322
-0.494365185408527,-0.4076300796427282,-0.13121463328631058,0.337507761965381
-1.3798550659261486,0.6626157778061832,0.34749215920518095,-0.6872508511558441
0.3962352100912126,-0.3147808390449812,-0.959861851102366,0.7943954990256991
-0.5536600378002343,0.871408752766523,1.1418908113489663,-0.012892296186147923
0.5958165585878996,-1.418703590307067,-0.485262838477529,-0.4128072779414874
3.337747031478244,0.6392360261837171,-0.6943865941146371,1.6307562049789273
0.31108979763722894,-0.40717582886411785,-0.4427048376334135,1.7035511723687364
3.1294392359653935,-0.7959315353249539,-0.4473902672018832,-1.2034628543653985
-0.023439853661815318,0.9640992058994015,-0.17328047697809193,1.2638318954880432
-0.16480832471925713,1.1114780018280412,-0.7108503314391377,0.09546837479628704
-0.08829512247119363,-0.737630626059154,0.8609389303665198,-0.9167780253320451
0.7864800123602478,0.5775531565912744,-0.5309302807337487,-1.021141603686596
-0.517578585483734,-0.8799920498711921,-0.23372020470781016,-0.2616837342241833
0.9737040775332234,-1.2502453460378355,-0.7622153403501634,-1.27144292497168
0.6416727886598985,0.9207648864322465,0.8086059067959459,-1.1269338832426188
-1.8341846030868623,-1.2919305446689968,1.0818514716533505,0.8604791567645169
-0.5425110815083566,0.785970046209303,-0.5990304543252186,0.16754965956821455
-1.6056970050742836,0.5418938083048481,-0.744222155508821,0.9304464409627248
0.46150366166443735,1.0616957877171733,-0.17384180139868427,1.25451041407155
0.12723519860912194,0.7504278615280872,-0.7514629660819393,-0.8980970639531966
-0.6964720323716063,0.6460915546265777,1.734420045470155,0.006892637398995381
-2.0775713343670774,0.526926750236475,-0.4462893854650663,-1.2936759028971332
1.3634493041415359,-0.960990374617849,-0.600472869965672,1.147654553564647
0.21319686854822237,-1.067529497760025,1.3145187663960178,1.0573880336663062
0.7335251937263607,1.10720980702343,0.5540873093714406,-0.7614036450108285
0.6954514693271567,-0.3184511894847314,0.2038429998050611,0.6678523828341942
-0.8724152187343144,0.7077889876792596,-0.7698886167521027,-1.0938123126467387
-0.284810257508681,-1.1060047990509716,0.18729336310548966,1.4790013992836435
0.27336551190412706,-0.7121971221922992,-0.32248464599564186,-1.2815489711096013
0.1064312383385831,-0.2655944280643678,1.2632296172963657,0.44068400143993425
-0.26534819319680797,0.876980670023029,-0.028520446492437988,-0.3373054302853649
0.9568389068114951,-1.469453637407106,-0.577340605998387,-1.095048805793772
-0.584867982659939,0.8959418408808757,0.7468787375244712,-0.7702973442628582
0.9431267416883239,-0.659594539224504,-0.6641973025049717,0.004175054410000497
-0.025537660733054024,1.1970714502596829,0.24722075705633081,1.037745568359677
0.27184011445674827,0.6579600546855344,3.003013542868752,-0.9386777570069004
0.549800364525061,-0.46130985007106673,-0.21932279541604513,-1.4586222017504151
1.110472874644886,-0.7402469955990769,0.6488535203273414,-0.5775301644961047
-0.1877181752409909,0.9986326274380349,0.5388615434755591,1.6061866218722243
0.019635454174466518,0.742057895767336,0.6347053967805732,-0.15447881982376363
0.8938381078237486,0.834251693326034,-0.16649689249636693,0.4281944377309072
1.177106108381654,-0.6046819141921608,1.1823107291986945,1.170102853443061
-0.5635998482261997,0.38682964369357037,0.21477937871543187,-0.13706615842764608
-0.6870863111137525,-0.45411229580886,-0.9535416035028802,-0.8992342538074141
-0.574629111206885,-1.6018771638025802,-0.9311283809273982,-1.0008124114576302
0.4877111335071903,-0.3622339253114136,-0.8832044371930071,0.14301560353215736
-0.6484781645631221,1.0606848050800604,1.8997611451676129,-0.14705575748369487
0.335510145535742,0.7721428412797909,1.4143641833564586,-0.7252453038887349
0.9390419027906375,-1.2639099471039514,-0.7660159021455116,1.4134884877640008
0.567803786743803,-0.7277023024080148,-0.9371828390269241,-1.627791277875936
0.44379481436751544,-1.7031834279049738,-0.0034783537189216587,-1.3480862937897793
0.05765820030109132,1.0024649789594764,-0.7664254115214378,-0.0937051557822864
1.6113157526768356,-1.1496981904464576,-0.722163454494818,-1.414621376685625
1.0399741722505953,-1.8060813622644751,-0.7012648007665273,-0.6682975324846638
-1.7886346636111945,-1.3250808315150535,-0.8965356551816945,0.39365680163782246
0.0024810618196770442,-1.3862180628584644,-0.8569152123978471,0.3420474387672699
0.21440259890354585,0.8440910994631013,0.2559549251439761,-0.04432518119125472
-1.0295527851823294,-1.2366314233307765,2.852608983192981,1.5768461618286502
-2.4132269014269716,1.1318254636463576,-0.7872430047480722,0.7713231211372371
0.14907894039311503,0.18317169014833182,1.708709832726582,-1.1604449615135828
0.09181988051781437,1.6710503386331637,-0.31324582854306726,0.9356223280278115
0.06080046530446352,-1.0078786411298843,0.4182837858621909,-0.9265099440048039
-1.2205950779925567,-1.7870337974908035,-0.9200670647387116,-1.0615771314651465
0.42941773338321043,0.6880524522928777,-0.6538811518832364,-1.4640595827000462
-0.13440514167943848,-1.546101200833429,-0.22186438537066658,1.4882042188512585
-1.708171568582644,-1.6626173408389158,-0.43469751618191077,-0.6048505402478845
-0.46733933208988404,-0.8831255848698855,0.6499686377886392,-0.837202159961874
0.5432325756669206,-0.4943084883560154,-0.7568971110802301,-0.6266800336996524
0.33228345984182106,0.7662754175075609,-0.2687797872686376,-1.2794140676783785
-1.357075038920237,0.8288166799111555,-0.8644000059494983,-0.7714479886371384
-1.72982571057642,0.7613130817012311,-0.6418927112200923,-0.9685705952694361
-0.5889938334684337,-0.8640779699101162,-0.8764919303891204,-1.3996937030062613
0.33680235371178413,-0.30682065411349285,-0.7074887395754991,0.4284310439618552
-1.3458963121305358,-0.38774540236273036,-0.5875778912400438,-1.2309445990413994
1.0186923913442893,0.8403854036982091,3.290687335217444,-0.13634389158626847
-0.3001090493199845,0.49612897421561825,-0.26212135470258513,0.539677656998506
0.9551589402757803,0.512871304319079,0.8388323029693978,-1.36058657018231
0.12810048853571804,0.2860642530326524,-0.04021752842620147,-0.22820262214339138
-0.29711331372384703,0.7043561451763156,0.05394390728490437,1.2097863129456925
-1.1042376225974706,-0.8855816468759048,-0.5740351286870655,-1.2056554398168364
-0.03719976499633345,0.5011310116350012,-0.6856221696247574,1.266586980606334
-0.1279364339368044,-1.2540366621983514,-0.1699144589593453,0.7780077691586404
0.03900987685346794,0.864526865135682,0.8305304597892492,-0.2886797440268197
0.055218829444247185,-1.3349659511244998,-0.0934325042306284,1.4484663762581633
-0.9383752816593661,-0.13432630026128092,-0.1979371146087833,-1.6835988080846171
-2.256310204627309,1.037483253072105,-0.855021371386111,-0.9955236597285311
0.738279691636196,0.6366906382380744,-0.9461712559140497,0.828285641585819
1.6257995155409926,1.0014865182280395,-0.22081358429849543,0.9717652957601006
0.8384109095882937,0.5603001492902074,-0.7558044705975011,-0.45815448518347324
-0.9379749649528214,0.8689083747524818,-0.2464066312671251,-0.5978869246403442
1.1814202578022874,-1.2905789670684955,-0.8832013654245637,0.03028310445682065
-1.6642623471459146,0.6208100507118068,0.32601416418744866,0.45508111773577314
-0.6798951195755529,-0.23908134272724307,3.8235281213947543,1.179373908372407
-1.0158892857161912,0.7454550062382581,0.8178374895246473,0.13859044853500035
-0.7886960366409315,-1.1877328680173873,-0.6621311445719226,-1.7222338632151275
0.18827959760357363,0.9316707649251741,-0.7046335618854137,0.8789255989255442
-0.234405218985879,-0.8745853382599613,0.6668592968048239,-1.1879410395608283
-0.23478126322452977,-0.2914704609853173,-0.7784374842898001,1.7194740069671093
-0.02981092560057111,-1.3977654738083405,-0.46453716309220094,0.4454329148252949
-0.12707858562592228,-1.0036103839513126,-0.6540615126906026,1.369209137396095
-0.3313779797909354,1.1986134288657053,-0.942817186318052,-1.4183509034958095
-0.005787112948754304,0.660548566183382,-0.15453757331534707,0.737458927388551
-1.2964847872871403,-0.9031618981409295,-0.8234458008218711,-0.7456274720667831
-0.5696248954953722,-1.4648575949206681,-0.6258657802684935,0.714207056858614
-0.524307180297107,1.6710503386331637,-0.9432524999161637,-0.17773408200184115
-0.7086200565831567,-1.0859264273526301,-0.9017479862333068,0.5463979925564116
-1.037802933423511,0.9868527211055914,-0.634443574651698,-0.6185839072431676
0.21231489150697086,-0.630842573188487,-0.6735156747816496,-0.10122694202115641
0.12056284428230207,-0.9590639806787893,-0.8430845210532122,1.622150312871199
1.309278775466599,0.7924047684302611,-0.6032425180845526,1.327319173658534
-0.4326424362686889,0.4512639210807373,-0.9620900094541668,0.1633361488611422
0.44719522848538185,1.6710503386331637,0.027684895415551265,0.04324745609807813
0.7781137700138337,0.7387033447736726,-0.7399656109496325,1.390006637894338
-0.6370422618062087,0.919347655375038,-0.567277175974561,1.3722121758378283
-0.5611723446148448,-0.46498092938023106,-0.36870441638027157,0.006533225696625866
0.15236650586854528,1.0654179845307734,-0.5897171383742662,1.1685881184188567
0.60999926841557,0.9237320538603879,0.26290400991069685,-0.2884198936014468
0.8852149459514684,0.6354363790160247,0.4066769376202136,1.5879019136389
-0.16094632088815608,-1.0635511048748354,-0.6969750275207857,0.6737880866382591
0.7799262283870252,-1.0777088838846434,-0.09840258734448785,-0.8682445751821963
0.07127865343105055,-1.8591037950048879,0.038527585852371475,-1.4541669840165024
1.343143632155793,-1.2013394461441276,1.2167813205224807,-1.1355012922834287
1.006395695684437,0.6598982054497343,2.8031000115239872,-0.4298044738395987
0.09444605550433319,-1.3408742304076446,0.24175429424913403,-0.30272574852097417
1.0315412977935412,0.9236714882593334,-0.7514081115886899,-0.0888260629004857
-1.5381461024241743,-1.1720304750999933,-0.34750832989957486,0.6411065790255506
2.0292111756958993,-0.8459989042707955,-0.4548798782158745,-0.7728431950961479
-1.8396704785078284,0.8288450000823302,-0.6139315899030009,0.3060808533354612
-0.8706235765109613,-0.9162372136490259,-0.0348035050587167,-0.8941888550638748
-0.4768144152411618,-1.3934384570547063,-0.9100621392344462,0.9130899670452489
1.2563254569499782,0.8634343810593846,0.24316756968846098,0.4549674002971746
0.47325061894743475,-0.7799966621526528,-0.6680089023435012,1.359832606189148
-0.6591126525511979,0.6976391514275379,-0.8460389882734551,1.3183316192857044
-1.3296269692855323,1.0117777866260784,-0.8021051713520656,1.3874466139044666
-0.596022423428309,0.7926560663127852,1.5384517152268593,-0.4993116944562301
0.4706931584169044,1.0459071395339326,-0.37714465231528593,0.10701050318759918
0.6916407986835972,-1.3116156361737716,0.022697946321399577,-1.4959045578555712
0.9893699840801525,0.46362724011771006,-0.6115695452817509,-1.0651390224878121
-0.6505690049741305,-0.7160992463198219,-0.6025882347698857,0.573766897161358
-0.1294053976135988,0.06173661470262724,2.5044343568708336,1.3646436741114212
0.7559292470516628,-1.2601638241112165,-0.8600714723225269,-0.8467164491571535
-1.4872136017779078,-0.9339489652931845,0.12989806044136387,0.24362830260997778
-1.068687054339126,-1.3008850313575497,-0.956456473353168,-0.6209489345358922
0.5705113434809551,0.7723530531631974,-0.8224347861728757,1.2190204754246519
-0.3856395849335846,0.9862696074236202,2.592556757243939,1.4049633975042157
0.4640154523809841,0.6614719983429584,-0.5369735658015595,-1.4231930927816279
1.9933911856994295,-1.2787563731957738,2.2026234318837417,1.2301574810798415
-0.09256971942404967,1.0733320801743498,-0.30110796323590344,-1.523747907695022
-0.296939855394584,0.9727958424963302,-0.9847962040361592,0.8656780490972315
1.200449714447718,1.6710503386331637,-0.6025321215102922,1.6855642380282496
-0.22371565125867482,-0.7123714322379783,0.5280584659475229,1.5783003513546152
0.5438187174502431,-1.7508846995737752,0.06362457121180573,-1.5972237487482126
-0.9995163905860532,-1.3006369487072813,-0.1192559186040969,-0.2063732893568883
1.2533231269224645,0.6800883042588739,-0.5822601996027102,0.5217650022798039
-0.1424045450094676,0.6603669746638898,0.721635332321385,0.8939859116765041
1.046255253553652,0.7596731007069695,-0.348672426974607,0.7150127707446271
-1.5417413388534544,0.5249802168264287,0.7729713071894794,0.18233831139435766
-0.23522312744707718,-1.0127654479305757,-0.5950427281148472,1.2678166669548578
-1.0998930784683678,-1.0484853088821546,-0.5526375988497043,-0.17752006423149858
-0.0035965024982089634,0.34424322699408866,-0.7924722790147822,-1.2147199400041606
-0.810759259492051,1.6710503386331637,-0.7503755536960529,1.5860848416086322
0.21159119305495488,0.6538780310704703,-0.8784595280687716,0.7062962439336559
0.10289549489186338,0.4142300238590503,0.3061274677389445,-1.0047430813755904
1.4285045663497997,-0.9044729193572065,-0.9738696726459206,1.3602507053212864
-2.7110297088874815,-0.546015781548193,-0.5864413419641124,-1.4226379954663895
-0.880132801791045,-0.8612028278261817,0.07258618194166161,0.2924875931238779
-0.01644118643067748,0.7797061990234508,1.1198153111687905,-0.9435193556105682
-1.159490941388144,0.2720675230990059,-0.7772608435730125,0.3674923289487105
-0.7967479876081075,0.5515477117784039,1.002383779777086,-0.7603757627663774
1.152344352666236,0.6838676025749653,-0.9794489436262166,1.3711370677395898
-0.7169669237949046,1.6710503386331637,-0.9396084809522935,-0.6449772389771355
-0.5866126075492886,0.9026590348470076,0.13776320274181011,0.10613934431826653
-0.6692630340401484,0.9722294945605702,-0.8607014624704594,0.3562230556560027
0.8945521814662039,0.5809737935621884,-0.19314154325544855,1.2939448837952021
0.2063930489286515,0.6286761775646397,1.9376984899927479,1.7091698649932996
-1.2956705380934592,-1.1253629552920443,1.1483008716209784,-1.3293357856211574
-2.1441820423379654,-0.9659983477500091,-0.7645802414942543,0.5984777863147592
-1.849669601528073,-0.30733030779365966,-0.31104523024005853,0.3302063825486279
0.7852969678975228,-0.8742714945316461,-0.33670887781124653,-0.1377061868447618
-1.283594758217666,0.6649061205672185,-0.6493606650971783,0.8057863717877267
0.303827647545697,-2.3952599158063075,0.2607656899543557,0.8783609386001673
2.0210346258350067,-0.207493379114272,-0.042951382136923344,1.631927829350543
-0.9234138751752134,-0.520145105723368,-0.5673376091694163,-0.4990059977502933
-1.812736214638518,0.34814818173306855,-0.5159698077679723,1.566484192874183
-0.4600661067882273,-1.3532018545835478,-0.9665658369387804,-0.6621167735297798
-0.9157296933762654,0.7434505474394868,-0.17787405199568398,1.4935622675241695
-0.03593721426493795,0.7045749042219229,-0.8189844779962536,0.5561703530706096
0.267934942642702,1.147787504718188,-0.6866789364678884,-0.00459307912423774
0.22751287482977023,-1.1862669637658814,1.3637670384608576,0.8978673460820205
-0.1450786211369471,-1.272730507847277,-0.8021930272972507,-1.730402097348146
-0.4649774424968126,-1.6783430643654613,0.9499978654868395,-0.9144366837949756
-1.6895739121955933,1.6710503386331637,-0.6119458455546967,0.4605978813579326
0.12206933667156072,-1.7386644397509232,1.420652689786988,0.23832828718947502
-0.4256176150787578,-0.6253695615209347,-0.009266099900328737,-0.7025240927444987
1.865645973067118,-1.1996660901474288,0.823402005861778,0.4147024604027231
0.25808172257642137,-1.4721722709853404,2.5985029805175173,0.08707529221545579
2.2354303670137785,0.6702532781782714,-0.5602624174735163,-0.2902421274265095
-0.14951129441810787,0.6779733521911483,1.3708376968780012,-1.1687898991208645
1.414095167504175,-1.4745034523047167,-0.7531893950583073,-1.5726872728417538
-0.3278217976172338,-2.2694457930538365,2.7438423783964936,-1.0993927258277527
0.17443206218243834,-1.1306341718505757,-0.5836520004632199,0.27520247252560565
-0.7941515954187505,-0.9267647363076259,2.371649423579955,-1.6150734601952697
-1.0073338908477523,-0.9882262965124445,-0.9628289108265605,-0.4666461366960755
-0.7407870985355561,1.2252689810545436,-0.8398316055106355,0.5777984669124921
0.22152236119441995,0.9274384358211666,-0.1613814875693953,-1.3794942950535185
-0.7371406287524366,-1.0458695443606962,-0.33007236454563843,-1.681926141398838
-0.478759636710035,0.9804161306564899,0.8443544101995426,1.0121829829772722
0.5083120731300276,-1.3443173660704384,1.019050369027352,-0.4927796799239804
-0.6116982760559488,0.7191144638999185,-0.7842114316757985,1.2014671095369978
1.3656570942545714,-0.7704811132193763,-0.5016991816428463,1.7021299444681617
-0.27455086684616475,1.6710503386331637,-0.1629057565159926,-1.724847688132566
-1.3205857462288624,0.24277698639959172,0.11587468114338027,-0.8902177214804547
2.0624174927608743,0.6769052494419611,-0.8167297839533699,-1.3534126455132192
0.20784201894695464,-1.909060685911755,-0.9140708908424613,0.24649894660865893
-0.28892574571246976,-1.2333724794442114,-0.9737838340249576,1.2478101747606705
0.2816183935168681,-0.5952461692192129,0.6717196841251478,0.4945062887378017
-0.5040448789338404,1.6710503386331637,-0.8961321057698531,-1.5967421112829783
-2.0205918901848956,0.9895092386140293,-0.47489205760495906,0.6216689538360826
-0.022492302840019195,0.5362219511650469,-0.6614908748413315,1.4525563186708665
0.04739721788713236,0.42005392756852517,-0.9285856002842947,1.1410083027959945
1.0721651058664314,-0.3923488602532813,-0.11668049316528552,0.2169774063659921
-0.035483331214479684,0.6514812266616167,-0.6138149618720825,0.20729554499471955
0.44077563865553154,0.5358322426868736,0.1910855154112098,-0.13762759060532234
-1.2890300133109056,1.039317578429192,-0.445590230775057,0.6220232060231153
-0.9127737013837698,0.6738411412284352,-0.6269165210986116,-1.2681222869551532
-0.08581740024474972,-1.7084155781046693,-0.9363759042763018,0.5723906737850144
-0.15344483704077327,0.88789218147881,-0.5654067920953846,1.1290230195364779
-0.25916293316251604,0.7993667088181371,-0.42675631128690067,-1.6398189119796083
-0.036462601473327354,0.83261898624505,-0.9790351626107701,-0.10531526587140719
0.9959408247487007,0.763914081748039,0.19682576834436621,0.24650344450825498
-0.029057582549991644,1.1405983188224103,-0.7871019694600057,-1.4900939878856332
0.9015944854295138,0.40804533223001316,-0.9289614834249617,0.4083446475104754
1.5939246216214957,0.9202665903255949,0.2770127869465447,0.39842306248955583
-1.8096878490110717,-0.7093381348652255,-0.9421929809580405,1.4216100637254312
-0.045614575113139384,1.6710503386331637,-0.8189216822673644,-1.68160663653046
-0.7553931827573112,1.6583507263837811,-0.3805514632280674,1.557531603658947
1.6755844716737878,-1.1809554443791408,-0.49191175766481393,1.4399143760067186
-0.8342803125229826,-0.6080824942200508,-0.24761688488999542,-1.2296682203747595
-0.4355940349993764,1.116645187820464,2.076203127049508,-0.2931902035739556
0.010207425120748107,0.9020425640810392,-0.18072192310244728,1.2959580192789448
-0.263814198820458,-1.8895418729738063,-0.4067303592871336,0.35305891565429054
-1.323836209595804,0.9601613897066729,0.7891692467749271,-0.890262169986344
1.6654908174930247,-0.17136460903663028,-0.9149627121973528,-0.3775210765097062
-0.27109971411112327,1.1695554441035185,-0.6174457085605644,0.8757945299224811
0.4356767676052179,0.5092211317448361,-0.01848837242257156,0.006629059287965385
0.461280883225949,-0.2731544629483428,-0.22043045675351058,1.1679087897980978
1.914144551174409,0.8047825883199196,-0.0007063314025997215,-1.0396253066091923
-0.11650196037448338,0.8488800864755193,0.49622992519294545,-0.2554524607905463
1.3051344775530864,-1.159424916942199,-0.8985736560608023,0.7086566948834413
1.2984584483207138,-0.8720930054282136,-0.6462645744149614,1.727268895805606
0.2405626271781454,0.997040768547729,0.12279113910027568,-0.9064253264605687
0.3121600910114262,-1.3968474276098108,-0.9629734980426897,-0.6303418229567679
0.7138500341811839,-1.5928985113116105,-0.20380524323553992,-0.062139834242731416
-0.10400311174660257,-0.6830202850692555,-0.8123365935700622,-0.18089709004010557
-0.28110707261881646,0.8541835496810201,0.5787176980695338,-0.0064688235662388235
1.0479427830968877,0.9911845575654896,4.388196639810071,1.4732961366368513
-0.7182742142713409,0.6769032550360227,-0.06293302236875939,-0.2617286549236072
0.7384673649892406,0.977331575118033,-0.2754084807468277,-0.13792208003611003
0.5731937643693792,-1.0065057563798416,0.7306315031753826,0.20418392772897123
0.6818134645639472,0.9142582968317724,0.8106120087619814,-0.7409739711546242
0.281712683593553,0.8048517557470356,-0.6571234682077682,1.1577750284246398
-0.16886852937774935,1.3056515386445569,-0.1509223264195994,-0.7080710737678169
-0.30551872852090006,0.4276597954121214,0.9102973510558875,-1.4403335822279058
-0.5496458646750857,0.46381216964157057,0.33422139937164685,-0.07767343256482942
1.8941418089563469,-0.391852044120969,1.170134628912594,-0.7028288945862018
0.06991195284178321,1.2002105964513143,0.1654282994387494,0.5355768035811187
1.8113667737506185,-0.7977235260354695,-0.8605842373426443,0.5623008261172682
-0.20452637511609073,-0.37842024784427325,0.1698833377429034,1.1951971725892059
2.432543312124415,-0.6070108851271835,-0.3824525699210052,0.38368798353578276
-1.0566192873226283,-1.23148930286802,0.7900169437434172,0.6875831643747138
2.27832675765044,-1.2857015148569297,-0.5760434047302566,-1.254111736490236
0.48429619590926687,0.5177249819028179,-0.43002615738880035,-1.2951491360615737
-1.3300102617657716,0.6903498771639223,-0.8904213286783526,1.31402399460555
1.228152895571706,-0.7980113527764542,-0.8005077356191856,1.0757699342539124
-1.333533483300187,0.6470270560724165,-0.5396073945315999,0.4933675080147602
0.5848373449308899,0.8642511719552012,-0.8754162271108216,-0.9324248182727208
1.8043819627404758,0.7911652879114742,-0.5387899702794122,-0.7046424154761423
1.3970695106348978,1.6710503386331637,-0.7156783705812464,1.699959825824441
-0.12153381586582009,0.7866754768741187,-0.9604115641672962,-1.2106187714993197
1.393681561336279,-0.7512717951929525,1.995039764616892,1.4286610753760978
2.617096208477614,-0.794194395294443,-0.7220588147952851,-0.23003776913878415
0.136919571796603,-1.2893947746980836,1.700261709955478,-1.7191485345956767
-0.194264569968921,-1.3163359785208486,-0.7191149998477404,1.2425279470570325
-1.1496934674630126,-0.6123239239673031,0.525707839200438,0.3846529375917367
0.024289801441002734,0.540667003376731,-0.9101618756419827,0.46564010525662797
0.266160782883412,0.5401453078928591,0.2550472917863334,0.7220932313665368
0.3515198359007508,0.9478439933498658,-0.7775895268990487,-0.27825069927146157
-0.699181227510034,1.6710503386331637,-0.7917745315672724,-0.8610688656403763
0.5552848166765616,-0.727112232168194,0.06318336856723365,0.5223457735466732
-1.9360515825922555,-0.2897459272253937,-0.4007202494298544,0.4786935383930598
-0.37113546836381694,-1.7123287090367187,-0.9614894442326295,-0.3242388130161287
-0.9457656427761171,-0.5934924104851315,-0.6289749225328092,-0.05610617558895765
-0.7271370773685979,1.6710503386331637,1.3280861341646248,1.729704598269856
0.45151931020841485,0.9767349762340695,0.9090777519325233,1.469773485866668
1.6001075832841054,0.7306114404084387,-0.852221523710876,-0.08354138586314755
0.7084836518013786,-0.595216030160926,0.1237755898741471,-0.4353103086554828
0.7214202138054829,0.25828713596581826,1.7825195607452475,-0.4039089260894548
0.32437727445718106,-0.8309863210361111,-0.7081238760756103,0.5258022173937785
0.0017235897746393728,-1.325803044294998,-0.9653415996894298,-0.7344016690355897
0.03994259922883225,1.1460522645559759,-0.46524429468141276,-1.483709310602762
-0.5351993714363075,0.8084741646123459,-0.8020175830259426,1.6499616192712683
0.5736951839947778,0.7153539263997079,1.6667029956425186,1.3261205232533102
0.46807144524266475,0.9150549207737929,-0.5498339130725162,-1.139492598217848
-0.5288580382528065,-0.7767184014834561,1.5702230421433674,0.980564068680932
0.059597926873136205,-0.6598535020611871,-0.44057254743792024,0.6857594260386497
-1.1869418338251256,0.6040549836110647,-0.5206252221929957,0.6658118615993693
0.3229143859281979,-1.1347227671537454,0.41884314218425345,-0.7990290948539536
0.3069726623058671,0.8499128592652447,0.21431952705536766,-0.724537319458517
-0.0906294352961784,1.0763869660525451,0.4344163975681939,-0.31256761739045824
1.3417816022865436,0.9524918014941353,0.4510775334507126,-0.39640963020827547
-0.024707538177301522,0.7278494220051501,0.8379367450205811,-1.5430045853137995
-1.3518768744858933,-0.812090187169193,-0.5980173819141367,0.6321256219715409
-0.36832277391364165,0.8316853051715015,-0.25153783249936196,1.590955753621461
0.3183118719041471,-0.6283836409516307,-0.5584149586732705,-0.2627478906170594
0.5364943674266431,-1.0610188769935562,0.4490677227849728,-0.9096130847665529
-1.6187158249700841,0.9166095217617821,-0.07267179985739756,1.1064452708374413
0.6041683733457301,-0.9350408443962096,-0.18816374622822207,1.021265130105697
0.7576134707607249,0.7101947117675359,-0.10164673075832617,1.629705993314648
0.02040588382224766,0.7803665316649591,-0.25312606474114235,0.555749751819848
-0.9330225890662655,1.6710503386331637,2.088017039878672,-1.1457487389350203
0.7557400615050939,-0.8041435349112701,-0.5546438593213896,-0.8033429794007423
-0.29154009940728937,-1.1140971067375238,-0.14206655939382137,-0.35397817997900105
0.013107155520646887,0.8950688522849232,-0.9438268614306715,-0.4076517524331607
0.2799119223196331,0.6437518428761076,-0.3363591287627725,0.8654576030309054
-0.39865903996275576,0.97025515485357,0.17468301269234346,0.40812778334079725
1.2680369933847753,0.9199451283804932,1.4117470871707647,0.12682472794396252
-0.5220503691980846,1.0838319894913842,-0.9107931315006432,-0.015783073217413464
0.6190885482195596,-1.2057477416693236,-0.46304726166955695,-0.15475380079666234
0.24310987329407455,1.0511399415283766,-0.38767060760044453,1.3626725877816193
2.095281922941382,0.6126211260581571,-0.8888821025067287,-0.8506371990008945
0.5283312889384973,-1.234597412723078,-0.6364786157817505,0.81371314765929
0.5683005727973128,-0.6089050390719465,-0.8542437962077055,-0.9652879781708871
-0.8321854243884833,-0.6520399950104442,-0.5130184771144376,0.8813647750511104
0.016384175511863493,0.8495984913632185,-0.9684146803153018,-1.1373531419906626
-1.6894406042001846,-1.2021928369882349,3.5166974160860955,-0.9250111141000542
-0.891212187528273,0.8391611264221078,-0.8431562147582138,0.10606762331262436
-0.7998562035068646,0.8009053192325634,1.348244250064833,-1.4941157582044948
0.5944786971739993,0.6951063507517412,4.372210203136382,-1.6229441504086541
0.3781588152715414,0.6706161236172952,-0.8593587250692504,0.3541734487959569
-0.792357206910029,0.6027590848445838,1.452066336376008,-1.3544762387069293
-1.2130370129162151,0.3701877794577578,0.2832539596876988,-0.9911974844988548
0.07934053297645018,-0.739894861204115,-0.7063950795751538,0.6588448949167128
-0.7244073731099261,-0.6740298371733331,0.2025943996482879,1.5671712178343737
0.6469772694411299,-0.9570630529686167,2.1833186339011226,0.4387307283204154
1.1699949306405748,0.745753986385336,-0.22426885230856602,-1.399316852434448
-1.965914722027604,0.5026936241479595,-0.6064625771480047,1.4531455050167483
0.1397790312873823,-1.5037117269156377,-0.014433134326206104,-0.7404685205066625
-0.6667306822416543,-1.4577844898169645,-0.10492792527927096,-0.8141006054955738
1.6555410624221025,1.6710503386331637,-0.526560596225351,0.017839032490012435
-0.5693379244707812,0.9660311090886213,-0.3324140587595803,-1.4230685386070625
0.8636421322576728,-0.8607714403178311,2.388242214728051,-0.46762666056170865
-0.34950266570221544,-1.509903878055416,2.2931553336389383,0.7952460536930847
-0.13885160641551922,-0.702770548483077,1.3538856730520348,-1.6528545288166416
-0.7682087017421955,-1.2562884503608933,0.18448341786401296,-0.7180407723229608
-0.8471373424589418,0.5302236488701776,0.1266879525162731,0.035106025889772886
2.7218923628082057,-0.8683791220511713,-0.8264417437130491,-1.4320013841824861
0.8693881622166564,0.7199179246598744,2.106011054468943,1.3312525473398051
1.0849184299477572,0.7756487832861897,-0.8744530140484104,-1.1284725501378627
-0.182810774529457,0.6099468567940796,0.3103924090527684,0.8917858966974328
-0.9110486637096924,0.7192253201984069,-0.9740224221386973,0.3192846281106014
-0.5308329802569411,0.4958911667575558,-0.7991022308630833,-0.27350284292287347
-0.3971207987311169,0.5718567778700868,0.21811969354466418,1.1687164918801152
-0.4205998891295901,-1.456074199644478,0.576740358421617,-0.17757203778692068
-0.4739636386049429,0.8602726325621176,0.1034292192817472,-1.3558980979485264
0.3387822650748031,-0.6541450783220883,0.055494005298908584,0.9143431069079586
3.0298324695028414,0.28773022643243745,0.583726462074633,1.6749307818578707
-1.3420353487143195,1.6710503386331637,-0.7896921560985157,0.16229865047260403
-0.5701748196033763,-1.980694044836441,-0.2959173859724209,1.714504850734606
-0.04469286304089758,0.6142578391932687,-0.29105585156872016,-1.1591398834041482
-0.01630453775806841,0.8028772884547136,-0.5895490112749323,-0.04359874899409728
1.1245326440377184,1.0934828813229476,-0.7628518432391872,1.0782127077713264
1.7269442083889048,0.786940178023296,0.30148020024345423,1.2728619965049073
1.905484344417741,-0.878033725418365,-0.7664183486959868,0.07145468398035405
-0.031206849881250436,0.7007017296565953,0.12346030747966281,-1.1771438300270285
-1.42640855183666,0.7687852001830344,-0.7878151763740995,-0.3056218098952536
-0.3078566641375745,-0.9579066046324931,0.4702406039224635,-1.290378697661013
-0.47265649649545005,0.7949457349731422,1.6219389177161752,-1.3133061512774995
2.4796135632812217,0.9700213806028547,-0.4716810125322137,1.5734043936676494
-0.4748131306341468,-1.1245870979409425,-0.8439269158439723,0.9429665410213082
0.8799141618262306,-1.169113187262824,0.12418691922900356,-0.5004251321353536
-0.7230390360625564,-1.2659029254101994,-0.7131191087616895,0.4735207156148011
-0.7537848817464787,-0.47430929324044724,0.6729196177267387,-0.03872800303438186
0.10629959358205868,-2.0692633777821214,3.193488639748587,0.6107161710340576
-0.795358826319887,0.6447725970059345,-0.2874568183107962,-0.8852057046711396
0.8512789780216812,1.0777402555613151,-0.766730422358875,0.07976625883445108
-1.0629798838691455,-0.4858770828686416,-0.9635057329347926,1.354800811194368
-0.7845302691120005,0.6760202314418036,1.5595840930069502,1.1886662757195827
0.4730906208734597,-1.0859113171981547,-0.6617398001990865,0.18594100011954465
0.5474051200360047,-1.538967324442625,-0.27190435869057944,-1.3675885200574787
0.49664004101776665,0.9964212394268749,0.8876808097464628,-1.7043567783206053
-1.7390040056460552,-0.9645304393987892,0.8710363837057152,-0.757048597201897
-0.8920503951800061,1.0291634066251834,-0.5935144068092204,0.0832242978739978
0.025838390734759815,0.6507187141329622,0.9846410903684839,1.1592467609052064
0.7654583300880694,1.2524753917518767,-0.7740898739067776,0.6681114296653219
-0.33717411424406274,-0.7515157594702941,-0.44143929802446064,-1.6795372905513641
-0.3101781716257399,0.6605458555790852,0.027974065930802365,-0.8093053302078042
1.270824452925682,-0.8132082708577896,-0.8634898849008457,0.5355135718963434
-0.27347583490175653,0.6150778969894889,-0.4275845358490148,-1.3981239497630893
-0.6597531147831188,-0.9563890076035891,-0.8155642897504742,0.10907822369823886
-1.05115154521724,1.090019836324234,-0.7419525913691037,-1.437816877792325
0.8998765257885043,0.8198965102590295,-0.9305480869344653,-1.2408604348426886
1.438895242834068,0.9960273044613367,0.4679455605476496,1.3064194857262676
-0.18711366571012736,-0.2664472153849285,-0.06869486742821244,1.2290718591702479
2.3975409775274548,1.263907780474169,-0.4292026071483927,-1.5803147296263358
0.2248851559250291,-0.6063762544138587,3.732754229339098,-0.9483673904355396
-0.1311709230285249,1.1874830615235368,0.011752080041090546,1.488454786232607
-1.4651349932482824,-1.230518835852195,-0.6900501545563043,0.5516122524601987
-0.43883593342198274,0.5072229696239855,-0.2575006241333721,-0.3674633772469217
-0.09751012419824344,1.103391396138251,-0.6861885406509476,-0.2717620840187039
0.11111956194981189,-1.6041516052598856,-0.5821686867463762,0.2600890734072496
1.3404902903583968,0.7129640968583968,-0.8093793837093228,-0.9161553567007468
-0.13576267401776462,1.0814019450827086,1.650348940863937,0.5900658450011018
-0.22013519534657636,1.6710503386331637,-0.5960744939197492,1.0404191687680844
1.9951194457165702,1.6710503386331637,-0.6015955932782203,-1.2848133279457497
0.06548155061834426,-1.301019749797384,0.9258464289010881,0.04174738674732871
-1.056948175740627,-0.8928453586717948,-0.9252745217509939,-0.643845408977878
-0.2817074173736294,-0.9218789548063107,-0.23748785160821517,0.2026549648334071
-0.21100452084634921,-0.23250853301940805,-0.9109380500834112,-0.9494612393552355
-0.1881939133550679,1.2189084626979312,-0.4912384162722451,0.7300269403793854
-0.14307000135610562,1.1966621393237626,-0.8866125277868065,1.652312875380954
-0.6436229153465387,1.1085392749813523,-0.4610119888472047,1.0409110878942984
-0.5500332034404716,-1.0787409254168892,-0.42904425545211555,0.9504168355369395
0.24724024489635,0.013694838805135513,0.34312722552242086,1.2220487340511403
-1.4882936627182024,0.480297990190319,-0.4670471664518991,1.0450730726001354
-0.2527110512392459,0.5422535128910742,-0.9681662570126813,1.5100034125566
-0.041989998637905646,-0.3988987478662379,-0.27591599909971165,1.4831267214309263
2.8978751247839725,-0.8752725425154543,-0.7926811581108713,-1.3637953260475304
-1.2186963263416353,1.0194560599142102,0.4630625519323115,1.1423001403502666
-1.0830562966534527,1.6710503386331637,-0.39779199843558094,1.1473517318233755
-0.4547908004192684,0.7630480558417236,-0.7717338729409691,1.5203254191541367
1.466889173179324,0.9355871368089606,-0.3693181488097807,1.6508772528086573
-1.1019436452168492,1.1125616761461599,-0.6095519884719056,-0.9019575415339284
-0.8341759111356444,0.8840807097946761,-0.020578625495689052,0.3121746658212302
-0.1307609155248015,0.8561469309690838,0.7235013665576685,-0.7305442666857528
-0.6991155965336967,0.8087610686546348,1.5408585082792092,-1.3898990105163087
-0.6651995919158333,-0.4229549754825239,-0.6232787126820727,1.670308266551477
-0.2893995609896159,0.7624095161998526,1.3524379353188634,-0.787447858606856
-1.113141488052936,-0.7804625162253106,-0.8493124971371658,0.7046910940133586
0.08625541364141286,0.762141707965971,0.19417944459238393,1.2285735385017564
-1.159286498609306,-1.6661977588888532,2.888258868127677,0.1497721090406162
1.2758905957252067,-0.645724006851969,2.2242374440890553,-0.485808663874783
-0.19092599445824915,-0.7424351624711908,-0.23477718477003312,0.43512942234596613
0.48898545743654576,-1.4487868808768596,-0.39096360366362876,-0.5753177145187692
0.9999065970896146,-0.9245564608367645,0.7362752977455504,0.435429327505316
1.1237985365679561,-1.2413236638902232,-0.8452554809961484,0.6810978287947946
0.17288799050248463,0.8188491527977807,-0.09810224475008708,-1.0045312372211215
0.9027855956446582,-0.8830878183683286,-0.6821834172921938,-0.009227668023666149
0.04742265592174489,0.5535743709058747,0.09504422159946951,-0.834232983574471
-0.4585964856899414,0.9315929313224912,-0.316359820134206,-0.34042448737995096
-0.686875436419381,-1.3003469335652351,-0.5174564686802225,-1.2175064083601117
-0.4393653479041342,-0.7232146824125929,0.013524650288559424,-1.5598772477952507
0.12617154397168903,-0.8060464440108112,-0.9590471646033221,-0.062271700977473636
1.4350613363297215,0.8059694189160044,-0.5652959338381003,-1.0933617962873547
-0.21613304654140156,0.922342873573957,-0.5440913282768814,0.7693165583829846
-0.7761221976139802,0.5449019249860889,-0.09806203729171283,0.71235020728151
1.335217818831653,0.6996935329517926,-0.9599802845696347,-1.5581221085148638
-0.22786218573346928,-0.9324167020279133,-0.6081483351079858,0.6506073575013144
0.18296952998888896,-0.569973870648993,0.09873405577115918,-1.4438689141934542
-1.1123657941408351,-1.0516339640971812,-0.2522570032073674,-0.7295219456926871
-0.13615700806264192,-1.0023804110984058,-0.9148103956843294,-0.4310330172415705
-0.030285050650106816,0.8984428837886004,-0.29206263654878895,-0.4292477065365968
-0.7443426074602927,0.8506450128487116,-0.16539681177455054,-1.29493125505484
1.6115012724118556,-0.8695591892012101,1.3780329949597199,-0.2760545715921811
0.9293741119043651,0.7898417193637549,-0.8131433621436758,0.9865975518033647
0.17488844407023224,0.620831009121286,-0.25649983387998887,-0.6717193545910337
0.06551056452373819,-0.8768770000977045,-0.7089812785699159,1.1059457895510336
-0.15932978972404263,1.115598909114074,0.6495294657179127,-0.8792768978718005
-0.5998225718365159,0.9170824210413203,-0.25713132661519894,-0.28295332488997993
-0.3932048403774433,1.6710503386331637,1.6010346849689296,0.0597045804540692
-0.19830551488042547,0.540173476355206,0.07800082441117255,0.7037630933350205
0.8193883059407382,-0.7996930863093253,0.7729488937257709,1.292919562953914
0.025435352799855353,0.6016610808184764,-0.8132063067098488,-1.7122768024426502
-0.8769262010302701,-0.9958055094729188,-0.49241673164441324,1.2353678668931407
-0.8385453111807869,1.1291782079774069,0.2924015115623807,-1.409276739483684
1.4074522067256665,0.6796158696052327,0.6517499314345431,0.7777298880814258
-0.48628430984374094,0.8928791673129872,-0.02973653751692732,1.5496255982469676
-1.1954415143313883,-0.8917695993439043,-0.6164688320463408,-1.532842236214784
0.9433879305702211,0.7265692335667735,-0.1615831613896703,1.1498188791778903
0.09716156249370855,-1.2431643174824503,-0.03555944825865935,1.3063013539958863
-0.8690706304225945,0.9100562181820264,0.2569659825868653,0.7128560249407668
0.6018236597867849,-1.4441600554166563,0.23780027521339822,-1.2561187344281894
-0.5210944130151484,-1.2135780343331046,-0.9247313213847326,0.8610157376499767
1.662944068153182,-0.7691699389675198,-0.28889854754747546,0.2321725949279032
0.07504917606034649,-1.2409787885399235,-0.5715620604119611,0.8741639050524277
0.6653109947091498,-2.0250406625097637,1.14360119768919,0.5768325687229221
-0.09150105847136883,-1.0427300866276314,1.3794101279620417,-1.5819236202417402
-0.7883920620289003,-0.22910139346279965,-0.6332151137259915,1.4759875945649281
-0.11064030492746442,1.0387907226045903,0.9318558399220017,1.14269736949277
0.5336584088830679,-1.129709898348202,-0.39789605293842967,0.5117171476487876
0.9787312107376026,0.42381733472696576,-0.8986279849086035,0.6611605458725837
-0.45545978721075875,1.6710503386331637,-0.6159621280525536,-0.09717080978490132
-0.2281407606402012,0.4791864456979073,-0.8832042501849339,-1.1272271927829352
0.38346579536356856,-1.699992571578123,0.7420229984232058,1.3607716142834438
0.09923220619244563,-1.053649531622435,0.3915192940368094,-1.5894986846138492
2.080372560566421,0.8821678257537756,0.12118180953242262,1.1790030119720054
0.1113144807752758,0.9571651999108217,0.3432682312213695,-0.857166264301149
0.7143822695996734,0.6757142219522664,1.2739563199482256,-0.22016234536807391
-0.1524009721932298,1.6710503386331637,0.6412253944520475,-0.4612510255661083
1.3147435633117224,0.8145324988781998,-0.7695046692601571,-1.4749147585802012
-0.33257337519907804,0.6542521513432872,-0.7404563844055224,-1.5901646715056166
1.1137169168958811,0.8542422356866097,-0.9229251338012214,-0.9847252213087496
0.20695803194117104,0.8704401706695715,0.6869988153947986,1.2016054006824077
-0.42592542046342885,-0.8015198075503501,-0.42535701878995413,0.36361757177234094
-0.827019091274709,-1.4870106105543748,-0.9232312108846603,0.3249021537321133
-0.6989202627489154,-0.7355289711910534,0.3794046851706252,-0.7099384781810689
-0.6801889707286491,-1.1651868025607124,0.032758227770988795,-0.6976808347302671
0.32457972392763623,0.5189924121309836,0.19910968432979634,1.3595619412919813
0.06709801205473963,0.6877335449455082,-0.9186600563208767,-0.7965393472133583
-1.5125691188918549,-1.2688008277319154,0.025749981027108945,1.5540960079192783
-0.6474464280797316,-0.6412408122130745,-0.3975498158917392,-0.6993217392761808
-0.30195534523807677,0.7546389111391427,-0.7915802504545598,1.542058050913962
-0.041434302377160455,-1.558080307306502,-0.8667062532326649,0.5515810706437456
-0.42643708577280953,-1.0790970428711706,0.8292127068819778,-0.42287086215566505
0.6137812575967154,-1.4815272863590516,0.6770129369405862,-0.5692613188915969
-1.0775877158054956,-0.608312698114629,1.4750925864754905,-0.5407146256867337
-0.5495805308160782,0.6759785293447336,-0.7684794660003381,1.570259927000291
-1.4909181481472735,0.9451747032745628,1.706046233928377,-0.8613657168055321
-0.15372922928476268,-0.9766416126609248,-0.5950146342077092,0.4143488971672433
-1.3193347301502207,1.6710503386331637,-0.7006753313915989,-0.1566545478565249
-0.44739922691549233,1.0097334664883821,-0.7906072534805315,-1.142045174755596
-1.5806285802241993,-1.842879634273383,0.14663549739367257,1.5762839410103247
-0.6648077701693705,-1.2388627734960271,2.2653618308734558,0.04879522174270041
-0.25551962440772663,0.9642994830338736,0.4229798521911436,0.8449482906828131
-0.028231314193352782,0.7177741713233319,0.07690609230233743,-1.2498292020448716
-0.4926933268959077,-0.685896860421967,-0.5498728244554756,-1.4505928067326104
-0.18046863443945382,-1.1421992225455555,-0.6115564911917832,-1.0823251814688284
0.3642287128266158,-0.6110024656333258,-0.6800084414849324,-1.4042711007171926
-0.4198833754876728,0.9870081648548037,-0.8869236957177241,1.4898754577591222
-0.8952325604253801,-0.9119544663893354,0.46538612294509407,-0.9608463302792358
-0.5571408286888112,-1.372893316260578,-0.4558374511581343,0.7648133166619715
0.49658110823698165,-0.03247319734980161,-0.785281329993527,-0.061390284466611156
-1.0022165942650956,-0.8277887171223252,0.06173359405019305,-1.3363338758303318
-0.15848029837516048,0.8346240885643741,0.5956797097978683,-0.42860166214536854
0.7159991892261091,-1.9906331195641611,-0.5182493233287824,0.22277516978933207
0.7334033606902016,1.2132743461843707,-0.28941077762008954,1.1377430929786414
-0.5837442206396708,-0.66641701732494,-0.8854852851461467,1.3309390621005963
-0.6281092844105753,-1.4237324859872749,-0.26963075699955324,1.2085986746387152
0.11922292080281577,0.489806445872367,1.0351947553994867,0.9746154860604762
-0.4388964391096663,-0.9082956644826746,-0.719716222139745,1.0797057189368
1.359793518657447,-1.1436965143125755,0.07235313373801382,0.4195034759757594
0.9074817857856229,1.0838758995671585,-0.733468436671512,0.4391939150165321
-0.29830519010707435,0.6444734102653488,-0.11480598807096984,-0.8683903071082738
0.053803471836573497,0.9650247713336013,0.0121905953297888,1.1592704261788846
-0.7533826495390343,-1.2145120754471839,-0.20886965779838768,-1.3817463454127474
-1.3188735089135712,1.6710503386331637,-0.8818439095734399,-0.9963926301466268
0.6118722489050814,-1.4617653133726423,-0.9311678319445632,-1.1598979908271372
-1.4943769498171509,1.6710503386331637,-0.8973700290565011,1.571980916910039
-0.5799793249587413,0.4827910215119,1.5300248467644662,1.6134121204998786
-0.8472787216909738,0.681200900017656,-0.572723827717896,-1.2811074301865275
-0.05075586874346363,0.6649499757356432,0.32592733990908845,-0.4988868677309419
-0.2560300987813626,-1.4290282058546748,-0.8585234839795621,0.39346313280117007
-0.10314114995738595,-0.7026803419479395,0.800695054247989,-1.7150282563178982
-0.2774006278542519,0.7040167999904945,0.3547482059536214,-1.334711698637811
2.4366521287395666,0.8178009065845379,-0.823337208434127,0.5200865658922876
0.4651448704724393,-1.2952328770255062,-0.9255733363784466,0.28502169237650576
0.3948066946786569,-0.635506457450812,-0.6845542273895495,1.355046732988415
-0.10769809715248023,0.8176660482716765,0.22021824984529462,-1.3592697184980784
-0.9308838167212349,-1.0201612312317057,0.8230575445014752,-1.2121869303727624
-1.5759729229081856,0.712604819545705,-0.17293995035091772,-0.15290075465210576
-1.018484746074949,0.8586393265462386,-0.7465522541187092,-1.5495731307124312
-0.6002552601278031,0.241788923813721,-0.48665035939745455,0.2499086123537609
1.247388411975691,-1.4320938436807464,-0.9638839334031831,-1.0926854799680537
-0.16327406958341364,1.3910461208447056,0.5291775784482313,-1.0236173680639233
0.27495141060989353,1.1693912904055095,-0.8917707701739591,0.47660327217018283
-0.30092929669056667,0.8107483298116825,-0.702675094685283,-0.30835821332917357
-0.26896837519172984,-0.7247719000492265,0.019587628804667745,-0.2533699561702697
-0.45787828659304797,-1.35260220719595,-0.19365003389532934,0.046571612051597766
0.07613718734705119,-1.105580098928054,-0.9534497526821466,-1.1339610371833027
0.04125622857669313,-0.325937149870341,0.9418527417873616,-1.148858529406518
0.8515986231578682,-0.08982791571985684,-0.9291900293179018,0.37649469604768343
0.9241231649619479,0.857862175974863,-0.9019439230451738,-0.8870434691066068
-0.16277755667029004,0.8196260242347553,-0.87124865503111,-1.0850015310712025
-0.21868911495789695,-0.47543824423796044,-0.6567300975896087,1.0852302578432125
-0.7450589701277933,0.788335035225931,0.17862176492002024,0.22851390107077052
-0.6091526046544707,-1.2394246325960212,0.2677951173136633,-0.40505703530998866
-0.47425395120435043,0.6724045792324279,0.3778830519973706,-0.28243292028789274
0.02683597278106351,-1.2106027344920125,-0.16638592295760607,-0.76696442252094
-0.7038540674582932,-0.6932284587709876,0.20531310287180476,0.1838236809266475
-0.13986969675695848,0.5964848065705588,-0.7766845531937435,-0.6407742680806349
0.024848661767830498,0.506072837941265,-0.8883214696285407,0.5064555333375973
-0.1586781281149673,1.6710503386331637,2.167535838780399,-0.4974364300299452
0.47987010016847736,0.6792144484310026,-0.14006057880659983,-0.4479110462138304
0.9770114505263641,1.134848073792087,0.2838708828808773,-0.07123153587045693
-0.2741911912291259,-1.3521454911511288,-0.15693760341470533,0.6958266110738378
1.05006912339095,0.8042422865835872,-0.33755794551242585,-1.2871314080335878
0.16440998846181082,-0.5328874441823129,-0.5785519576939754,-1.674137740530417
0.40204617861685193,-0.607935982262464,-0.2691040740351736,-1.0041813967182864
0.1843240208444004,-0.29200098595391644,-0.7350312240214028,-0.9220814825066457
-1.9435725874224832,-1.1612623839227885,-0.5558037531540764,-0.6756296281590988
-0.04918545806408135,0.8671819626436464,-0.83196871846871,-0.6600181322249051
-0.8765268744230732,-0.7477926255875661,-0.9288002627385611,0.6740138002782606
0.9312143479853475,0.7974584677316503,1.0126032457860716,1.2234310087450901
-0.5384171523825446,-1.3476302862313705,0.14357548736565592,-1.2953227348943794
0.9130439921274861,0.6649866199910645,0.18060721337451865,-0.0015225971535420507
0.7796214889690305,-1.310300224378162,-0.5913362207010455,0.5532194917380109
0.10929600036570361,0.7065651305079494,-0.05675080738513785,-1.1860258888596593
-2.164899846157615,-1.469275780849471,-0.8565472635355196,1.4933863366627838
0.689974575923861,0.9773720733543994,-0.9701447227980045,1.3740186642597412
-0.21353525290523195,1.0747711254753765,-0.09140711038148938,0.3688222271689506
-0.883607616797627,0.8836881263589299,0.24933442359600844,1.515031990347082
-0.07736376245916123,1.0110942937133394,-0.5043774257415274,1.071011448673956
0.4170243535190923,0.8073901516053877,-0.684961196486081,1.4928994229769363
-0.6129047214864041,0.6130754963824011,-0.43518025367928925,-0.9113796045500601
0.03166078055501568,0.8523718476475879,0.015983358660772176,-0.271261172080305
1.4485073222204665,0.9869598073766163,-0.9870693669598426,-1.4287868790789509
-1.0158538993434278,0.7220688898687218,-0.6905899683668364,0.30270007261517123
0.3394922965660408,-0.7826752690562454,-0.3096268192305898,-0.085327653447756
-0.4992722706507632,-0.7102131344423587,-0.8682207412274295,1.5681187446920457
-0.9139250181017267,-0.9412879793568923,-0.29014653355748443,-0.9158331665065692
1.2277758305132613,0.7810252354819691,0.011188311781018971,-0.5271991322798976
-0.5130961562179243,1.2029653989053584,-0.4778275380205978,0.14512787552448966
-0.06334725978669511,0.6016595777985941,-0.9514237506593433,0.24271634855333504
-0.39750741745071205,0.6016198352644659,-0.9619599610312439,-0.07345856525745807
-0.020063687337892214,0.5213154680839136,-0.003975081954324135,1.1286509442927228
1.6298013756250809,0.44877065097491037,0.12878883865468582,-1.4824927923194422
0.7873465771040165,0.9888940834458794,-0.8815969394023672,1.089844414201522
0.6638667306387275,-0.8825371839690532,0.5985873985868302,-0.23670718859880668
0.914069005552433,-0.6556318365907938,-0.4957271450967292,-1.5853299524588966
-0.02866280292388889,1.3356463424714404,0.140223951406012,-0.13606066550324522
0.31814247660951733,0.6494224767059177,-0.4664937789235544,0.14443892115677315
-0.6293918421832114,-1.5371381217585374,-0.28304832851622286,1.3595263504967712
0.39348822937717925,0.5829699642578093,-0.48515737181600294,-1.3729029994646351
-0.6582068085220437,1.1174615923957605,0.13044710183191252,1.3465640838229012
-0.15462659256553157,0.6329642722101848,-0.6553254592310377,1.52093149224603
0.3047208481768647,-0.9713967831231418,-0.8212887043328244,-1.2697260142204405
0.8777005569757429,-1.6331816595162987,-0.6257575348669715,0.04719646065130004
0.12052716079439121,-0.6312033908400063,1.669971676651553,0.17177355456538299
0.4830718860838147,-1.6352327684185262,0.8037289713315224,-0.9675529634334046
0.3959402316080547,-1.2311375943779013,0.057762318079574715,-0.8103957833877407
-1.2694870055998553,0.7257539214404632,-0.7443421396791776,-1.7262295444225535
-0.7594271686085252,0.10877702833777167,2.237437970003273,-0.8618078874690626
-1.05265836176974,-0.9784465802394909,-0.9450018318799929,-0.27786621791904065
-0.47014060915142275,1.6710503386331637,-0.9581044956524121,-1.2233430050438598
-0.46349670287607125,-0.9998614409450775,-0.3937097862491166,-1.27226050767014
1.4779307442029064,1.0277238636807877,0.20526867369095933,-1.0657651208464196
-0.7369789280127251,-0.4716314175960938,-0.37034470099897737,-1.40434698788103
-1.0428383797832075,-0.8861821014865318,-0.3336961477261164,0.07452727928424667
0.7254236464531969,1.004921680692084,-0.21515393804587876,1.3406110050805067
-0.9744971730722982,-0.6824351510863048,-0.4141024627893087,-1.3221925204781477
-0.11356384800172895,0.7949503777794872,-0.8031717510715357,-1.0073292418190332
-0.07137217906168572,-0.8760870085575168,-0.34459664801328116,-0.14020138365725907
1.8036618900643355,1.007089254175533,-0.8509796811465679,0.08727884369198555
0.27768536048086334,1.2382714046973953,-0.7362624401895432,-1.1094204558491003
-1.893126798206437,1.0190890872539913,-0.5369341148891401,-0.19559934196859174
0.12705666998789505,-0.40319348195436056,-0.6127579556666077,0.3240222403743428
0.5407121586625718,0.2434928911691344,1.3148142782190815,-1.1350295272668256
0.36701440704370136,-0.4331530080613143,-0.6430418192863434,1.2086277084311108
-1.0502845258948852,0.6717496476091338,0.17964163543204864,0.9512162180485435
-1.0794963366077337,-0.8904451744008749,1.237604592133181,-0.23564270542860016
-0.19350483324382758,0.6829820750812231,-0.6771671837325216,1.5112650502770448
-0.8253654803006625,-0.688833517712357,0.3526423058110717,-0.23260672303912372
-0.2617999004336827,-1.1474562616884545,-0.7752421467326236,-0.18683774152220606
-1.820117912147079,-1.4294945302097277,-0.17436969644548087,0.3875820523002575
1.3080581604097368,-0.9672148317009778,-0.7480855642584349,-1.072868776221185
0.4462849666339508,0.7176397785444715,0.9888252893069671,-0.0216680393971889
0.07581635130231187,0.870254792435756,1.5192666563263004,-0.8990261715823811
0.4821452436760578,-0.7607109629533112,0.29221026860326965,0.7600431212474673
0.6317833771592994,-1.2897913070063516,0.8240366738634485,1.3760061553142722
2.746133651422391,0.8555538218440922,-0.3154626635773808,-1.325752651505286
-0.2408523964599789,-1.6279967326707216,0.05555987614101101,1.7155631205036475
0.8873104729536924,-0.5716905567027665,0.33585319641316463,-1.1590112188069066
0.4443194855160861,0.7267589878385644,0.11431768192654515,-1.2978133159492509
-1.333532654717469,-0.7913071055877218,-0.9502863394605071,-1.1146095171698236
-1.4920431380737462,-1.2408677733732374,1.5749179182805544,0.4741830535530633
-0.7250135941296465,-0.9470358650986734,-0.9058208267687677,-1.1307111797342073
-0.6488859859421321,0.7988443554998917,-0.27770347628233266,0.18706350697178223
-0.9055854369238926,1.6710503386331637,-0.6888017573525276,0.99039665258197
0.23647248149617808,0.9900581542091788,-0.41459850060619885,-0.1382673842774788
-0.8139081375957758,-1.275583586193235,-0.6532723653646544,0.14156398176352714
0.19514467098665209,-1.2026176318968997,-0.29331433073260194,0.4824119332527122
0.9885468706943263,-0.5165829849833529,-0.7426746447663346,-0.8892169282652396
-0.7999169922530273,-1.246188657683436,-0.7166149058778641,1.2093423240571683
-0.4328485310662166,0.8439735509520659,0.18873931419357753,-0.6053701054213947
0.6909711430108093,0.8817805224206455,-0.06345762346834699,-1.1112848746430206
0.461650602283292,-1.114903386133042,0.09684181933656595,-1.4396971778320369
0.445682589740366,0.934840023737523,-0.9402960136466076,-1.2814084393898095
0.0894981993196099,-1.2378574470184196,0.2532194112506448,-1.313869966829044
-1.3570313465742572,0.07155141291452045,-0.4442264415167266,-1.6520245215213312
0.5063950886662353,0.7990909399790311,0.3798324240247994,0.19703176347868315
-0.3891858145144119,-0.4499346409521443,1.1638494437625757,1.3991714957271235
0.518279382608474,1.0145048846203366,-0.6880451955883516,-1.4306871394011917
-0.4842726650660247,0.9532208400608901,0.10790941640020643,-1.5910564520440038
-0.6961484206940071,0.5312559110584227,-0.4455121108781024,-0.26364468340673297
0.41771682155670053,-0.9743268629143184,0.19509990201034938,-0.314521877040891
-0.7447376514845937,0.9702948183063379,0.2292860765598689,0.3477220726903027
0.196772178593052,-0.6440717820614635,0.44852792059989144,-0.6232492995312006
-0.5211583745144455,0.452768683998465,0.11823629128839913,-0.5507335965695905
0.26152564311126403,-1.0824283034732378,-0.6175672128781029,-0.5419787800907272
-0.7241116967606173,0.9065211483865463,0.7464128294466471,-0.02663280757150771
1.3249875439184806,-0.7588754370840878,-0.8679194013332324,1.4819269346161723
-0.34649824482593117,-0.7468060898423255,-0.844118489025658,0.28861827048316624
0.32671724578051703,0.6047917711584091,-0.7887131170986226,0.6081305539844972
-0.11118628162210027,-1.7993130776044712,-0.8802645647531757,-1.0720657606778998
1.8034459790912363,0.9153478770580322,0.051498897013174026,-0.42008427217203903
-0.1209474860622606,-0.5591260444860271,-0.27835126729894993,1.0941118119435966
0.5068445072945653,1.6710503386331637,-0.655901179464564,-0.3007472570429968
-0.10303736565305016,-1.8311455296807024,-0.7216174658777134,-1.107915374190034
-0.5641019702873796,-0.9106727061086279,0.25603479262684586,0.7068700852923395
0.4915822632430326,0.853173004503526,-0.688372194231932,0.8584310461840029
1.567112972130126,0.7591339919267308,-0.8230135181920457,0.6798130759534918
-0.28645781417378485,-0.9184173372213489,1.9629973964632694,-0.3198645870229899
0.5212959647664707,0.6562629440592065,-0.36652282059207847,0.31871997661743023
-0.2945800531039771,1.6710503386331637,-0.4941918046874474,-1.6639709983791486
0.4039362336876538,-1.3714781727420018,0.8981278800394037,0.2732337761282532
0.6248656783506773,0.7894484555189143,-0.7539574173434305,-1.463820441317683
1.0514703705387247,0.6277510300611253,-0.7399524975853528,-0.534667641668926
0.7726443144252113,0.6812005305377852,-0.8044963852858208,1.6119868056516402
0.5714891443428999,-1.1491695331991816,-0.8565275748020095,0.40743645958645974
0.9692927557293882,1.2207812322277558,-0.5614699131922164,-0.14248939988055198
-0.8490456218338246,-0.9913761051289282,-0.016046047887596882,-0.26058992239022866
-0.03885032933602668,0.9572778218130706,-0.8656146694151012,-0.2884446292236255
-1.1787347348887622,-1.0196291597257505,-0.4970392928809683,0.08672377873831652
-0.38405481882309844,0.9106388577039304,-0.36816686445910574,-1.5613664567073364
0.04256293955194601,0.6073511610493848,-0.6054846298555349,-1.1634598695994978
2.2294340108397295,0.985587149805949,-0.9665569808296295,0.03473595856448877
0.6576216256719486,0.7749446610168667,0.07750911055376601,0.8011800748398037
-0.19223739556905375,0.8812748453993768,3.002029057349285,-0.2768432885114103
-0.6488130939609161,0.9392805410287155,-0.22913451646244046,0.3107683590774049
-1.206059011797616,-0.6041930315396481,-0.8323222245333602,0.18814216491701655
-0.762403298576536,0.6558077273390318,0.24136244478537613,0.5170908185622801
1.6667295702640545,1.0955786190956693,-0.7559548688640487,0.8264315738615965
0.03230194223425381,-1.7629883715028274,-0.7425334885660513,-0.12148987377011092
0.27987535368628924,1.086703915988403,-0.8878473896239426,-1.3260579066563494
-0.8309552048424141,0.701494409318579,2.7623890181565303,-0.15092318536581648
0.21706946798861304,1.6710503386331637,0.5174655450168766,-0.11013129143312807
0.21004638164638492,-0.8503089884159631,-0.9393733221534265,-1.4844227006711628
-0.24846061660411828,-1.636828781671812,-0.9157078559586177,0.8728977647739903
-0.6847616295211574,-0.3327619489970593,0.17453912803809024,-0.2655801589079572
1.031972212691766,1.0741765152749032,-0.9504761209970025,1.2908843022474963
-0.6885917286659238,-1.2670730110167228,-0.946576383145995,-0.410562295689548
-1.4127754700718278,-1.560383971349793,0.9581831542315227,0.8886017443223339
-0.3638951860976555,1.0933196477989897,-0.034685636109992576,0.25588126964204766
1.243074380213229,-1.0953085051953089,-0.30595830563435217,1.0176852985990685
0.28980579863313066,1.0207097665942038,-0.338875592722929,-1.0109088484418023
-0.6543913926842998,-0.884608047940673,4.015297101324621,0.849185224658539
1.312216631317769,-1.2224199912992668,1.899401858205319,0.27090033029709004
-0.24993142960283796,-1.0232482738963273,-0.4672548312863475,-1.2720979939493453
-1.0758549596573064,-1.2710974603326943,-0.7051663569140946,1.6080247727213595
-1.3268589986218409,-0.7505057884842851,-0.26101670133707344,-1.6622644416503765
-0.4984645056353921,0.7358258918801932,-0.8262339818736744,-1.0210078552359094
0.06641260032830837,-1.028483749073904,-0.6570989772971473,-0.9556666739482416
0.3598418195758265,1.6710503386331637,-0.7483023232750057,0.043827415837273696
-0.03985520429576374,1.6710503386331637,-0.8032119124477408,0.027829283024657158
-1.744232023669776,0.14412573187800523,0.6339017231984897,-1.4167780613586523
-0.04041305575813026,1.258651976246838,0.635728888072376,-1.109274693211045
-0.5217408758480656,0.6067189257548125,-0.25169760164035176,1.3214050134125832
-0.8191784055853158,0.7875963941896053,2.607548765510005,0.2107947401563599
-0.11612847612146429,-0.6629730090477498,-0.40760779013807236,-1.592953610943852
-1.0080158364037315,-1.0416315088784096,-0.814192288204148,0.6127376123700091
-0.48967346540414103,-1.3398234456861815,-0.5858979158432155,-1.4675511024681802
-2.8413185497760267,0.04325601402237002,0.08874918858755865,-0.04393630206565151
0.7653312845374118,-0.5856257155545771,1.6039209238741803,-1.5231305314861163
-0.44188051532973355,1.3862428208179114,-0.37534467526420523,0.5465870636398891
-0.37204575122046746,-1.7064908274449138,-0.2950915340319635,-0.26941534540397477
-0.2623417672002663,-0.5127254160992202,-0.8249434904911769,-0.9698759578054902
-0.05408887200534113,0.3363276491800194,-0.46097910038801204,1.5290612451845695
-0.20745357954937063,1.1055539345261278,0.8721445513840896,-0.8883069501875789
1.748381967739101,0.6078184614828749,-0.1459535774216193,1.639974399447018
-1.1341164780202728,0.817744095130337,0.496714786590561,0.3100303574509082
-0.1582948804312725,-0.7708559753310569,0.03088081487153927,-1.459079680446205
1.7754739010273395,0.7840333201012738,-0.8966729512887553,-1.5508833624021512
-0.5069911871124969,0.5057116756874438,-0.5316567427833907,0.010953569451784611
-0.33160448676879895,1.218881266073059,-0.39056011562017656,-0.14772138159778958
2.3117914708183678,1.6710503386331637,-0.5132389374155424,-1.0024722852157073
-1.179670654156748,-0.9794041606169018,-0.39764375181848266,1.527038620357711
0.3870406206727177,-0.8995496156249125,-0.2276688897329821,0.7485578717330693
-0.7657742506385619,1.040115911000932,0.9955591844883521,1.0450113271101957
-2.0298209936672427,-1.3074200673465004,0.9303093824595962,-1.2952248826651698
1.015557750820954,-0.9268672675230664,-0.6291040020634319,-1.6835848590290823
-0.013207609443734879,-1.0422043212990173,-0.3762569845196839,-1.3952665239964452
-0.6156775128636438,1.6710503386331637,-0.8308154943756172,1.6310107276863106
1.380215711476594,-1.030641964446732,1.2155548829629474,1.1434132260656487
0.49419983262229017,1.6710503386331637,-0.7150389511745883,0.8650209124701239
0.08591506702021709,1.1043334005698369,-0.2816034696157216,1.428449172716844
1.2219521308151227,0.9843511818167682,-0.6616006691045581,-1.0945526648324317
0.13229490563617055,0.3649881360804479,1.2391515094171224,-1.31488567546507
0.24262955295854788,-1.5187732955696147,-0.8239436849432497,-0.12302164321399131
0.8657112158479863,0.9318383428420599,-0.5442155653647971,0.02969484224212717
-1.4226379758193004,-0.7821457194695703,-0.5401177914164705,-1.0814315436888022
-1.074464437335204,0.7602172897786612,0.5160939241725602,0.006510846271794061
1.9719963943186403,1.191507224649107,0.9997609337484002,1.458215428799937
0.5770376726967515,-0.9840846100397743,-0.7432493143685077,-1.3716784603336323
0.40088699159448943,0.726240985157789,-0.45866036181298364,1.051565126754056
-0.6155829780133454,-0.11793956714029054,0.9812678466433686,0.14294969110849942
0.1430655659262215,0.9094528774217592,-0.22464678821405482,1.4399861869632011
0.29672446355802345,-1.2742694763494504,-0.8953096237777053,1.1455597192095621
-1.1668290235472931,-1.5423574442181698,0.22728075409416124,0.5622860079060128
0.5028630363967013,0.62412050809784,-0.7600075821479501,-0.4070009199577098
2.1420263546964815,0.13319933600362413,1.4404636910843298,0.41105668409883206
0.11438430677837197,-0.8907381368671072,-0.8755172674627426,-0.5615330076497883
-0.7385107541068983,0.5331088053506593,1.1017331809201358,-1.1119024711511176
-0.4417668095768162,1.127155644792637,0.3793253140735233,-1.1860822495641767
0.12786142798289193,0.6036057792474226,1.127153234742588,0.41651285519774217
0.2079164451958157,-0.963040803176066,0.3217162214426306,-1.3663484375723025
1.6151940139556629,-0.72166704332191,-0.16937377818588137,1.3967255392261242
0.006415032710192078,-0.8052502098985931,-0.68666709853266,-1.3099839613123212
-1.0159590165389838,0.6039000542878945,1.3104649208614985,0.2721641265336714
-1.0186370381051264,-1.0709524084116753,-0.9754692446408775,0.2328727839755965
0.38341982049786033,0.6020555259783212,1.07387756477446,-0.2538370434730286
0.9131877113698654,0.7582062395156267,-0.8385496584070422,-0.5138973882471837
-0.40356160754973014,0.43780117890497067,-0.29738675036237083,0.822660466700312
0.7313480958041928,0.6609625295086624,0.028111405234682287,0.43922537753171437
-0.8291423847875572,0.06308368874956692,0.5885935726905019,-0.5525696289457079
-0.43323105099400894,0.7287243865053925,1.012837090327037,-0.5050719585964861
-0.12936766419143678,0.966753477921594,-0.9806275435696546,-0.053226934467180874
-0.9451744922663711,-0.32170101505183396,-0.764989246652925,-0.17713374484898078
-0.37091759628652576,0.6460686824825106,0.48011490697457304,0.8894994165018847
0.8233264474525831,-0.903865232815214,0.5040911580252416,0.7976242364712376
-0.8793091966813755,-0.5581434670467806,0.5648182655425589,0.9286740448153143
-0.7777066992032637,0.5220375976921587,-0.3385363004519638,0.24818185017575475
-0.08765094863461668,-0.8949357612841666,-0.9508561562353096,0.7558888388388102
-0.6371056825290833,0.9069953882443202,-0.7656235917585728,-0.5368374757654714
-0.7575220303382251,-0.8964871882213882,-0.1663875740695261,0.8542956371196164
-0.534974595049764,1.0351395979358025,-0.7460126671331303,-0.5853275721019294
-0.08488588153770556,0.6315967350731118,-0.7815994209602349,0.7323677077691969
0.19078505333282755,0.5788138258344402,2.321358206462128,-1.3204222270911838
-0.5854835503803034,-0.8380988311830148,0.7870471148774202,0.8190576487991816
-1.4260392065517262,-1.1127501456785285,0.8101211318403116,0.006627382068193271
0.06577514133955115,-0.09698318291064768,-0.495346581722678,0.34930294100223375
1.5471070246900724,0.7685086599352439,0.22937275563141235,-0.2502315566086194
0.10617571371190439,-1.5878515052002184,-0.3483386291019939,0.7094005192802673
0.1367069218608063,-0.9794331468776545,0.6147690639046152,1.0801005089644942
1.066018122469807,-1.6089370326125587,-0.9053410877657985,0.24013998780056442
0.1838799977894114,-0.6036301676734854,0.3689234870368401,1.5274258160850647
-1.4414523297889277,-0.3676623569187651,-0.05818860637212924,-1.5957587685962116
-0.6303945507729166,-1.002302054582111,0.8713136446839826,0.8464687584253422
0.608153595646852,-0.4979015127307176,-0.18095408929803167,-1.669664622475934
-1.3287053915412195,-2.020980090171267,0.4673338123512296,-0.20273200416604006
-0.48938725387185245,-1.398022475878743,1.697966190301701,-1.1675416582073344
-0.09295690123779396,-1.0058567167717827,-0.6959798239145375,-0.345500457284609
-0.20074329769136795,0.9031679217062057,-0.5983215153318023,0.5032259757088524
0.2564161613361756,-0.9575384848885629,-0.3744005583968046,0.3451123449354139
-1.1096754700173264,0.7089282501917629,-0.16432369943831385,1.1670878501372022
0.8624827705795434,0.5921153615356916,-0.7338151058630427,-1.469293697056314
-1.5578056308155146,0.5076324001387199,-0.8648566241778385,-0.24781373847046825
-1.5881931311939266,0.39709728281360696,1.369104126740126,-0.1629653377486849
0.11912911317330692,-0.9618178046484862,0.440535788524652,-0.6662178272013498
1.6084175606087778,0.9826814309755539,-0.6038046285688201,-0.12917696451431737
-1.6763875935463823,-0.9544067494979346,0.48641865200627304,1.4189866469752925
-2.620158470793349,1.6710503386331637,-0.624890177338964,-0.6631700194921917
-0.16306344857984156,0.7314035670115835,-0.4457388325451172,-1.2025567303368478
-0.6246175105578351,-0.9649156990772322,-0.2943114130529637,-1.4693004642594307
-1.1617660630314355,0.6891079037956548,-0.0437870594756176,-0.37806453132475626
0.4466693999960794,-1.030991023246508,-0.9007968693890278,1.351675042303818
-1.2370654636384262,-1.030286374720123,0.8629183101136126,-0.9628537654630395
0.6236997113228618,-0.9092253586979556,-0.7413419305482054,1.5604314304780564
1.208165167971532,0.5661745355153411,-0.3250648477795843,-0.5308668517930583
-0.10479363181899448,-1.4504964691069817,1.729031572116692,0.6440777656655781
-0.03729030367944545,-1.2112586781819739,-0.3793210625552743,-1.186215775188983
-0.5438031416777095,-0.2702714438441181,0.7457811825279663,0.09578976385197265
-0.1612308219156461,-1.1630342761077352,0.7516926012740959,-1.708377374750185
3.268307806229114,-1.151052190602469,-0.7161263522377923,0.45645112971043816
0.2826594364980454,0.9448899942749537,-0.7352668097313602,1.2893988644370367
-0.36216345269957023,1.6710503386331637,2.1603451919905168,-1.2227392480848176
-0.6711241878046827,0.6533988875615886,-0.9687214896863836,-1.5508388063837293
-0.16065276356939656,0.9429112787822544,-0.48732612846863954,-1.2306699157628684
-0.5683497981838457,-1.3921851873370956,1.622209829499806,1.4992687446509143
0.19247551125625262,-0.7700213475952313,1.2783192872505775,0.5031319852146219
0.16423522758449982,-0.9093858766073533,-0.13860275707600128,-0.5988999383891628
0.4819626611352847,-1.8362615940674196,-0.6426240099355021,-1.31999151675762
-0.08682327933142214,0.6712408020692866,-0.17815143106935516,1.5469166875154994
-0.6238610452570627,0.8387064863307363,4.500663018712873,-1.1740918884120062
-0.12341608055362178,-1.016107706189027,0.9302518802552157,0.38049118025055656
1.1745489055688132,-0.7089080548289183,0.17807998313500406,0.031722823236950796
-0.5640806817158228,-0.8891730666519718,1.0210786837921269,1.4856658196748198
-0.8322300725481955,0.9897651152931395,-0.6737135558285954,-0.39353176705422027
0.694982512508958,1.0616538928824772,-0.9264225068204984,-1.0106573965202676
0.28971386684247474,1.035100452058322,1.7214890261593767,0.040976530104808166
1.0774044257233937,-0.7482755896783546,0.666977714868758,-0.754660163447083
0.8441775816803476,0.7417470067315808,2.5192921463614395,-0.4162744446566702
1.6508030109059726,0.6597835799950064,0.08977872260069077,1.7007476798675305
1.6537751310723379,-1.26259221819812,0.3758226243653401,0.19550919574373418
-0.0986373133800616,-0.07695135615486128,-0.798553170590739,-0.8610926261315265
-0.5445374828749007,0.6872129322611431,-0.24641302591303624,-0.5093537826707862
1.0810450341207956,-1.5856293985233534,-0.23582155967026633,-1.4883049440564227
0.3942757454693896,-1.6402975897825687,-0.472834286524222,-1.4140459698222787
0.48253803781339766,-1.3323676553991355,-0.6850156234971294,1.5588479349666433
0.44720988033329506,0.7264376181556944,-0.36941416721756715,-0.7560955310042028
-1.0714768815809024,1.1719187163706015,-0.05305459300069932,0.08095843596476465
-1.174075917744566,-0.8778458799386237,1.859606513012287,-0.7758215191558646
-1.9378134966814329,1.6710503386331637,1.1676457155902833,0.959710279765952
0.477250157177093,1.0510763763512776,0.24523270981622167,1.6166663781342392
-1.7812063875305215,0.6633381154543245,-0.9749767236565137,-1.30432765356483
-0.2023142074784322,1.0967261448347085,-0.5023371684908282,-0.19584270973162246
1.184735041560571,0.6139403468581909,-0.28149996242927455,0.5157533864709752
0.7442087652306788,1.6710503386331637,1.6347841090369608,1.4310816725849382
0.7239893441561208,-1.2205348909528,0.6224152457929037,0.004694004995100627
0.25565713719296607,0.7485712338421907,-0.6762896160272053,-1.544260940035238
-1.1143803625163384,-1.5622697962280698,0.6880112613514624,-0.8082137972280432
0.11114891874059062,1.6710503386331637,-0.8827772700451116,-1.6131952183073441
-0.4993100360364829,0.8941509217432588,-0.7278511662040281,-0.5078845002300892
1.1868982309149634,1.0209081071812682,0.3076139249901867,-1.3753537336487063
-1.4703459199626265,0.6452473793875457,-0.4053813956251441,-1.2832893823174072
0.8181864401499993,-1.3769907225026103,-0.556742655400702,0.2331642694944138
1.1798084536076223,-1.1928919117797896,-0.7925631593260979,0.13834609583660726
-1.1911755590637056,1.6710503386331637,0.4964000781109341,-1.5125547618197923
-0.16125896255391675,0.9930480716312079,1.0319981225380694,-0.15153928839162478
1.075468704886558,0.8095589638619913,0.5296597134970025,-0.2656968199499468
-0.44751232115293993,-0.7769066144064758,-0.3601746221371245,0.5329870781363379
-0.026843820487617683,-0.9510741133554447,0.6097286559341386,-0.7927960301244379
-0.641736308704625,-0.7165003022766274,2.1780530227814974,-0.5095280122998405
-2.03970436947388,1.6710503386331637,-0.6237711847154341,-1.7158812435190467
0.6042299477937432,0.5306776837260423,-0.4475852891067264,1.0304523490947677
-0.10247520045072636,0.590129817943833,-0.9654628752112978,0.32429624354583847
-0.5335648701118207,0.9189014172744575,0.14223716200668857,-0.44094133250730183
0.9630119350212684,-0.6149895707847415,-0.4598272862113955,-0.24429698390627996
-0.1480399314358805,0.8438367901432932,-0.1346146653802698,-0.5153815488240251
1.0357765721911951,-1.79140574982179,-0.53517239114186,-0.2964853204005652
-0.2686497068699863,-0.40987848461598925,-0.2568261760536532,0.11150606531836005
-0.5538864880413232,0.954619524939734,-0.5067506784356365,1.3738432002676244
1.1148690864408224,0.8591678113254729,0.9975850673155353,-0.8314906347832687
-1.1581778404139322,-1.189645309923905,0.07687596845107234,-0.7274671110249825
-0.4971706179969488,1.0882353983327835,0.21349688126697902,-1.1445375252486614
0.9253505305468688,-0.9071395452914878,1.0002072578084533,-0.2600173906400622
-0.6481039311118455,-1.4822327914597853,-0.855238535307728,-1.55996760609483
0.9236429689867273,0.5800131755199939,-0.5803187592241851,0.4243918306183382
3.4972012777466106,-0.6253613193621785,-0.8334093895224581,-0.08909209182213705
-0.9000548965922764,-0.18556162285669603,-0.007711669548687498,-1.7141164601999228
-0.4000590090700129,-1.897588142407186,-0.8935651743884725,-0.8173348548948356
-1.0179697773202536,1.6710503386331637,-0.014754163845028185,0.9415757949227372
-0.340729450606585,-0.36714260421578193,-0.9765838097535472,-0.07159278893888672
0.5937024920765995,0.9840247589915763,-0.9671627910000624,-1.0256152353472696
0.9021159500911253,0.9417199915913701,2.08032269702722,1.250055070100217
-0.6220286888768983,0.8711234932279092,-0.10615329810876938,-1.6720196126056086
2.096465142921841,-1.7203234542974466,-0.594809234817807,-1.5191224990472127
-0.7811772824330157,1.0884062553389644,-0.1890218129639826,0.7711997655973435
0.5194745865957958,-0.9648763526930192,-0.7511070017174438,-1.0959582947498026
0.07612850870647313,0.6947719126723366,-0.7477215419321493,-0.5931219137470563
-0.5633700805872772,0.8770726153039698,3.1564463529406046,-0.23124022412155196
1.0988349423571726,-0.4534905614112932,-0.3018866278551686,0.20015435965090236
-0.6033721034860277,0.6990174360779056,0.746111773861678,-0.22857374813388717
-0.05669596728440608,1.6710503386331637,-0.92833435655698,-1.2720362246135486
-2.0365232412672976,-0.8364172255605169,-0.74478196924081,0.22177959112093518
1.8349427956965205,0.7828161797666428,0.13376497033133566,-0.573548088495909
-0.7915139340643459,-1.1768257225025922,-0.16111478606487062,-0.6523273317046576
-0.6320116146035585,-0.860027100175599,-0.24963370598015036,1.5476695505558362
1.8987884072343373,-1.3487673297732137,-0.5115942400979279,-1.252645107496005
0.31072506202022654,1.0554763148149613,-0.25141384702627884,0.0537849904474618
1.884628027185211,-1.663118388362761,-0.017678607890259945,0.34522884966817297
0.3322077505788635,-1.0062223410161424,-0.6918659752294585,1.020331436223869
-0.407082157395814,-0.5440397162257714,0.420015424168777,-1.6940179517200835
0.126667026762816,-1.103917259378468,2.1517397363787425,-0.9278713091514207
-0.9042321349761532,-1.1222725570884282,2.1252665252086906,0.1060677739960601
0.7729113778258796,0.780237296711988,-0.5518437578655407,0.2467119113226904
-0.11583449242037026,-0.7493989775699281,-0.7385083523599669,-0.049301565591215325
1.056876476241451,0.6996175920890149,0.04952495269460979,-0.2530004253618612
1.0401088684794264,-1.0293129477517364,-0.6757905485234942,-1.3734045261720313
-0.9809679215447054,0.779286159540112,0.029527348154905833,1.5084226461156367
-1.187599419016933,-0.5658765370155117,0.6581168666641867,-1.5194639276483044
-0.9550318291566975,-1.5565847380737259,2.16273793125124,-0.016765945636439083
-0.2289497754948755,-1.799099019568261,-0.7424298151460769,1.1081162924331696
-0.3886412287568149,0.6898438560778645,2.034757168361115,0.012714892332638271
-1.4166973182736,1.6710503386331637,-0.3885191311853588,0.9644985904014254
-0.18767760603472072,-0.03957929262952573,-0.8742403569404043,0.33346030273275157
0.6288769346655094,-1.0030656851515523,-0.79886713664023,1.0042034841054863
-0.3375986686917727,0.9641378806559998,0.029910634184557982,1.4343636134527937
2.105237363062807,1.6710503386331637,-0.5795190454479366,-1.329111905124196
-1.8036587053914586,-1.3776380777403918,1.2948249762965,-1.7271406187230665
-0.45648726575147425,-1.606349043865085,-0.7990246101698104,-0.8843686071426086
1.0976126547024498,0.7283360606058609,-0.7605923746659035,0.794326452628066
-0.21558143052436662,0.806126074993443,0.5550322864339411,1.7095408215237058
0.4340267671361534,-1.5918543392489115,0.502124216638314,-0.8589946979496997
-1.056755901702128,-1.317415656055161,-0.0660981245519343,0.9435757178003347
-0.5838043607755476,-1.1358438016679897,-0.806878101831625,-1.2353494601194037
-0.38276238850003735,-1.1100974155988346,0.2866326496489036,0.38944141334882243
1.134106579747541,0.8564657937683853,-0.058721160748310144,1.1154311828547165
0.799652781357977,0.7985746589654714,1.2352537583903362,0.8819707208668561
-0.6604628070533095,0.7225829715397519,1.0975863655571396,-0.6715848529366513
0.5343859153578574,-2.0596944062435782,-0.8787072937822992,0.8755650849085337
0.0924244756223703,-0.03923091233995241,-0.6014051957558321,1.6476603562790737
-0.43618179536233576,-1.487693424813581,-0.8169401924332018,-1.0516998123492118
1.1886019671939416,-0.6905867622702163,-0.25975117732923514,0.39161393301838593
-0.5579769910112703,-1.2416332484253267,0.13860729966794455,-0.615642207952469
-0.2916624828120889,0.8812795845646253,-0.7767766828273707,-0.43696891397989224
-0.24944572758772565,0.6771482953998031,-0.10677199227572347,-1.6021428203140051
-0.9731644048105245,-0.7414359167717556,-0.4922687719782386,1.2633115219545343
-1.3092143025328282,-1.407191661829211,-0.9607314079341973,-0.6742258144806099
-0.3629174946689012,0.8576743247641966,0.685284307195499,0.5598296067699651
-0.4530511431785197,1.0333638326544698,-0.9028273965013076,0.013709328792623631
-0.9234452201981558,1.261662958570895,0.09054257438771543,-0.9526516872317451
0.11207714333637425,-0.956472297894559,0.9850878556084739,0.22335059901500046
-0.1554770304251653,-0.08221867612815649,3.9163872452627824,-0.731418164729229
-0.23395865830111426,0.04484088126231354,-0.9681131652396759,-0.4855711295658197
-0.8198815455007711,-0.13141862475843893,0.5835104755254208,-1.0909816537801629
0.5948230828975251,0.8533597550980916,-0.6533528247399204,-0.718180494226539
0.3318200523605511,0.9514337133412875,-0.8091158742686967,-0.9460836694835998
1.4996359160699007,-0.588335408169991,0.052836611474860344,0.5511848442973889
-1.4455948148660331,1.6710503386331637,-0.756403359229212,1.0920742217650181
2.144420499620184,0.6250177330742002,0.6791925698266063,-0.77263400501652
-1.4379777528377442,0.6378952323652272,-0.1420773923609808,-1.6491950557139312
-0.8258171787417146,0.764594999139021,-0.9496417719822957,1.7223516435610366
1.4977374195531612,-0.5739694546227218,-0.9572723240590397,-1.6023533816805238
-0.45757955796059,1.079023110965143,-0.4955038885398218,0.8619259215548624
-0.6840172386217054,-1.2996490329213906,-0.31826795750011033,0.778232796363989
-1.2070364677153842,0.7085441873132166,1.0257282146398712,-0.2517109954831984
0.30468662028067167,-1.0920512576838888,-0.9383202298837716,-1.510783671645762
0.5509371218242977,0.8114233317806313,-0.12718352295621102,-0.20949128036819598
-0.4241186162382033,-1.012320776174067,-0.7730845976397193,0.9886169370074877
-0.39021170512444125,-1.3055883166744096,7.139347034135282,-1.6584985478433036
-1.2648918594418799,1.6710503386331637,0.021030217513213805,-0.9436429725257426
-0.08622996090354158,-1.2314860638903617,-0.08877305210638033,0.11153036054559694
-0.7326916471878548,-1.0246079351513708,0.22021711323783819,0.32514854918677993
1.336782770820555,-0.9921270295817916,-0.6883277203434863,0.8253211753812147
-0.21429938390587971,-0.5637126975320057,-0.14144526852519196,-0.1756213227651669
-1.8868504987514945,0.5507986088144428,-0.23299309965651738,-0.14449133014958412
0.1277041215118214,1.6710503386331637,0.5603528756203159,-0.252356515066336
-0.7167863682715813,-1.349913471449439,0.7489234638904372,0.5757908715854274
-0.19435645077660363,-0.9796137670179631,1.7198103131916076,-0.9321419632992686
0.7921368091651505,-1.0149673291490149,-0.2772096167591504,0.8538247855486407
1.1119273746702603,0.9549355731479807,-0.31195584440751256,1.4351993315814655
-0.6229482713887369,0.8069666172807295,-0.2770616047537455,-1.0615418564793742
-1.3378039605521619,0.7508612505759329,-0.7258430845056254,-1.0059309672810932
1.875778556734299,0.943038801813435,1.1319269588915188,-0.7287640378133383
-1.594098951058434,0.5905119740039564,-0.7226304091513589,0.07703289911391266
-0.5973001810934437,-0.6230943353530052,-0.3904530277713613,1.691437108253819
-0.4368362480544645,-0.4475813224325507,1.1616204250544615,0.753846811030066
-0.7520365355595744,0.9996739965334539,-0.460722200904943,0.1869127247356328
0.08289321055441282,1.0695931606884905,-0.5869361236657383,0.9156766640196287
-0.2165388155911525,-0.06406258275037288,-0.28449192705467863,0.2494837643441836
1.4982813673148656,-1.600502508693179,-0.025705768844624402,0.4804481166834657
1.754733976434418,-0.9083766441122159,2.6433744790162144,-1.0232391971115462
-0.24176472834862023,-0.4795844736697608,-0.005875295891560103,0.7945466217701433
-0.1764584480678375,-0.9630725266265224,1.106545893565519,0.7895284904043541
-0.6104540769108934,0.8591425235676621,-0.27702603650934987,1.1155803435768967
-1.5075694847260628,1.0528183715598496,0.8028086863591222,0.22864674295743606
0.6197158061231071,-0.16372694655076703,0.05273077854744341,1.5676878095618476
0.8446079376662177,0.4190161024475342,-0.9797380071271423,-0.67679190885134
0.8010089554057116,1.062510839965252,-0.8599540949741104,1.0623490586708386
0.867444356753405,-0.481648765097746,-0.7719197249244482,-0.026335310287933948
-0.2237642229737864,1.2112793315230803,-0.7657190263180355,0.33699624607689294
0.5134312112523345,-0.45492548974041624,1.2393655995713133,-0.6870854040486111
1.465412988617994,-1.2517387787803413,0.32332175613362707,-1.0261052761709493
-0.7914181502678362,-1.3063901286600044,-0.2859738888817801,0.7745875501674454
-0.13434806705218671,1.0131984982863425,-0.2570275047878435,0.8561657828007763
-1.6943550471458995,-1.176303729922754,-0.5602092992538813,0.853694482001604
-0.2689956325264827,-0.23214827329273766,-0.7384191360984709,0.9564817145057106
-0.6715089038578774,0.8356636203161156,-0.5600958725474168,1.2036134267924892
0.35070707050998196,-0.5460396340062634,-0.6645616932247416,-0.5780764369059016
-0.4305289899299385,-0.6333547579480507,1.0462293935311469,-1.3270991938797057
-0.3788589638646617,0.5200800564912802,4.116243509763345,-1.6266466893828173
-1.8254418587332963,-1.3500700224689886,1.1078075716919895,-0.580738610806016
0.2235739789076267,-1.4419284112497157,-0.1449789235304668,1.4578895855157585
0.7511325862153778,0.6981357161867509,-0.7381389848641142,-1.5913740295700851
-0.5360197137507038,1.0815272441447656,-0.8624108767810102,0.28823773132181535
-0.08464389096408485,-1.2014573198771323,-0.1823499772762775,1.1503816190485574
-0.8031402099325071,-1.0246720708502473,-0.46518557974928937,-0.14023139251245384
-1.5553346750363481,1.159310968677398,0.5928071888907078,-1.679859172481992
0.6762159009562904,-0.40076999277177294,1.1482730268209276,0.26302298895896264
0.23398437895386082,1.1207924766200354,0.05613427772922639,0.4606813493669228
-0.2736973995926105,-0.26476167603680634,-0.555753045465957,-1.3956413043044729
-0.17376639054477458,-1.0641851701285765,-0.45456388742108733,0.7054218829677251
-0.7307412648678144,-1.0036751270314996,-0.6480650120046905,1.5453886109388342
-1.69984650571508,0.9906924458632624,-0.39662444652102113,1.351697483908336
0.8075863531688385,0.7327400304855288,-0.7225877873172868,0.19437234228895933
0.27997444529190185,1.0687420948235113,0.20106818112940295,0.43504612160328326
-0.7704789316763893,-1.0375869493497374,-0.8379079517458137,0.39611714173041296
-0.1659959541250507,1.6710503386331637,-0.3203512014338098,0.10020378553823127
-0.3397378807455632,0.9580062248829954,0.5201787013393578,1.0260039320008048
-0.08308903702786148,0.8985071081303115,-0.5876686746320745,-1.4916832670150115
-0.06702322614827869,0.48271639136899613,1.6612509850338066,-0.7340561481447438
0.2677963438520597,0.5545008898876042,-0.5662686080430752,-0.9909326374295441
0.06412950268014567,0.6716348959697493,0.325160642579648,-0.1875604566270562
-0.27227069425128386,-1.2004179851079635,-0.6937674555979583,0.13542399390345516
0.28941576330970414,-1.1330003344884658,-0.273817624434323,1.4988306787917396
0.23679880869973005,0.7091786123520696,-0.7273787304138624,1.3505653508670552
0.22147799939490745,-1.193034231027684,0.9858285538034988,1.4879585173609775
-1.1212247383210299,-0.9547663602146529,-0.3572100688914459,1.5837735485701248
0.6550488480293506,-1.2551184586998527,-0.6690833917336315,-0.0387265362735392
-0.2391005695635666,0.915556976050325,-0.5056252346873069,-1.4514055468710851
0.159344924140648,-1.952272452230428,3.176528284647217,-1.4256996896645164
-0.6665205002605346,-0.7103375780025962,0.29703341789094695,0.5195245977604239
0.743409752144339,-0.6828104897619716,0.4163506532093614,-1.5199704117607669
1.084194455656288,-0.7996840937052179,-0.9233683510902719,-0.5535578488682736
1.8075246858374205,0.762324843370482,-0.4155262831186768,0.1728963619560688
-0.3449514240280846,-0.3410206309161654,-0.2523905478028023,-1.222384493818001
-0.7082787746133923,-1.2739391958560264,0.4388236276976919,1.42880979835995
-0.46265008552456505,-1.5683593476740334,-0.9793350924328723,-0.7429949245529823
1.4560326227432143,-0.942406496115772,-0.4845464077000843,1.6462883763871494
-0.11027952434681694,1.2564664248859516,-0.8335737293926896,-0.16302897672016173
-0.1729390073524904,-0.3066955835892483,0.23123676248227878,0.3710361716917048
1.3592134985327677,-0.6512896524200238,0.023209886484183147,1.5322162483043076
1.3870064775464137,0.592886330405408,0.24084088920425137,0.174768294812637
-0.08327239495175223,-0.8098108463620189,1.631994443543085,-0.2103899275709015
0.486758346983035,0.9968813132669679,-0.10365376122237109,-0.619702663903635
0.11487818459716319,1.1107113156936579,-0.4052071276188549,-1.0224634068703438
0.6527153813360169,0.7320048442147171,0.07464246125100335,-0.5093094394475619
-1.7215876533138874,0.7863631493463895,1.0101946242293263,0.8982862108396099
0.34321421691418585,1.1780980887101549,-0.8713396142849515,0.14168042509652276
-1.1653780018265139,-0.7773862983152123,-0.12185522339546424,-0.11945129521745823
0.8665107260600811,-1.0770006137649386,-0.7890771606925764,1.644724357051463
-0.3831835460669381,0.9980204846261266,0.7554496200113464,-1.4086260774450419
-0.14544860110405028,0.519554990535772,1.8561738196762585,0.5219752673074339
0.5460726947790321,1.6710503386331637,-0.61839252822151,-0.6986362030595334
-0.7316307793057756,0.8231920549915215,-0.8961131047496932,-1.0182920751956526
0.29850416109051714,0.7214516530622114,-0.9514687529553513,-0.35163014805824755
0.8486972545869145,0.6703022474728555,-0.6952914656257703,0.43108471143531646
-0.33344932591008725,0.6132645430490259,0.2795169287708404,-0.14971886623562145
-0.44250245529285887,-1.2130681875833305,-0.46096883949284573,0.6153298542853043
0.2820685672302271,-0.9872858932659864,-0.4494453731653965,-0.8416780369415507
3.755502833315854,0.8767121938364207,0.029910982541656583,0.8703823204365454
-0.21417657636654,0.7838232889642631,-0.3511842371928814,-0.7807297500904093
-1.3192933588851812,-0.3556010684674262,-0.7678380262581062,1.240932396439005
-0.19397659170112064,0.42649301282391877,4.181993829285779,0.4288540802868465
0.0042084990017451605,0.41165703303446494,0.636292285663955,-0.260684721922119
-0.8782836946635959,-1.173174005801499,-0.7564722258118584,-0.6908818906510393
0.4986181230647713,-0.49389932705918255,2.901192866007888,-1.1317530717753597
-1.7162556057250515,-1.058993183041346,-0.38846486438899613,0.34191496353548356
0.809053810386826,1.283463181016232,-0.19072018806890545,-0.14882735276962378
2.0045239780977337,0.6286680462456058,0.09186160230254055,0.16881087684452917
-0.3710526645662144,-1.4033307241882764,1.2155742548059272,1.5357512349776075
-0.19688550159994297,0.6952353461572123,-0.96000341764743,1.0851212336789633
0.15926524646922804,0.9660215152546555,1.2061315749861012,0.6658368272850065
-0.8244367830027295,0.8372251581435406,0.14097980007146663,-1.383458054477426
2.2137037575908782,-0.9682996426864502,-0.3788100671962407,-0.10709952895130231
-1.4838971383272461,-0.7720042912339019,-0.5058915304966668,1.2754772882028806
-0.03300708896711689,0.5265530716294691,-0.8827535342422026,-1.0680513122097917
1.6073524780033732,0.757756739426354,-0.9816115313799421,-0.5136011952297891
0.06339786029828226,-1.5881657482124545,-0.5850880024995847,1.6760015085587983
0.7336739097819837,0.9070099961494423,1.4780894188858613,0.0916764224935864
-0.02764075582220215,-0.842043101837469,1.3480472716161445,1.031559928643723
-0.17848877932719043,-0.8949797985639147,-0.2356862547081584,0.3583391928741804
0.09563328091356119,-1.0572382742596709,0.8447149592655752,0.023241068056032422
-0.9079474093771618,0.8791657938946574,-0.4360152974796587,-0.12847303420494444
-1.5798153251466676,0.7170371168323763,0.3908722823480668,1.5959227358158132
0.6786785026573073,0.4499042672427271,-0.08436609789275723,1.4483667869056935
0.05725314779692608,0.5775925415005831,-0.9763729599892722,-0.7846879737101543
-0.4939300809151655,0.5713320030635914,1.0046843908912488,-0.5410999102376333
-1.3771703386977954,1.1163255173999962,-0.7342672016623365,1.429162133469585
0.916528797463029,-0.5684667031611051,-0.5549295709254841,0.049870348850182454
-0.8973152770550105,-0.49230719527365496,-0.6155156774624418,-1.5639880128732275
-0.11268123703865303,-0.71245924794046,-0.28124543962980986,-1.1765093686532746
-0.5149523127668906,-1.2289662777424564,-0.20764504222666738,1.7163921735108312
-0.5405884246196676,0.3183274749749956,-0.4616382035332426,-0.370773610329189
1.9027878748635927,0.7934153161887653,0.34601428269003665,-0.9178470394144681
-0.7670477032585038,-1.082012095018569,0.7462946989905027,-0.8826233744602074
-0.6087151732729839,0.9337335522608572,-0.12776878174740586,0.29889027784667754
0.3358502193868888,1.0167565108516428,1.1760038003624307,-1.3189352137976282
-0.6005229452272253,-0.2985662883029304,-0.1165770557054002,1.6063044572535485
-0.7228242107557399,0.6017861979819468,-0.5265102234945037,0.2812600199087845
0.6020094883555862,0.8366370915752668,0.30041785501105245,0.8034677111133712
-0.3263177442440315,0.9141075591588219,-0.430864327414912,-0.3149135070649003
1.2080445299137705,0.8525683237924926,-0.8409765915921739,-0.39445616970657343
-0.3676927755529227,-0.7927879727977113,-0.9493627179303834,-0.5609014295809002
-0.7135001977985361,0.6646483612452562,0.40796647366971284,0.7693375189541087
-1.0022209032861238,0.6398818759951386,-0.8618423481480962,0.8229930972192063
1.3726489906649528,1.6710503386331637,0.1233972671597175,1.636761129251774
-1.071778816937527,0.9765676605381762,-0.31978602122450234,0.11465030276944319
-0.493540394954018,0.5767036886907895,-0.7852323845241546,1.2508851317743863
0.5723178056417975,-0.5188249312815052,-0.9112404328340797,0.7489696223369695
-1.6427426110144374,0.7182335932212555,-0.9576100901527149,0.8740049200922916
-1.695991765030915,1.6710503386331637,-0.9592333776091636,-0.920733538571877
0.17355081031661648,-1.1683999880115685,0.46210377814804704,1.5026667457620773
0.9730364102547437,-0.48179811050074367,-0.8746776140543681,-1.124722691534565
-1.4972244666459273,-1.0836744209081506,3.121144310272194,1.2513166000728198
-1.0909471194766216,-0.8363233707447204,-0.5922433442708256,0.08771553361872357
0.1659257099204844,1.2219685502672182,-0.8160546784682647,-1.3766476696088974
0.018062594161868076,0.8647516391485505,0.2379799321256183,-0.5078750270657952
-0.1235516868564503,0.8469113806790989,-0.9043119333390766,1.1180391609061762
-0.6054753617796137,-1.224933660778,1.1549676887943026,1.5957778848591777
1.0944174781551839,-0.9664053334863625,-0.9142927248787152,1.368293986912229
0.4888912126390715,0.6068347402198649,-0.8021123913197824,-0.6920319479077072
0.8703906597669427,0.8662218154779403,0.7884807211301215,1.7238773510570262
-0.036343648161416844,-1.201422647206951,0.5323861674183002,-1.1947951093854172
0.8282673554862081,-0.8563091699544821,-0.5172665316034548,-1.2385070348340697
-0.7404844633729083,0.7594646875566452,-0.943081898957189,1.6865603728127023
-0.07174222031858678,1.183192493777966,-0.2619133442808133,1.5310573638748033
-0.31432629418019525,0.9239148965479742,-0.9548299784633586,0.46691160944988147
0.7622023003980231,-0.7805001969360719,-0.5751465724837181,1.2309812389762333
-1.3832810904623123,0.6657767048016902,-0.35700366643178955,1.3414601239947805
-0.11566822345782281,0.5474916194224114,-0.7737485855732931,-1.518087474726456
1.1611626932917927,-0.2911406665588051,-0.5311517097053214,0.7318334403903943
-0.8473025827836219,0.9630326053838555,2.0004717670332868,0.9028503367145493
0.2151875208451016,0.66804154584017,-0.90979792046824,1.4912497029498337
-0.08738290229867532,0.3332493218788945,0.5545116400232284,0.38587884233023334
-1.7751045740843114,0.1305832984305169,-0.835801942812571,-1.4488527971196867
-0.3149706286749842,-0.8921103161706987,-0.5707302862610246,-0.0035244792692910075
-1.9059834855591702,-0.869501221675461,-0.7762216503214295,0.9577232479897493
-0.13900351831351215,0.3922004646615179,-0.24427372342080048,0.27356587598310383
-1.1205215959221018,0.5642316361958881,-0.13202804496305742,-1.4870358145042504
1.346001328437287,0.5614940796881436,-0.702175752344033,-1.0434714094323174
0.8386711572585931,0.881645930637408,3.341768213795053,-1.3970504739931577
-0.6472517181895651,0.7002298809604465,1.4424806992942463,0.16244029793431872
0.4992481481257439,0.8691471488334326,-0.7112531163688248,-0.5961941341382333
-0.8088500639722213,-1.0520120285236887,0.6084011601100163,0.8211675481949721
0.08858414992577654,0.9302969237587629,0.38226026112962697,-1.1222240444397384
1.2576873408296785,1.6710503386331637,-0.12014515037477151,-1.3506613543102057
0.18742311558436822,0.4559113052342861,-0.6950799027226975,-1.2833660433619225
-0.36091678980024045,-0.77862590983173,-0.5955265611677869,-1.4246277384445107
-0.4248777102515738,0.5469321816076751,-0.2867565669365843,1.077075317971482
-0.5961380802522144,1.6710503386331637,-0.015984889609547026,0.907725851383041
-0.10225524242589691,0.9910297146845717,-0.6853636649244531,-1.6098719822914085
-0.7722204852475082,-0.7679900073360098,-0.41274587327383044,0.10184731234049081
0.04105728610754515,0.33184397014627964,-0.3141034283871853,-0.7413618140584368
2.4141409725320138,1.0012276894855199,-0.7963911843634313,-1.244911001857296
0.002422452837594383,0.5743074558711738,-0.9854994722243758,0.801672444600036
-0.03151657409899258,-1.2289294320989101,0.0475011004497626,-1.3257032076486044
0.11697894318043989,1.12402265721303,-0.808687754739657,-0.9351971619056397
1.116667853467831,1.3180499658393834,-0.9730865986951547,-1.1365727213374737
-0.035417676665684496,0.4669065573402407,-0.8590127693017061,-0.37791446662501627
0.17178444576098956,-0.6942599368871342,-0.515969958958664,0.5730915661381353
-2.0013594461904436,0.731945151737424,0.09474571497559527,-0.9031211180630296
-0.8788110008732868,0.6815996520425512,-0.4516524557004134,-0.298459848342945
0.11126158549315657,-0.777973820779029,-0.2994796520446621,1.0990561755557635
1.4766557627692996,1.6710503386331637,-0.9457771874735866,0.14628488679090373
0.8690979048342294,0.7867641298105589,-0.7173683595923973,-0.5176853596604443
1.616024585365125,-1.3768917974486872,0.6007936754914409,-1.278111516194875
0.39877181139520995,-0.5490519541916984,-0.9572953005205795,-0.808626014926865
0.3651266761353996,-1.223432309141365,-0.6740798979142036,-0.2968437305670651
1.2408110174098466,0.8064267289041848,0.07038673195879176,0.8718604385819588
0.6364714383654263,0.905116457954259,3.238991162320828,0.22287984416492823
-0.008449881643725787,0.8831504910943493,-0.4968975708877798,-1.514865706165869
-0.2991285460444412,0.9187341795586201,-0.8257633288835371,1.5076446730219355
0.3123530138633179,-0.6989716861280921,-0.5945251860683921,-1.708260825134865
0.03133823314425391,1.6710503386331637,-0.37636773940415175,0.4187802034370566
-1.0382354534285816,0.49582077245863876,0.22332317896416606,-1.1251444502672445
-0.7651601025962239,0.6560465740116826,-0.1095816245815189,0.3206159147478214
-0.461126245197909,0.9471586084491977,0.2307778612983292,-0.31736678597122325
-0.9563325095150593,1.1785169723873947,-0.3954551982047809,-1.175742340816205
0.3118295281844871,-1.3152516789235444,-0.6672495396408626,-1.4163172448870223
-0.6130762393341468,0.6828021146601273,0.4269439804015929,1.34030032814928
-2.370275967628411,-1.7714776188727341,-0.32103726116117887,-0.2581418378111519
-0.9048146237775244,0.8922456705997912,-0.7701887058529139,0.8027922057101754
-0.9372332122162909,-0.989244530706886,0.655176454021548,0.34657816828365606
0.7777272015672415,-0.4550444598990348,-0.9234247498103513,-1.4300826005610117
-2.046193637290572,1.0433206603115863,-0.5583022041817826,0.012562378477322686
0.21875391678279324,-0.6723199406991175,0.2375020798750615,-1.1746777781772721
-0.04180422040096579,0.6427851877061403,0.7013943648770578,-0.6129165516516023
1.4043763683055857,-1.4096656521712205,-0.8431473245644926,1.4389952339324048
-0.117618023386479,0.5041846492758557,-0.507760015755318,-1.5115520545619376
-2.476196518110398,-0.9118507473691077,-0.37825916182402386,1.5669080974576723
1.232811245042554,0.7438703948515307,-0.6361326485851829,1.619624141882133
0.7653106818256501,-0.648547736411034,0.461740832820499,-0.6420950171058063
-1.266118149946569,-1.0456782627820118,0.485259355831247,-1.722758278050816
2.174387644545315,-1.2033760917309302,-0.5822672470745175,0.1320682884070304
1.0705210959585916,-0.7308019181629588,-0.9684977462232902,-0.318278522172761
-0.7000984454148196,0.7529243651390228,-0.6924220049890317,1.2696293088918806
0.7656390538573378,-1.2900010947614464,0.22063454451802947,1.693801594739787
0.7786380529169128,0.027797682607276334,-0.7256546710109995,-1.332968569376916
1.5255232601877722,-1.3766890027066452,1.7214593988798115,-1.5040373153470823
-0.5998069470463486,1.1366169814134435,-0.1516551419828652,-1.1052297345602897
0.9480167970543983,-0.8208658102330403,-0.4434816119331995,-1.4197384536843716
1.7505160767385208,0.7484015989424769,-0.6801804608585588,0.46361524174030855
1.2681075731427678,1.0223354558145081,-0.6765499429028047,-1.7276473849566318
0.07286665693426937,0.7707515745392001,1.1328749444199895,-1.5037701220578006
0.468106130247942,-0.9801389032435837,0.6596018938153958,-0.20270603582352986
-0.24262620533679732,-1.1331852490135013,0.9057885809652519,0.8962830146323096
0.045469893080244315,-0.8097401349623339,-0.679006406372667,-1.2838114405578023
-0.1270722109396779,-0.15048539822469167,1.7519255893019667,1.2819055833377249
0.44678672486331317,0.9547300146106594,-0.8169021703085706,-0.5925780693420509
-0.041780981910436256,-0.8699993922829312,-0.564466911173991,0.2465008694511291
0.854488751270991,-1.2169812085501375,-0.7733718463810194,-0.33855677661719463
0.3033137811621865,-0.992818605653616,1.3943314569419043,-0.602119879675678
-1.3144477135411405,-1.6795925676321155,-0.6639039861459154,-0.18575217918531053
-0.1262435790151342,-1.3413268671258478,-0.4604770317319559,1.7257768432849603
-0.13224359744322384,0.8114806590505612,-0.5375681550403865,-0.14445614407702767
1.5767908832739652,0.8677063069198218,0.05011729828750448,0.8605467381470976
0.3471998312724359,-0.7272568948337766,0.12986648721471697,0.842179293155439
-0.4756825904743476,-1.2343743521462023,-0.6801702396168606,1.5023073470136517
-0.04239630444428468,-1.0945716856535515,-0.9279032255535736,0.7388832081206896
-0.947141342142125,0.6670375997012272,-0.5325166554992018,-1.3061788181962812
-0.1956507058151443,1.6710503386331637,1.4276225817348622,-0.43672770912548803
0.08495007388242307,1.3214308780657356,-0.4450252709588378,-0.5882742049863852
1.4920849813508836,-1.0681731504630632,-0.8163178295651444,1.2734534321058186
-0.2729074466725637,0.6479618200752008,0.6962709859235586,-0.5304396526490739
0.4133443450754358,0.5322784410109965,-0.07497291360383793,0.10667812728528817
0.30452689058756843,-0.4071265000674956,-0.47933161497167465,-0.8907812850453836
-0.9510666446353395,1.2386751036471995,-0.40546162061972546,0.38129019779729584
-0.6461259692611085,-1.2630740425614473,0.9145345428840691,1.0421441496952348
-1.116211258793014,-0.994306497181342,1.6526044132393511,-0.3272769646114693
1.2749056878806346,0.815649360026585,-0.5868854831521382,-1.6119786945087025
-1.945324418672702,-1.230036161268496,-0.8132043133812341,-0.2507813345937423
0.8057599867114013,-1.375253427168947,0.10748833214936043,-0.17892533995292975
0.658236912975103,-0.7611920729076939,0.05646531082932075,1.5518558057587009
0.05411899466829304,-0.8428142719029905,0.67165164151702,0.07258452504834212
0.4078626670174026,-0.6699672964148964,-0.024097696068343805,0.34900363197007067
1.210783087305017,1.6710503386331637,-0.1179874584744269,1.1129358042159851
-0.9485425116926729,0.7723588855002259,0.62088085928891,-0.710732691631037
1.1497828840166775,-1.8612330638451684,0.27363299405931113,-0.6128539609237372
0.23463878833088814,0.8254541025756822,-0.724018316310246,-0.3585026794949867
-0.533532732450971,1.0344888046368999,0.013262542887165371,0.5332843718452348
-0.4042120138986814,0.6843646871647705,1.2688850646000869,1.3954345169170097
5.1548548300906365,1.0593341058677495,-0.1248111697818182,-0.5152487048130968
0.033967314184082435,-0.7345956853501541,-0.8299372024818921,-0.15672775901915115
0.6493508792178353,0.7865181534426819,2.8132612282191314,0.014422156565552288
0.40582785547156186,1.0858883185596617,-0.3613999132011956,0.2040945761019635
0.3605474868109191,1.6710503386331637,-0.8275938253509798,0.16512695650055623
0.7828760835081175,0.4980861871084851,1.7212457436104087,0.4434294951575454
0.6225561756224258,0.7754424623090016,0.47193236177656084,-1.5686161590718255
-1.4400221856611044,-1.1256275565727825,-0.5458983096516976,1.130537486646663
-0.40998033410656026,0.6064852857472947,-0.5922318569444625,-0.5329770532271062
-0.579279086582617,-0.6075413400194328,-0.8628649020266268,-1.6455318422099106
-1.1176267579722399,0.5943606389975534,0.39709742751415245,-0.5913116530694608
-1.0587744306406652,-0.23353453658894752,-0.8467248674524223,-0.5325767267345026
1.3490810084303229,0.7914618285523128,-0.5571561004455738,-0.15173301833214814
-0.30082433283872695,0.7172603115464743,-0.7525756028154809,1.1179949613240365
0.8337276433308063,0.4356033144294393,-0.22642205052472456,-0.27904571108033865
0.19589726329116391,-1.6224954776124172,0.9353318744296977,0.12132995721084223
0.9154069874427954,0.7570787970995897,-0.028351851148643498,1.5313708997448858
3.413325374314476,1.6710503386331637,-0.20679417904010847,1.1266486576770802
-0.7494858375625603,0.819513197009259,2.020421643120332,0.5361755387906624
-0.1521381009814499,-1.2619240567090584,-0.6688648294441147,1.252658618156768
-1.036179408966843,1.022595834825495,0.10571456012514613,0.714357166143196
0.778872050597139,0.9278863740112353,3.079205395049109,1.5593817664839837
-0.7413717312673019,-0.8454533884791783,-0.2124742348883471,0.009387897183266774
-2.2899446799910375,0.7330027119884565,2.390394854213908,0.6807718394649938
-1.0539825503519402,-1.0795781902244201,-0.5967321508726596,1.4565926618857643
-0.5258999384165046,-0.8095378804375705,-0.7793800307679455,0.8019707547758799
-0.6201687736204902,-0.8784384654396163,-0.8481503904349394,0.36060558140296317
1.2882623967475164,1.0198821133463696,-0.729843725880367,1.0692148030514779
0.5152968247639796,-0.9926156764827918,-0.827139451278787,0.22573813975274298
-0.09965481313874919,1.6710503386331637,0.7838595480987455,0.7656176486642613
1.2132251947176633,1.115251409202361,-0.5192525188811108,-1.3956215298636425
-0.20955796312843938,-0.6093518701270239,-0.9107618405941874,1.4678506703792853
0.061620674552126574,-0.7838444469847424,-0.761683802001708,0.8592580985411883
-0.380298812002285,1.2078496980514817,-0.09114664540702233,1.2268016248665616
0.8997363270891416,-1.0269401127205355,-0.6260726881490467,-1.5216283439125717
-1.0259831956349967,0.9711204787421057,-0.4886957011297242,-0.5717012447763022
0.1263717248831997,-0.9292516284795796,0.04615137187258514,-0.7589700251160414
1.7828339124047343,0.9873821848537804,1.2142210167558252,-0.6600595875937263
-0.16836673683727926,0.6933252965568146,1.0295203982029135,-1.2710092776021888
0.6335588959543539,-0.2603361163601261,1.460296137425019,1.0869801236107746
-0.21988346887901025,-1.4836311117092034,0.8387273168853416,-0.6307179578221255
0.7036211921314057,-1.2048633579218166,-0.1342727020558191,0.771713902745493
0.19781241392235124,-1.0719044695861941,0.8621024942234283,1.3970475261201039
3.985872768274697,0.8297531241658506,-0.1709224257201576,-0.24717958085535902
-0.6401807848365272,-0.6011162559134899,0.7578099033519131,-1.6873166664189465
-0.11221116239885146,-0.8266830017705684,-0.20520592226073237,1.3900695304620108
-0.18335481642423804,-0.523589669484282,0.5001297473482469,1.4789409389186712
0.12249627258099412,-0.9769440784562571,-0.8399040497869453,-0.7591142499046195
1.4954178293301115,0.9742814916462126,-0.2739401999513942,1.1556772931899704
-0.2885842089953609,0.5347332474851384,0.75945656063394,-1.017999828310549
-0.12262899194039802,-0.8961409433403168,-0.8980410172961625,1.384109033244338
1.5350607918021903,0.4912013880619983,-0.1915810683218388,-1.4719015439442018
-0.6769489403663235,0.8458752459911637,-0.7898729770875349,-0.7848976537828655
0.3086131889146993,0.9650271238357829,0.06095350163394329,1.6253411405226625
-0.36467831467594597,1.042382459350266,0.3449108444324083,0.3663357010186445
0.5306011952552081,0.943297000285371,1.5422325248312234,0.6983409959069103
0.5057683855826501,0.7826439692184134,-0.6661453105733272,0.2993030770841805
1.28177667839651,0.7970956711212863,-0.16082043592745096,-0.7552968833684789
-0.6287836929707549,-2.151886003562677,-0.7660230010212544,0.17779706038868637
0.23595037188979076,1.3942641597139398,-0.7585775763490343,0.2939535539781537
0.7825926444806804,0.5014535053801683,-0.8787010195541023,1.1278194666116885
0.30621746710176734,1.6710503386331637,-0.40418299364800425,0.6234453558607306
-0.19480408003704008,1.0486991781673336,-0.8138435662863249,0.029048296746177645
-0.8400764455485406,-0.5800201594024744,-0.13116009343453897,-1.084142148000841
1.491294250901537,0.538333570373957,-0.6632586828136987,-1.3105838824438307
4.045912528510926,-1.4632569456396867,-0.7212357323917554,1.654958329632605
-0.6154835988997328,1.6710503386331637,0.21610362911925965,-0.7597927222909512
0.602686710416864,0.594204199122926,-0.9458618728782786,0.8168784537053225
0.04333208250821744,-0.6901205667028716,-0.4770169333309078,-0.3666305292044105
-1.0138618484575463,-1.12127656244592,1.8079525806935401,1.2490558632785298
0.16084535233247,-1.7982437945336867,-0.07269653520267927,0.4929669480776074
-0.4776241148045539,-1.0886584324709399,-0.5145323649644679,-1.5825869362210117
1.2246595625167918,0.8566776980905247,0.7853185273973545,-0.8646715910373564
0.15970963282356124,0.2117508420184892,-0.16968590340584047,-0.25354759872141386
0.07754675632518218,0.4652348790671566,0.3277039825619173,-0.3707830885738706
0.6243335516425828,0.5376995999546815,-0.8253311926842185,1.4448190837332016
-1.275365218960664,-0.9619740178811209,-0.9069622636487759,-1.405393101625589
0.6869150569008927,-0.7242026088040546,-0.5258228402708673,1.1897708752853742
0.6121544181719202,-1.3383561157311488,-0.4319376268259015,0.7051583833416412
0.37415509315740125,-0.9619949853948971,0.20643003500541934,1.5903125519501597
1.6187459324158353,-1.3409081339409559,-0.5198316978417511,0.21796772915344342
0.840995009426128,1.3294545777454794,0.0961814236318948,-0.4390440040470514
-0.8525929070052747,1.1485046676813706,-0.9315397916323744,0.41777275499745314
-0.7666592009970911,-0.718132033157217,-0.7867892237680738,-0.7043580748396102
-0.8394508807859227,0.9652095140825382,-0.9124943449613718,-1.1591579474963625
0.08621905801754488,-1.174384777784487,0.012318660368435638,-0.31013376738246773
0.12830946681415728,1.6710503386331637,-0.827894396446876,-0.7154521861269555
-0.43011739499863155,0.656831958390431,-0.9657969516917713,0.13655670528905853
-0.1251029099443522,-0.437893165152635,-0.6390183823805696,-0.8443104655437332
-1.028022554214424,-0.43854215392474144,0.8826967305382661,-0.047462416825237747
0.22976311087648382,-1.0525714635327346,0.4470906260572807,-0.5304434410273663
0.35754416958495716,-0.7537339545094882,-0.5161945259637686,-0.9233458156948574
-0.9031325211838805,-1.1553138123944295,1.4440171653308649,0.2203331118668849
3.5147968451839673,-0.7135267700105881,0.04525661859448518,0.2688992405195806
0.043766204074187194,-1.066992560507992,-0.7510691948845529,0.9248134728582278
-0.9661699201671358,0.3491073277441195,0.20170014908707068,-0.6174997772032031
1.5161199590980843,-1.7879787017275754,0.6073121174944709,1.0740359377098387
2.5848690261873872,-0.7453275304495147,-0.410944484095541,0.8923262934232981
1.2899117274947616,-1.6265859994603824,0.0554203146893198,1.4554521624855734
-0.8885230825307949,0.6344538619492376,-0.6047117816307086,-0.08197476811435142
-1.2662120433785393,-1.1781569332334183,-0.31068907706701515,-1.0504217577036303
0.08514930951984595,-1.0832482895348685,1.184227006375211,-1.2092747961331765
-0.6233630758845985,-1.0951096545957508,0.5458173161158557,-1.6795057983779997
0.44998721146046644,1.1447517687155775,-0.9560628935306354,0.3686638014436764
1.0667063961317438,-0.9946482351313547,-0.06992141341067,1.5555822407400124
-0.2353805022735842,1.0295091585590705,-0.5968436081027586,1.2180181757022017
-1.0490961896943958,0.5727801534989705,-0.8294396916653305,-1.4981362086316548
-0.7664173746492623,0.5590332189834798,2.8971443021167564,1.3535122850451102
-0.7057287536718478,-1.0214621022497445,0.14124929057797767,-0.9267622907897699
1.6150361241439934,1.0560818666795446,-0.6348722754722722,-0.4284387329280668
-0.5712515573605668,0.8864259627944667,0.30851299321957293,0.9874972557498656
0.16029839671778465,0.7358929001759884,-0.43593823389454817,-1.542937222825974
-1.9624080035829254,-0.9180233881218881,-0.7385660918428257,-0.030634093614645665
-1.8437148344212868,1.009474939655546,-0.17851485631734773,-0.1473443528732789
-2.1432915775782075,-0.7112023730946267,0.6947757475854123,-1.1985110632262808
0.5236070484517539,0.6745983137663584,-0.7990504621150275,-1.4141186078241281
0.32382945035927774,1.1675338688059624,-0.011949348907314774,1.139353669405801
0.5353970468211672,-1.116390318857364,-0.23215307268084903,-1.626077508748845
-0.7328375158947127,-1.5337996482511194,-0.6199226551695313,-0.2104967344645828
-0.9063369708645429,0.7523038627147448,-0.8336059628006114,-0.004665017104917601
-0.6812818015534391,1.1816530130307779,-0.9059317949641157,-1.037689214344558
-0.16241079236032874,1.058544411380829,-0.18302288696051214,-0.2780676752083998
0.22817275911056317,1.0725281511012705,0.8177201392105163,-0.7072731851493216
-1.5328760851428518,-1.4627136176748248,-0.922097885320385,-0.4896883693096248
0.6569677944002899,-1.3123342504723656,-0.854211447800413,0.9637379084274951
0.33287323452890427,-0.5837433648832504,0.18272030245702853,1.2533053361112307
-0.07845783234264556,0.6736883641028627,0.3392188562193764,1.5718805290230102
0.5482102142082926,0.6486505211766072,0.16556552706827507,-0.10296167605896124
0.6092802921222924,0.910236393041281,-0.568919899339278,0.23981239594530387
0.2518190944268682,0.5639573928066006,-0.46105705878135783,0.6622562343115624
0.5657894881328072,-0.7473377245315874,-0.10081854128137224,0.6348305426656807
1.2196837373586573,-0.12492936030144432,0.19015631292273055,0.40082099322166537
-0.3700555701661052,-0.9898854853794168,-0.4950141409317873,-0.2564762326297901
-0.6011496466830223,-0.5601120345512773,-0.8601269029642087,-1.5841523118653231
-0.6244479938963186,0.8743391320028245,-0.5525013215632097,1.0894988258263918
-1.318303709756457,-1.0067051713589148,-0.4819222689264847,-0.3421719157619996
-0.7904406749295471,0.613131634518117,-0.21167940230399104,1.5424042182226159
-0.7110292966857992,0.8427220694949312,-0.25280373919854543,0.5470525195988208
-0.839345386058825,0.858162977370089,1.1655054361002588,1.0505240583699114
-1.2428923687328923,0.6275112151904052,-0.2348972293052442,1.676232137025101
0.7184672184385107,-0.21032685499308237,-0.11229809602759022,0.10132127718418943
1.5751713746407003,1.6710503386331637,-0.5647550242966564,-1.6091859734844112
-1.2367348402752931,-1.3531477764656408,0.651268364214954,0.8127453578355944
-1.5498084744658358,0.44692405882755093,1.0700548648237018,-0.8562974499508897
0.712471395929594,1.0747964906998246,4.029482034554757,1.1973565712468188
0.30640983972842384,0.7989665770958442,0.47531169515855004,1.4972968418857613
-1.7242738328567304,-0.42004715052687147,-0.7457684763834218,0.8024990637897791
-0.8749557904734641,-0.6428110161462804,-0.05603043920435711,-0.9475716915829722
-0.9023048963625202,-1.2671594366064196,0.7145731761117798,-1.6958802161973496
-0.3517811233864806,-1.0073351617955517,2.4265020156025887,0.8093290950140178
0.3404656345896835,-0.3037921781965118,-0.8808151662095124,0.4480954784515648
-0.6540241665376109,0.6344709502410268,0.7248004293718396,-0.9675293264844708
-0.09337132539243613,0.367684495154546,-0.18060720824946502,0.3723229039434526
0.42760344721797494,1.6710503386331637,0.10227190983901316,1.3571372109224091
0.7877214627156722,0.9240993505198709,-0.8013186794560373,1.620904849083852
0.15130738186366144,0.7826315244712576,-0.18684773526812093,0.4100079432641828
2.3265790460058446,0.5521106898424524,-0.8290513261338555,-0.577673639145319
0.5489862101295386,-1.43675159646948,-0.4858940039084511,-0.1460082180728561
-0.5285489355487067,0.749818623752176,0.45696034937284224,1.5626852168831904
0.23538282772866526,-0.96652944651987,-0.34357439392089667,1.379542754455161
-1.866881227526627,-0.6285405743591742,0.7727080079003515,1.3720525824254657
0.530055771401184,-0.9115835679996223,-0.7189655979827023,-0.6707907783280427
0.43829023124048644,-0.5022907759695058,-0.2238967770090259,-0.9159202196876678
0.16033461197897683,0.9304547548408005,2.329004494875265,-0.880825467109071
0.1601145231037184,0.30190734741561825,-0.716617431752656,-1.43546347087526
-0.9955949802681358,-0.7308859410020101,0.2121216162347331,0.38879057841088616
-0.4996106403617893,0.781782316615001,0.6463864069889728,-1.5193141802855497
1.144993818393523,-2.054191723352257,-0.8875344934902268,0.08902782515830887
1.548266671906375,-1.5615026514747257,-0.7059903964149896,-0.13997798973376596
2.9425718313282965,0.9201948359880225,-0.7979257313042987,-1.2273447615851507
1.1125558359187637,-0.9998144666776834,0.9473828469548196,-1.6389253917362012
0.39562696993818397,0.8313521128008223,-0.5625405950870898,0.40717937163019335
4.529443326151982,-0.2954215360517308,0.4536684319502121,-0.6760158340409619
-0.9319280203352271,-0.4549578264368139,-0.17596673613761663,-1.3658285760494213
1.3674506148902055,0.7354150726872312,-0.6291577693452379,-0.4630360993114956
0.33027580341320684,0.9429790498379592,-0.09227128346302924,1.3837574234043548
-1.5740803736870963,-1.208593556914631,-0.6569495282587846,-0.8087298656701007
1.7868798279531042,0.8505742900619147,-0.5949268183662586,-1.6788593997811088
0.06338263276377469,-1.0973623905842198,0.2339496451013457,-1.146977709354803
0.7558009516872541,-0.6747882654653943,-0.08300292209795791,0.8758534279894572
1.1315658845773846,-0.48324225851376135,0.32623095744050234,0.6172127313018599
0.3284601181419132,0.9976693549577993,0.02475091872899522,0.41174125434801806
-1.6598930500495113,-0.7343634958078685,-0.25440712770473756,-1.4721839490380935
-1.6614211915748924,1.252858053952355,0.005607770094442653,-0.1250021075959482
0.06798765092409724,-1.4430223361966974,0.09637331976573921,-0.7397256420091906
-1.0718904659563417,0.8286189306262979,-0.7435961307906999,1.6612651004064252
0.0963306603071821,-1.5917641732574892,1.2570561124221131,0.31536787643491637
-0.5453362569435022,0.619869807789797,-0.4510960339239791,-0.8163970663397397
0.1450868547214903,-1.9389206631766327,-0.4549272453829661,-0.6544655152195483
-0.5663390540152036,-1.0068081638974191,1.9191347412681452,-1.5854945025544442
1.1026247887282883,0.4494529493672683,-0.7961275813065717,-0.1548193081816332
-0.7166579927166546,0.6131520383134357,-0.6410876736986028,-1.2145759720184575
-1.9789735376938522,-0.9441514341927728,0.9263679602844008,-0.5734063475827279
-1.281861108120968,0.8081672961719981,0.054693536248861245,1.0091361688102192
0.40395793328817386,-1.033703834974641,0.5356815336231726,0.6579501652911667
1.8304864495342332,0.9750033410798342,-0.07305941454628449,0.0721262197776091
-0.9021343140315307,0.866617270450854,-0.862847112980283,-1.4046198528151645
0.16701683038033174,0.6741441018876245,0.17014462530831617,-0.9616664046518963
-0.2986588002719802,0.5181480168965734,-0.5658447759829734,0.54461282614176
0.13769080594182204,-0.6362922826507014,-0.560991647899215,-0.03417039213942078
-1.8143055638954828,1.0666296312407095,1.505715698767273,-0.8425158052428975
0.07527118213802754,0.49206374496201477,0.37978473508256805,-0.6321912170646756
0.6412529753799872,0.7166241490937256,-0.7258293585406652,1.2302886514413856
-0.5183395633532748,0.5499868493576457,2.05962163898461,1.3107954188824562
1.2152788877680716,0.9053092585429013,-0.765573862875502,-0.274162742462712
0.9007909544950155,0.5707367321058533,-0.8344047720656701,1.3761350013859044
-0.5046432276765211,0.8211405714732213,-0.6143504666201608,1.6907287136402533
-0.6156157575893423,-1.1440410823168745,-0.04405386798452294,-0.849626425253445
-1.8952893823297352,0.6776345043325931,-0.966690473107706,-1.2257489551583873
0.7690486585898957,-0.6127042464629023,-0.8354423757251728,0.49477566757094044
-0.5726906782948601,-0.8572030766372393,-0.9040350926140992,-1.4376327099464616
-1.5447405292305207,-1.4854423104068755,-0.8125519547984337,-0.8302949837551251
-0.2787416910048297,-0.657123180682007,-0.647331918293172,0.37371333589213246
-0.45056919580018767,-0.687107652603094,0.9316546983475977,1.1976484089870205
0.017533295133792738,-0.9440402369690807,-0.6578715430152258,0.5439996722554803
1.4223389798792416,0.35217145582990345,0.11418044135238826,1.099163793921892
-0.7713882444929572,-0.5766906469352421,1.4472089129380816,-1.383946908669698
0.5072437887873585,-1.2140094685953102,-0.9760558836650024,-0.519623688814027
-0.13320075148881474,-0.9652028291070243,-0.9642388179469689,0.5445172991299736
1.319871237133037,-0.922721305710225,-0.35993334372541647,-1.0458247445000164
-0.024968828717076525,-0.775607651235976,-0.8302294803153384,1.2381311937538924
0.1710562352773352,0.7868596072785073,-0.27354392866807137,-0.9423574205973123
0.8013383094462825,1.0446982524437116,-0.3742673780594587,-0.5047278377301734
0.0891048362429601,-1.8038215606723718,0.802712157421797,0.17468671286646315
0.19086771224209204,-1.513045188129767,0.7144532253742772,-0.32169361726009443
-0.8245250755146394,0.6438357501743361,-0.8423478068059712,-0.6082759840578613
-0.15671534397228862,1.0095456903450921,1.3694854529484857,0.013748449871815305
0.674779795482601,0.9357912256234141,-0.32387990468239974,-1.0679297286110778
0.17819085877061366,0.8915592321426966,-0.6897029824428768,1.6504409062812067
-1.77219962645004,0.7449000924865404,-0.3223824121672214,0.9856357692005618
1.6695508996228345,0.5129357889388017,-0.839086033570586,1.5079196494043192
-0.6254960753542201,0.6918116218889875,-0.513073416971125,-0.0788755752652424
-1.4809434266273223,-0.35709064505254956,1.1791829670222005,0.6077819547092408
0.33995071350875816,-0.8862424182148425,1.9757628209637246,-1.6048232893501497
0.019539342916654646,0.5413849377530258,-0.9614647347763445,0.0006836672905797565
0.4939857058848502,-0.6605631663534853,-0.9424872598212575,1.0618511849462515
-0.16533774479855184,0.8009088078309042,0.6666348273208537,0.5244532561153736
0.8960732017438893,-0.8468374500228912,0.15698706525858913,0.5926427137628855
-1.7156266016301671,-1.5857310005762817,-0.0725022440132261,-0.8414556946398748
-0.015190933605685877,0.8496569991401511,-0.24284702004305922,-1.065510147152589
-0.6913988388314057,0.614341192106974,-0.816216681853827,-1.7219795888348142
0.5650014434468924,0.7568553801406815,-0.9545266599757583,0.02497867941799647
0.24810406222210363,-0.8051810501805302,0.34946840829192877,-1.5982952437878177
-1.1580645502099693,-0.2852153273396714,1.019486736643141,1.4340196559470115
0.8212517351076464,-1.5427379417735483,2.195036247770772,-1.5582307353022005
-0.7396507349916607,0.8916607581238563,-0.36723406017463106,1.1446026020071707
1.4013061723078932,1.0746509106154185,0.9948653823722009,0.9745146252268182
2.5521766224199567,-0.8275899938248118,1.892428022358916,1.2998577278953984
-1.8050396983188837,-1.3505387049667492,-0.1787464388870143,1.009483532086941
0.4496829052478622,1.0368418236155672,-0.022587909626823124,-0.4483174259506675
-0.47015013173546827,1.126083467094496,-0.7631852528698191,-0.30182402252091234
-1.3089201668149066,-1.8833502567446045,-0.7478087831830756,-1.139631706134806
-1.1478309664547002,0.945560671018784,0.25019157343353293,0.32499898464742005
-0.3886053884161538,-0.6687182926336196,-0.06021963183207017,-1.5626933454475807
-0.1523292248164847,-1.4398294527689677,0.10655662421567016,0.6819400980213695
-1.0912654249372007,0.7969812142624773,-0.0636321561786125,-1.5922586525451368
-0.38443711469753733,0.9112516623960017,0.2943699427973531,-1.1203865330252387
-0.13998587838176782,0.9112337350481715,-0.025438101788813394,-0.6572869571725712
0.12396993438418041,-1.639783110846198,0.9191355187225982,-0.8654388558308249
-0.39354295751394824,0.9035196757760812,0.41329113694039854,-0.7458362225173727
-0.8494029973675936,0.5961441873584812,-0.03658385701041315,1.7103310459733934
-1.9632362649681772,-1.3769491290143607,-0.8785554709413079,-1.6511644700688908
-0.9567441329642667,0.46574854818588046,-0.015454693280396562,-0.09609549118229119
-1.0308225762814893,0.7731915534911524,-0.935800787835425,0.15539774496790051
0.06921454117836091,0.8573916370397358,-0.9085155363080852,1.5421244823446074
-1.3353119558108812,1.1909879518587994,-0.6248708444302536,1.4165757133811725
-0.25349211017397405,-1.3084006046482113,-0.2937101937201858,0.783900770951052
-0.10352962259914353,0.5549871924057131,-0.6053728045670463,0.6245604891439552
-0.06653839884636388,-1.8194827358122578,-0.2117242831189074,0.06651264319453845
0.11117763171786788,0.7941198721984214,0.21160241830332963,-1.5011744716570468
-0.4021220152381229,0.646034045345009,1.3344805358299203,-0.5206844644208598
2.577399718345361,-1.2121288452421217,-0.9860139234635801,-1.3368646072021548
-0.819451617079668,-0.6127246315267686,1.213334653802432,-0.6120470865683302
-0.6753131685389603,0.5868343202050308,1.1129350935413718,0.9352021208879328
-0.4611047198307617,1.0216612839962604,0.8909557507171428,-1.0735817398442322
0.7364691881236018,0.5394100646102902,1.4995323292126395,-0.7618643866460043
-0.12775481819055404,-1.1711667652402913,0.09369071022897688,-0.36412600995040817
-0.794797801042535,-1.0147130559824666,0.6312846359654506,0.2085718690197308
-1.3695481088866734,0.8539776733732474,0.6544611708680568,0.2557465440919753
0.3263541320623409,0.7157138581129016,-0.8244262116220196,-1.6073702173722393
-0.9551927940149134,-0.5682545678946969,-0.7377320973475888,-0.792720045965132
0.2386020542685881,0.7656296528880991,0.5689860360761639,0.24124299725659695
0.4721351479622125,0.8847375897997638,0.17736704234062764,-1.3105497013809937
0.4404193644828702,-0.6257428329021525,1.4251046531688998,-1.7124283605569612
0.5096141113826334,-0.4379865903157875,0.06189307541069139,0.9840596084058764
3.2838270973085297,-0.922216767971208,-0.4384602503464387,0.4745623436290266
-1.6158588120425519,0.8399217555588138,-0.8329001495384429,1.1489875825177216
-1.0383247362724684,0.9955114484490973,-0.34448229300564326,-0.443434378163366
0.13668329797778905,1.6710503386331637,-0.7669514923096303,-0.66408658727425
-0.7551052230699554,-0.6803447044627597,0.7995163131864174,-1.03046748332782
0.19926270798263013,-0.8243117510837469,0.11678874729092027,-1.0307856861815985
-0.7980215434930389,-1.0130577594432488,-0.6328961835560284,0.27684898156585885
1.446940469699686,0.862165861416613,-0.6175434037060962,-1.4589963212941242
0.4531760130942193,-0.5858706904990731,0.41930540553761564,1.31255341467869
-1.4819715723441242,-1.2628770400296978,-0.3642142807298148,-0.8468741658560318
-1.2274738846973063,0.7185965346531227,1.3465460766501622,0.8266637903929406
-1.1351639443647774,0.7402515863190899,-0.37745356156746274,0.29843954775060255
-0.07961347751177043,1.6710503386331637,0.3826361216303991,1.2416254271361469
-0.6343929351357237,0.9093357341764768,-0.575235445938863,-0.1524984006549415
-0.04923147227777674,1.1801803727142566,0.23949803754052038,1.4532161454884593
0.301596946606103,0.5098178292551229,-0.6439234948525904,0.668715258024085
-0.3107545468031241,0.25525937486146755,0.7180886941204304,0.042592799530349355
-0.5605546888914618,-1.1426477594170545,-0.6572004535577513,-1.5854024122140722
1.1401185101555718,-1.13318533537767,-0.2901179359794655,0.5724727629427885
1.7617728186279993,-0.7054737301700865,-0.5059041591690477,-0.9506269147700185
2.4300544182264465,1.1374348189664907,0.07249372323368014,0.37846436075639117
0.32557574768503555,0.9778148756438995,-0.6608964496553912,-0.3125048781371696
1.0778041711973352,0.7814856960252569,-0.053478752021528464,-1.3307701744823217
-0.7765784608956036,-1.157003926252352,0.7260578583867284,-0.15068425914856282
-0.5409997545807468,0.8898932502051676,1.842884752189093,-0.17310653941109966
1.2187634433867813,-0.5887885860977999,0.5565308214498503,-0.7488912583797127
-0.07163714065405209,0.5644899894977505,-0.8887142090410883,-0.4190646018250475
-1.1713800716778595,0.5788398040949879,0.971191528932685,0.9045680759064516
-1.1498279140676657,-1.0404662857838796,-0.6627972775190228,-0.571669842434876
-0.13671845468818003,0.9851823099189776,-0.6763188363582282,-0.18698625674675115
3.362595773210932,0.41660127045539364,1.9198234617710217,-0.7225074259891521
0.921211596037528,1.0858923597362309,0.40851152142145475,-1.6693018948759908
-1.2508501945463053,-0.699105565407249,0.7184311167603348,-0.16886438560188335
-0.4311781632933763,0.7540254155225894,0.15506967538139368,-0.048800334906305004
-1.3635777522485144,1.6710503386331637,-0.872476999464405,1.5414761423827952
0.47841280577302153,-1.4666699538089838,-0.5886112589659146,1.6672005655610096
-2.198968909652099,-0.47906074774881774,-0.5327490006754936,-0.7535124180728381
-1.7156294802343373,-0.545676478311616,-0.7155904623586533,0.3231664950653543
-0.10746611629884982,0.8785971293243182,-0.8193681447287001,1.5483049653925842
-1.585411387274862,1.0260074264877423,-0.9143845143849659,1.3553401343533302
-0.8211328581867167,1.6710503386331637,-0.7530289120348134,0.5754437358512203
1.3134258141743536,-1.428942948440368,-0.8226021421941627,1.1335095357539489
-0.5205796340612009,1.1445904062524936,1.2156876580268694,0.023731380917346872
1.3437294543445124,0.9063141766578375,0.7121884633654363,-0.09068186118854515
-0.016360762595158913,0.4111863949043236,-0.7674660707031775,-1.70988106400008
1.881914138146299,0.87085889006138,-0.6548868516138,-0.38026254892329214
0.39598793958522366,0.8855514329489529,-0.7361258666998037,-1.4332209482729938
0.11853758544894508,-0.9636225975882595,3.996034957549312,0.5391186783065062
0.8217502864657549,-0.7028954628703353,-0.6956920139408647,1.3186119934963243
0.7600553565433241,1.6710503386331637,0.4758185847885513,0.1402302358363628
0.514474139848627,0.32641239309961056,-0.7238000646868711,1.6324111004565964
-0.9019568166364872,0.9300165992234652,-0.8408485852307048,-1.2143456176998844
3.611491359850538,0.825577508406452,-0.6633831064743174,-1.5843361177752664
-0.486866345563164,0.4314105761362107,-0.9524124531505272,1.0451858035489365
-0.07142885066126123,-0.785751194280092,1.4816293000475944,1.6775264795783578
-1.1231161883743022,0.7550946084488392,-0.31059352505112253,-1.6140630884687532
0.12535986604212088,-1.1623982324889823,1.016957463282786,-0.5648224991202161
0.6251406534667892,-0.5654874278008358,-0.557167443751299,0.6311289368196885
2.1394705700039056,0.8714287299746113,0.34835292887653185,-0.5845782204263787
0.1289678504207997,-0.8653596729150967,1.5445484726601422,-0.8836541914681099
-0.17961720533345893,-0.6090672223596727,0.21169207242215302,0.41164765252337354
-1.2606087341799095,0.6039672535499857,-0.9425552371408125,1.5035865085654656
0.3343843606836441,-1.5730763056110901,-0.8203423049245696,0.7075916015165938
0.937461563544379,1.2493439602008471,-0.8469270111433937,-1.0391359260836954
2.7689477462817815,0.6554535932697421,-0.26956601063397634,0.1742336387178097
-0.13204762150303398,0.7533818793875449,0.7081533444450416,-0.3028835870811457
-0.7163038533266607,-0.952587782221846,-0.773389484795585,0.0947210622467271
1.288357190733993,0.7710964490586214,-0.45965097600654997,0.09016179240141978
-0.30352999749729287,-0.8553429421642718,-0.43529636888881074,0.2505328131190291
-2.1481060839160637,1.027767382812698,-0.9189462970194002,0.7149597312940956
-0.509745562320459,0.6519667257147767,-0.5499279014538901,0.3185889758639195
0.7418892042077206,1.0820415993304895,-0.7602145902291604,-0.2963478448831667
2.0067693305641523,0.4492364516504507,0.8943526640119129,-1.0222161817562083
-0.7391899641867058,-0.48945760892742896,2.257113417332784,0.8598900070516304
-0.5625871639134574,-1.0529619133558927,-0.9564590689646238,-0.5702106527285182
-0.43837825394874613,-2.0418389241804764,2.6213613807700344,0.07532910296442388
-0.19586285785703678,0.742256798303712,0.3329884410880884,0.033136486227515895
-1.3507109864270261,-1.3270601124512387,-0.2832813872310996,-0.5358370743968502
-0.4217028038066793,0.66873290716282,0.9429700044228212,0.3213278382676178
-1.123313676942014,0.5587052098879522,0.05663237303699224,-0.6990881521835252
1.5737328932611938,0.5576743737224293,0.4349999446009537,-1.437472322638768
-0.09117558690525288,-0.776032835432829,0.8424315632789159,-0.7983762023793813
-0.4070206668773548,1.1582461329101428,0.14665894559378795,-0.706004740360595
-0.3623784196123036,1.1563416932280737,1.0786679303896807,-0.9354040184536389
0.5987031066424837,-1.2421484251635975,-0.08787075519456763,-1.0970037779624517
0.7280078164754578,1.0091725331922146,2.2457499062685673,1.0434413109677518
-0.7832563922907244,0.96486854968953,0.13602305248569863,0.15736652298716833
-0.894784438715704,0.6436269022909764,-0.5359544960446382,1.386763720284681
0.48996923579772295,1.6710503386331637,0.5489411052592621,1.5651562097802356
0.06148291106095025,0.8325504985677799,-0.9714165954707042,-1.2758218563533554
1.642866390455432,1.6710503386331637,0.4883983468682845,0.725436331910369
-1.5675102580592484,0.8015769420045995,-0.7179802845153175,-1.1256375924222786
0.6428522810462154,0.18286540711562294,-0.4046788248834738,-0.20370918683856762
0.6777550179607138,1.0137821977849975,0.3195455141486519,0.9180494869338376
1.437018743625572,1.0744977246591398,-0.09787235425468355,0.40880127817024253
0.6861159919743719,-1.3980875644408597,0.3689900131513304,-0.5303322545877077
0.3065510431178583,0.8680486443570844,-0.4429531444488746,-0.7875772191295665
0.4160462196605769,0.973869831055493,0.6417917704946572,-1.5656573592399257
-1.075603539877939,0.7861872248354554,-0.7087412603800427,1.6839305407831182
0.3460031733839994,1.0078767455966005,0.1055515809282277,1.0381866627340508
-0.29047826398593274,0.48124095944396367,0.43465320025686616,1.0877897543180886
-0.448033205090912,0.9001667537656373,-0.14860092946477876,1.1695486559013077
-0.0367401727539108,0.45610467545599265,-0.2885811523249583,1.4694833074913887
3.4031880388464764,-0.2851761046877583,-0.2745401964423716,1.1429775211092759
-0.7715647920574191,0.6822401612315865,1.2228178613395995,-1.1256466481179737
-1.6529104558398302,-1.3355497321490328,0.12075638747367484,-0.9957616001935737
0.3396258567402725,-0.7549266823730911,-0.6811525714729644,-0.9144584608767765
-1.2973247816217046,1.0767096718205342,-0.6961490540965228,0.6335294890729295
0.8155937947879415,0.9073681406654796,0.2267007815353742,-1.4823795489559308
-0.6224747180861195,0.7298504333598905,-0.7501665950110163,-0.5061266781338258
0.4620796333011369,-1.396980883016881,-0.5761007068551007,1.033954627530611
-0.3815217146028264,-0.6514006224804694,-0.03764162014362361,0.772477006764084
-0.4028258330257487,1.0503113112444469,1.5248281481480235,1.2967615329665116
-0.2794778850138388,-0.5735983731982732,1.424338741887657,-0.9200913579519193
-1.2445532372506112,0.9048492335535607,-0.8681722563631552,0.1946323892355549
0.8621004335827874,0.21676419808709288,1.2311455966186862,-0.26439646478729273
-0.3468653483181771,-0.8652129927661506,0.7625419909871117,-1.1134617420006514
-0.47002806465852376,0.7586038232671413,-0.34913859585261864,-0.7845985267769584
-1.576994549895951,0.8190608095606196,-0.9098724212894564,1.5817670014743241
2.6047434506707114,-0.7968497739342472,-0.2210886842253809,-0.6506639098981452
-1.5926232420303665,0.8040850298289386,-0.6449070664826493,-0.9275122014071691
0.25925842310640057,-1.1158371110738357,-0.8375152849845858,-1.0561364104113546
1.1891027761938742,0.5738444537331919,-0.7868287373659293,0.5591944678612819
0.43531870896373037,0.8038744562597341,-0.8694679278523,-1.2093505250958163
-1.0328276277457527,0.8017211733070231,0.2850112977992205,-1.6308351717297622
1.0956488997125826,0.5357295777855764,-0.9828551937456809,0.4808264934335506
0.6714025778441247,0.5791223305135023,0.876418028051504,0.030254413608342356
0.24028166008527446,0.5250734336949039,1.0830715912551931,-0.06548737230280267
-0.9633495000354194,0.807889897105025,1.4479149098969595,1.6374895838568493
0.5038955948823723,0.6034302712150019,0.050805622175395936,-0.3416510998396593
-1.429893665835346,1.6710503386331637,-0.8561427358246393,1.5586744852265828
0.10177075005856936,-0.7055056964079758,-0.7915115814385891,0.6182608560398951
0.5383044332758397,-0.556125312066861,-0.9103859718143184,0.026089556489352465
-0.6216427782149774,-1.0061498930144888,-0.9518029444613002,-0.8370894743463052
-1.0455605918637838,-0.23127537997229763,-0.4629707533287012,-1.1662632806064095
-0.17316957058233506,0.5946801238855065,0.014988011832909456,1.038918070559406
-0.30367203895273287,-1.1844785275252658,1.2395504375337445,-1.7052027023820986
-0.2403702288693381,-0.618164688213477,-0.9538076136116496,-0.15326250458141333
0.18456607619538115,-1.3215298405028921,-0.04224184207108543,0.5005812752780009
0.1818091408140668,-0.7609943212009185,-0.33791816853652146,1.3790106457129774
-0.3527410137553883,0.8039396556257024,-0.6075399626715494,1.3293922942720158
-0.5003459092231282,0.5237346561070304,-0.08329230863332168,-0.3173927792872009
-0.24104586533165126,-0.6856321729448944,0.1922988445889558,1.3816212308925437
0.5073664029875332,-1.1469727703195058,-0.06318143276804873,0.8515281701109148
-0.37758213098004617,0.27896052038728275,0.19251065034530548,-0.08426299566519085
0.784569265214834,0.8924784885214134,0.4485631019008241,-1.4322583812989873
1.2676045017456092,0.5224400185681157,-0.7290656135030987,-0.8108220388831259
-0.18724520529410588,0.8883255168447971,-0.39486286966411543,-1.6202368134920127
1.0000086282879332,0.9216689354866993,0.14060377195534055,0.9485642861392473
-0.5329576705841649,0.9833967193644964,-0.8413964823833442,-1.2225242234124287
0.22538224995938871,0.5699416425896724,-0.6628548748311808,-1.1321577666503906
-0.21491611535039967,1.084275480776075,-0.7843723225072643,1.266238399260866
0.7278302635720284,-0.5998345465826131,-0.42925957316692404,0.2401529986184659
0.2635010729327258,-1.2615494525342343,-0.24360055920797538,1.1757829072283243
0.7405541180409984,0.7680356827627167,0.15647715973775456,-0.6610999634259727
2.051255026374862,1.021401837351877,-0.26636246985830464,-0.6307970001124515
-0.4989859940243063,1.6710503386331637,-0.7843375826576661,0.40028191218176096
-0.8481195287011485,-1.1605623984237259,1.524048691158689,0.9302024538526754
-1.0638470201408574,-0.04405218567862268,-0.19296142049991155,-0.21800384673874607
0.6386942328066781,-1.9315841356190804,-0.7969536511305213,-1.425185649809237
-0.7991368959481923,-1.3735647227249481,1.4707201902553864,-0.4051276501418656
1.122187922535403,-1.0909422880451505,-0.5729772407464967,1.675627085707831
-0.7693158840071846,0.9779087381287108,-0.2787133828217613,-0.9818549136608726
-0.6875437091386747,-1.042404671273388,-0.4957255200302863,-0.8340622947632294
-0.5733390175177175,-1.726917801525355,-0.8914747929969548,-0.6058507254027827
-0.8384779933902201,-0.32348642767604074,0.6583413102555745,0.5934450717709069
0.11020568723250347,0.9922063220089438,2.4848171805508565,1.3069369842914509
0.9089181270088671,-1.2858415688753055,-0.9603651016778733,-0.8856571069046943
0.1346169969639531,-1.3191925519563212,-0.88024887409999,-1.4763292378150472
0.5253932525474241,0.7993645539912106,-0.3375256386029589,-1.4655005985734755
0.2913702823316608,-1.6354867287638737,-0.8316625828374742,1.641464743903493
-0.3254895286299625,-1.0367159773459889,-0.8347173722276623,1.7020315807153514
-1.2834580322255038,-1.0584584856203523,-0.9474234997040539,-1.136857995483908
-0.6737653820627988,0.598458713293888,0.5906078162352656,0.7155944378407254
-0.5883058948790362,-1.2780023566357945,-0.9371283991713891,-1.1449785165664887
-1.3268950890505944,0.6254060883565985,-0.5566688031946955,1.3213475163549409
1.333679014461413,-1.1531797928946945,-0.4543080236782136,0.4977204224954532
1.93207483375213,0.9078129339553905,-0.7693903736725743,-1.1009468845608985
0.434129210832633,1.6710503386331637,-0.7380660356819688,0.20248984505617965
0.017450024227421236,-1.5080599068732004,-0.5833715788564325,1.6350840458591092
-1.5657692375015178,-0.8561368244628976,0.5877508622090938,0.8896920215316558
-0.4676321388063818,-0.3709618558049103,-0.048540558674759364,0.17943505047814337
-0.15362537694343414,1.2237162405269155,-0.1929968880596977,0.8570799649052757
-0.38788941629142554,-0.9225508781333275,-0.579399953238733,0.5809626031158175
0.30766373866986024,-1.684517144498416,2.980222012436125,0.8643185553848778
0.053029748503736575,0.8012926170640539,3.7491894468769047,0.9910065716548293
-0.6412057413936397,-1.2814405821159978,-0.7810365378975767,0.9267793935312248
-0.8922426779183115,-0.7943682057506593,-0.569428497166159,-1.333504516417671
0.49776750826630506,0.47361781937862396,0.35744116642947976,-1.0072879630076446
0.4308597523761724,-0.761621631017407,0.9031306940334305,1.20879262934569
-0.5691508992980162,0.8637676748442025,-0.2673791424585061,1.338633220116708
0.5258559890300609,0.9049210523692944,-0.03724629468330496,1.6439728631180734
-0.9916235237891801,0.6056517430197421,-0.7938490224908079,-1.4917617651085058
-0.4611404536497556,-0.7710764240011202,0.6982590056031907,-0.3026284249857896
-1.1906920912964927,-1.2906437562271025,0.35092626504706154,0.14634700428803202
-0.012297032359630365,-0.9749170069611075,-0.49317798745901154,1.4831356359195436
-0.06853700934869683,1.6710503386331637,0.042672614644777694,-0.44855658028904394
0.3101664699350071,0.7358335029800277,0.1899772876185255,-1.4688870752536465
0.18362768492076692,0.7093371065219948,-0.7843722328534084,0.9796039240889354
-1.3150988479011247,-0.7571166527813976,-0.6722869958180318,1.5618288419713116
1.1212826248021381,0.7760010812343644,0.035746776120822554,0.4377713334474987
3.9142094072867075,-0.7338562873920236,-0.8742098292632855,1.1431772847788075
1.3017305677280955,-0.8119024235630486,-0.8885830566185264,0.4505090796094772
1.261306108023026,-1.402902398962265,-0.26315395951466125,-0.24989709135561583
-1.0734660919641168,-1.3367957115367766,-0.5437615006135939,1.3825448435805776
0.8105772196058701,0.8920481338147065,-0.5128290935499427,0.2760675412092882
0.8370106955798816,0.9196383321211443,0.6819140576783358,-0.27436444285877404
-0.8280880589046843,1.1619804893660493,0.38632091336134544,-0.35112895094130353
1.1695434642673013,-1.6431881198191776,-0.8373110284136823,0.927195642228576
-0.5497629781243487,0.662642020336211,-0.97915929195875,0.7541967259549132
-2.107389473150127,-0.5320068486378456,-0.24347487240050047,1.6064340410396627
0.07259344895704754,-1.3513240238997832,-0.16117028140578213,-0.6551164796517378
0.4558714936187371,-0.8531470186056872,0.6836227901781315,0.19664872516193113
-0.00549523269631332,0.8364958016583383,0.05923717189502717,0.4319883144858031
-0.19233093113347347,0.8221518661185611,-0.3050339572574144,-1.690970289151832
-1.1608512553064343,-1.0064968414502475,-0.12530010032753341,-0.8266135156583457
-0.31634024676245526,-1.3184746787016377,-0.2669362723475124,1.3079665213873382
-0.26208261362657537,-1.7889481111361447,0.07764784889213648,1.695553646891578
0.32386350717354634,-0.4171393341545743,-0.8285849044850335,0.9684854422404634
0.14805743647106576,0.7842640881877987,-0.6782160077503395,-1.532442139737561
0.11629962872103194,-1.0082738030139404,-0.9114372026867407,-0.6252222562105847
0.484061457875186,-0.8268276488769127,-0.32666699386431913,1.2798105615400757
0.4823442486785564,-1.0664799664850606,-0.2638107551374864,-0.7882113701591722
-0.352876316757287,0.9886337598218163,-0.11964384701367473,-0.6247601136697007
-0.22355016494882152,-1.1060886173157543,3.2803183999662013,1.472245266977013
0.6724733772549789,-2.009062522014553,-0.21745885195980846,-0.18802881728952867
-0.5332002441493751,-1.1007734663429989,0.024126434838908008,-1.3830203907046472
0.4508171959244008,1.6710503386331637,-0.3824709698665773,-0.30144985299047494
-1.2370171236314509,0.6139292320779643,-0.701187700570601,1.1518935499407084
-1.5131559914972446,0.6087607260242323,-0.7324487685047725,-0.6062486610661346
-1.6914377119691502,0.545491899921053,0.3025820777003938,0.21601978671688543
-0.6474095457167909,1.6710503386331637,0.20483406759530579,0.370494485662849
-0.47510040852046964,0.7048065454962197,0.971799847217339,0.5881446198752384
-1.459089442973649,0.5615733688955455,-0.7799969764153103,1.4341246480310934
-1.033715691105343,-1.0848673353448461,-0.634977807275049,-1.3116084941469168
0.9294422258551458,-1.1646770019394759,-0.3540489278638271,-1.303025645135102
-2.067939794928775,1.0123835402566808,1.2177622169915128,0.5680815855668901
-2.5839038112243373,-0.36820434744232056,0.05544779671444273,-0.9917479350363055
0.05612940682231564,-0.8562070147181992,0.2294906321571991,-1.056169563996704
0.6859884571175657,0.8569470643784312,-0.9035905234384816,-1.251938181243588
-0.7211900820867345,-1.0033770554259571,-0.6393633472482172,0.2808923747984014
-0.2774402717678614,0.5270146499952498,1.432045565394463,0.9172681911991193
0.14983184775738811,-1.3203602268717387,0.6360647874461604,-1.6907784268326989
-1.1219867376565902,0.4391253269526391,-0.745349942591337,-0.6083863514263991
-0.4521711270673021,-0.7873421234872199,-0.7332453456760829,-0.22910282422625597
-0.4526653635497144,-0.8923936497977711,0.16631079092703713,-0.4196581634373592
0.05148162254990021,1.015173066856638,-0.7221211323020241,0.8186070230967681
0.7655788651027047,-1.9240485108445402,-0.20171798738845037,-1.1333167042135557
0.8313123728433558,1.127730810457577,-0.5778595652764305,1.1333215729220278
0.3267045628316537,1.6710503386331637,-0.933021144076091,0.23270777434481976
0.5981487372640747,-0.6143853500518413,-0.6672504155724965,-1.5103137356871141
0.7235969418679551,0.5918150392344321,-0.5023773180004877,1.176619513146676
-1.2095123328004591,-1.463472769684486,0.9037946551528709,-1.2282432117914643
-0.6893022269250245,-1.514407841192981,-0.3994041511693799,0.7639015727599401
0.097721840209689,0.4532291237001381,-0.7997335806424175,-0.6044917640595731
0.7915617434075434,-0.8235189984437061,-0.5107438005835446,1.344833611243998
-1.562511207771201,-1.5403344870029647,-0.8705951176530494,-0.5072043772484175
-0.5373658471589599,-0.8941649182979885,0.5649137215279586,-0.7081318020377059
-0.7633075138899639,0.7329874246441204,2.09636470868968,0.6618681162706264
0.5109279299723254,0.5799458373009178,1.2728089104634195,-0.3971775247251247
-0.3361129195137587,-0.9230743354679195,0.44677790562013503,0.05444426803260782
-0.7803911597280773,-1.4971370807225244,-0.41575182163465413,-1.5700545447190433
0.32192548035804325,-1.1388604468747285,-0.030442649549878204,-1.0524679862311235
-0.2684232874990223,1.6710503386331637,-0.6808112406291977,-0.9938072997883857
-0.7428515552626005,-0.9353323727083276,0.2572439452823785,-0.7859331204673634
-0.6255138891689724,0.8062865546530811,2.641454346738488,-1.543735638217848
0.47503868552413864,-1.0306224259069352,-0.8752016004324817,-1.416083566625107
-0.9858470002754997,-0.6690368231392341,-0.8611079027226557,0.5163895993993183
1.3735944343728093,-1.7625440148319715,0.5304687792485195,-0.9658814707263809
-0.9910434690227911,0.8129176886089957,-0.31256847339956695,0.44737696745574307
-0.7975348526893333,1.131283784399505,-0.4349545135749597,-0.49436525473272536
0.4786869698128832,0.8227405892668664,-0.7301597417176098,1.2569897694112475
-0.12578850503462943,-1.0269518827565836,0.08991168725853114,-0.9183854883645854
-1.254529982644343,1.0831740965422425,-0.528139887009737,-0.6322324581614727
1.1135156087777758,1.6710503386331637,-0.6537538833970445,0.3770611014931065
0.7996896802059762,0.7399307899037286,1.3398281404059806,-0.679659939668026
-0.9619815952259317,0.7407919885609289,-0.4064882423553262,0.6391376982031102
-1.962845755711649,-0.11315286701370122,0.0869849119907158,0.2390480047795586
0.15451419107190506,-1.3130838951845223,0.7055387520456573,-1.717615068733089
-1.3501463466274073,0.5398310629994786,-0.4685777737050832,-0.3747751733071649
-1.3808606057742112,0.6817439700333535,-0.5393120959763029,0.5790677093073889
0.8233135043004413,-1.3505314195839717,-0.6442398181021723,0.09792532597317735
-0.491149476848296,-0.9318799830090796,-0.740583766194192,0.7609614579026928
0.45498972776965363,-1.2346423918512024,0.6279472685869478,0.04992350483025696
0.760561039510305,-0.7213745694341241,0.5686354452996586,-1.4812284138817091
0.9747357517952653,0.9716645937313554,-0.7743293944736962,-1.5916890725026493
1.0428790651644613,-1.6518270847017136,2.8764649712521053,-1.462721921657555
-1.9005561415559595,0.46790161163394844,0.8189498045788508,1.5062903090272735
1.5588464005753762,1.2771380946780417,-0.5824403051492618,1.1701563815629568
-0.3036634568792193,0.6292465948461106,0.14980766124838396,-0.11983972757233406
1.3107886457208928,0.6955664608835168,-0.9062756401351734,1.5283579819222277
0.24115176973503236,0.5605947596306526,-0.6293320926164704,0.8970801147150109
0.8308532000215108,-0.7561087313108514,-0.6783855439348528,1.5727107223905925
1.8913117886014272,0.7931950463878451,3.376159091484388,-1.23756448638342
-0.7528440480793711,0.5054565429562068,-0.050053902384808384,-1.3742671065958507
0.48913451598654223,0.9116143841986807,-0.5499360878991532,0.3376349364106547
-0.7223665986575994,-1.0499277960803535,-0.6773293582973443,-0.9291723331114715
0.8463141254859398,-1.2407236203212795,2.100315482869084,0.2807171138752588
1.6872925449753982,-0.44872269771261375,-0.656631585036566,-0.155300370634434
-0.42320707910802047,-1.0808746558146891,-0.967539490295271,1.6209303210551307
-1.8323524380947775,0.8833566719615227,-0.4096464194798815,1.485009296478453
-1.721211694599548,0.8328923942958516,1.0149918108603837,-1.3060977940628467
1.009722484138493,0.9710291767984595,-0.02410541935954462,-0.38517073174498806
-0.5786187402383748,-0.8734459976425992,-0.8502993479975225,-0.3966617912579006
0.20975392874762994,-1.2838155891775702,-0.662779630620556,0.1911213267610657
-0.7767359146473345,1.6710503386331637,1.309623640191137,-0.5979651251346119
-1.773945794739594,0.8769774592653419,-0.32005111371084166,0.05512339183866717
0.02406459375742384,0.7804410860413737,-0.9720037840714095,0.03529424158616544
-2.1517162946143253,-1.227143583905939,1.6665832045401983,0.3280083315344262
0.24048106013674966,1.6710503386331637,0.0181228325963286,-1.1238369801614914
1.0578097202589583,0.7695709790117147,0.01704570028112722,-1.4600861413117106
-0.8084987218895927,-0.5707611780979275,-0.7501024238538905,-0.32973597604392996
0.8874759225022368,-0.768352650943503,0.6844650612561791,0.9595682164100655
-1.5469402233104907,0.9826937168223494,-0.6150294497670106,1.0003703858398845
-0.0539283059876336,-0.40273386356886076,-0.7501439285791365,-1.5060573958019046
-0.1252459932123062,0.8577103226040371,1.5145943355526381,-1.167116846511626
0.17205498464873611,0.9963037661106071,-0.7806143821810261,-0.026225193130375146
-1.283165960244766,-1.3048468260550592,-0.5654316720753396,0.45637767224844716
-1.3689445423109337,0.770774776735491,-0.05435160576782541,-0.8577816740915063
0.02653329114387882,0.8623786578750507,-0.4601347602010711,0.6507954653730786
-1.0950229992100846,-0.6050577889825693,-0.051382534135814555,0.05254245108655051
-0.9766657897958754,-1.2626717974245336,-0.47835863360814285,-1.3073053024031298
-0.9658710122229371,0.9831421022024219,0.8918621961950043,0.7167654123153132
-1.7193003506687092,-1.1827348982181864,3.079658367846967,0.6641956241937271
-1.6225616620921457,-1.522171305827434,0.20786558416946407,0.47855526538652504
0.024265518552832828,1.2684946886486956,-0.7822915884090923,-0.8228915479206436
0.838153215449281,-1.2361612533630533,0.16331590632390092,-1.3782946256092343
0.4629673909681063,0.6624946872076738,0.7496028622896095,0.8213872380896191
0.19402596613761589,0.5413688493198867,-0.9393007676325488,3.137458757495065e-05
-0.7196059552431601,-0.6730845595693968,-0.5863745202158646,-0.7540236099909069
-0.726619962797248,0.9314837547081328,0.3747729741984273,-1.5332965345604062
1.7185722574785043,1.6710503386331637,-0.9684117338259878,1.0288758076229263
1.5819611704164704,0.6240737874258481,-0.07259337136000105,1.3001176851278682
-0.45331196621246533,-0.45454041136787376,-0.8713137518530294,-1.0142140299871414
-0.570029382709003,0.9487460827137193,-0.9638987358147398,0.07334834889632509
-0.777415578064363,0.46517798620333395,0.13680248461449168,-1.266585599189047
-0.5247338361929522,-0.6351358276687664,-0.044574010521571256,1.476058397274626
0.9010944923633212,0.9648103880212241,0.14781692906570779,0.2421583364619735
-0.5734962522068258,0.9346314963580522,-0.07517430462450421,1.154569162043001
-2.179350963457411,0.6315470863337809,-0.21290823896657374,0.9962913571771929
-1.0108437344784262,1.109344687572566,-0.7587643752429104,0.6664846400899445
-0.20828891064176658,1.009196280102016,-0.9300717102095315,-0.058132173840069475
-0.3649480595596674,-0.9027898718618405,-0.5839168691047955,-0.7597559809387597
0.08177727175851429,-1.3111091618743629,-0.6419432941257974,1.4305023535340209
-1.3958668110018366,0.6905569656129367,-0.837007301327305,-0.4599594741945066
0.8093724551626978,0.45113822803054326,-0.5278941118654666,-0.6438707317836999
0.33425005125881346,-0.6008559703854626,-0.12330302173472044,-0.6458535993420177
-0.7217279670948511,-1.2062148488700852,-0.04989928411891306,0.5954916668424143
0.10620160319311593,-1.8531509687570922,1.269720133733639,-0.971764630541186
-1.2209111285903895,-0.7420826184509632,-0.8949732316820982,1.2058279675299608
0.22847575802690073,-0.7224147084304761,0.34653454863585886,1.3497774768480284
1.3146025348225143,-0.8874483333829774,0.007096057328834945,-0.14557939756174682
-0.5514485322995009,1.246606429981319,-0.06162949754668042,-0.44015282697933333
-0.9611083251229556,0.812358174302571,0.47108178472839735,-0.014463466195833571
0.4649673925652648,-1.1336414756660016,-0.2724746944714041,-0.19084042759268985
1.5338121632671944,-0.8820079111855733,-0.941440336225181,1.1700734177548817
0.37193425675182834,-1.4484539078977257,-0.377603483063002,1.3730238353383797
-2.4989109223918695,0.8376801705045676,-0.19038735547375613,0.227617478524319
-0.7380705473825834,1.6710503386331637,1.2331177369532396,-0.42245582362261735
-0.6930403146827283,0.4165738788041392,0.058828691315425057,-0.9111018578594415
0.615111638576744,0.46620404847707003,0.6420118564796787,0.7090824380813581
0.5951422647325599,1.2065561030525782,0.7059959150671701,-0.22101416964021045
0.09881844577402435,0.7451962171480827,-0.8382975827811454,-0.797558556939684
-0.9559982686689559,0.805756444406419,0.14222008981925385,-1.5941271915445054
1.5371808851657494,-0.971747951959392,0.4222682418740905,1.257378653965139
-0.1851404590862721,1.0045319665009391,0.07359086294041967,0.43200270569237353
0.47429485717917536,0.8275233025671553,0.37425686272760816,-0.007792605122325447
1.336741330319857,-1.2360189924504457,-0.7257584624855062,-0.7551604067681116
1.2120906233975504,0.7938084052005642,3.1230125651200455,-0.8917039298939218
-0.936608685684465,-1.4635612422359914,-0.9093878717984528,0.5345319233104843
-0.7793121649119296,-1.0319694302679927,-0.8202295158604404,0.115889902408576
0.814552985158752,0.7711645329533561,-0.18979018233051975,0.45205145871854546
1.4563881990953245,0.7965408331729452,-0.9202614060382776,-0.5443565412079204
0.33715676185716903,-1.2355120867628386,1.7671619802957912,1.4023537429335258
1.0783278048228315,-0.9115013564488247,1.3099373836661394,-0.327899893565219
-0.3199236632309907,0.5394545929226938,-0.9491551801473642,0.474577310704518
-1.421219789257534,-1.2555837519385913,-0.7988253643868667,1.1565565578181336
-0.5092372206375203,-1.3500433708158797,-0.5575986560199724,0.7302027600009023
-0.18837886804885012,1.3325819441250482,1.7178008258292672,-1.5510265312775904
-0.6966700628439442,-1.3451842363368889,1.8441810129419927,-1.7060189496179465
-0.7490262253439499,-1.1876108011818938,-0.1758181323270135,0.1915749393516939
0.2905457541462979,0.8514253266386175,-0.4884523892927131,-0.9135692176187149
1.55645292136936,0.5588768677441452,0.5265664360033716,-0.07207346186153896
-1.3358568005181455,0.7086138868398094,0.2738230926032079,-0.9425316644548815
0.835946313360094,-0.5642607368452097,-0.9321435494124664,1.4510470914669509
0.35701798991819655,0.6601635752130081,0.298941058358109,-1.6899613207647906
-1.2505157601348293,1.6710503386331637,-0.5746910703088035,-1.5269011546745803
1.7822850721901866,0.7997503688247273,-0.6445505407752633,0.3930248287651446
1.4068198199444344,0.8089493304982438,-0.24207651004110914,-1.3029188406146406
1.2548327320167247,0.4366022994547557,-0.5608934346443019,-1.275043846462029
-0.9743464215648447,0.7064941053401439,-0.8944082208751082,0.16324765631228996
-0.018424910738565038,-1.6586850828220916,-0.2266130975390206,1.6647326670797258
0.015515237929719629,-0.6645870848631812,-0.5567281806804795,0.8302372518900729
-0.8718938143916025,-0.5561403318634159,-0.4578712026961134,1.0661547071973214
-0.3503134737966525,-0.9269094552773901,-0.7965781882143653,1.5849119329110568
1.7274947923645019,0.6361317730069344,3.4753228042833397,-1.5707281767454833
-1.2681091036848358,0.8138838133955282,-0.17024815167578708,0.6311378741663182
0.2340972095608459,0.986029550847328,-0.9460379268597028,0.22949391796699833
0.1437022068395711,-1.677869673069779,-0.8693528783532207,0.8858729060178403
-1.76072251184952,-1.278280331904476,-0.7458215086542139,-0.7822186165812758
-0.18119412731621692,0.6768066147009004,0.4698479745519649,0.49708916677797527
-0.30387187098934415,-1.2767309566164449,-0.9599367159915766,-0.21549095849679753
0.07322156350661081,0.989427895387756,0.4945786474164393,1.1168245731277213
-0.17861603927821212,0.7763696503948658,-0.7183358183188301,-0.3651538373644623
-1.2042699267190031,0.6038090278506486,-0.8508143750966092,-0.5091995469103845
0.2233717422188989,-1.1133612415201322,-0.9790088293113742,1.5011327077627323
-0.06081859214178629,1.182271363623151,-0.02542693028741131,-1.5697624482766164
0.41217752202956887,0.5838331180610139,-0.9502437450706949,1.5563423973826778
-0.6579948181881893,0.1498248502860376,-0.9418922241524252,1.1878626329598938
-0.41328085283365545,-0.9824147231689667,-0.09317139204329884,0.7525845976230442
-0.7631528051686143,-1.0992755593180135,0.6333285663954882,-1.6182655784995459
-0.6511813165820413,1.6710503386331637,0.40447988399345103,0.6078402122998579
1.2372076693379748,0.6590661053337853,-0.8563032989122167,1.4240840261737195
-0.2092906543950606,-0.2963504925528968,-0.6843257066866311,-1.0309771882373913
1.6434736631690985,-0.8566434964028686,-0.25345520338030125,1.6107310310527754
-0.939005363071994,-1.1503650340752236,-0.8587008646231218,-0.15966852143894011
-0.3649925571245422,0.9941224057384813,-0.5697650422226533,0.2831487326642516
1.092700841066928,-0.8829956739680568,-0.47776568840746564,1.211630400245773
-0.7244392782117169,1.6710503386331637,-0.7500706323065034,-0.6264807317662969
-0.4997071670090862,1.0226911203002684,-0.5787509301191358,1.436513534273254
0.6282974401751137,-0.3252588814755687,0.07894669724322967,0.02886748672445962
-0.041267183611648085,-0.5901797705107338,-0.946968875615564,1.6081513650728925
0.9657139980524819,0.8903138957544766,-0.23156644260660014,0.6049551048855507
-1.2748373248917626,0.8706616559851157,-0.9482577335002862,0.638079977359697
0.031208780623590112,0.7628641125410964,-0.10406894799595323,0.6379529149935281
0.2482766503745488,-1.1997395353382927,-0.9820772278986444,1.0483429867895593
0.9029218216097633,0.8778849357574774,-0.18824879606346487,-1.2266612832417245
1.4109116984846164,0.08481488664008462,0.6897673361609666,0.6232171962120593
0.5875056648877112,0.7702040024076074,-0.7314819736698744,-1.2000904002014587
-1.0524760193771399,0.8240689604061624,0.5469635389474963,-0.2097257818866226
1.1165977032162868,0.5720318436298908,2.1127530667939047,1.475964646385034
0.2679234897553326,0.7527747190449374,3.3695370083190768,0.10502094893873463
-0.33871100006639276,-0.6705399365220466,0.7374440356668871,-0.28247306959346674
0.756791500447261,0.9172975569333786,-0.32837022751389455,1.2354069205739628
-0.026214348092257176,0.9627980137026215,-0.43380736415684135,1.2438081444992728
0.3313557237453776,-0.8368967546370545,-0.03703097459155973,1.5245598570387553
-1.3650821178766104,0.9062571670612196,0.15464887560753485,1.291817008009591
-1.0711570193447963,-1.2585679765697106,-0.5003314347207528,0.2581782976821909
-1.1384271554614678,-1.4974818888571408,-0.3276174457998713,0.6192594634361501
0.09806213495770454,0.4143100573456385,0.4118180144334497,-1.3405769363635127
0.07495027807488501,0.5669346379875637,-0.152121426076136,-0.984307273132097
-0.783776100800347,0.7585814817396981,4.113325687608207,-0.9768287892728756
-0.6892766715683165,-0.7900481071368953,-0.8908968415320345,-1.497740645968821
-0.5063277130514693,-1.4919359447575344,-0.9808344418298538,-1.2277294691463652
-1.3507720508601415,0.6819716059785155,-0.6109259691362745,1.1673401742333773
-0.7618355874032215,1.058838404717443,-0.8463282041963389,-0.8083483293637096
-3.288473433500855,0.6112693074953393,-0.04900077831218276,-1.6510497019686814
-1.947982268542754,-0.3615966145938346,-0.9144013991105436,0.6580370066947052
0.6746243190632775,0.8056438769544971,0.25837968964196195,-1.0940625717112158
0.3867484138718958,0.8281574006464645,-0.8788518567386941,-0.6006148588222918
-0.03600952409270852,1.6710503386331637,-0.6386017303428981,-1.326678531101258
0.1904013967546604,0.8736768020720803,1.766603639119445,-0.9891580277650235
1.520634060258868,-0.7701610180557725,2.060698916769225,-1.6145918509664716
4.772888565546635,0.8809418624278833,-0.17999694937652258,0.8083459194149465
-2.159555147867073,1.046623627328844,0.17506931673934248,0.9676125061609984
-0.36514135367124034,0.7793589443345609,-0.9252994688492842,-1.6760039987003994
-1.4552772168881687,0.2689443177847139,0.959269254801834,-1.0989510718671345
-0.521023404947232,-0.5118251289483774,-0.683321645437019,-0.8289474042719535
0.20412558510876486,-1.547463754820976,-0.9512102061437585,-1.195045238167389
-0.08155842111481931,-0.7752328796879722,0.28881384202650845,-0.42058800315298095
-0.3352455601882605,-1.0351740689359608,-0.5221372932701648,1.3580895285609302
0.10269673154349544,1.153904552129581,-0.7993862427200988,-0.28575868531589804
0.3048942437388924,-1.2457812086727922,-0.05299835112905382,-0.45227656620638373
0.44907962147292546,-0.45215277273531124,-0.5917304233822792,-0.2632861381623785
0.31693076167569106,0.6883062569107907,-0.8065995233230995,0.019569827331626623
-0.5965534644340263,0.7208286531806535,-0.28772721909165966,0.8836450246265467
-0.00431602084108449,-0.8757847799693051,-0.29627640422802937,-0.3521573796654466
0.4534373513229125,0.6610059075911666,2.438932459823692,-0.6233558768124935
0.22555602467074373,-0.3886964243227994,-0.8244390263617267,0.007941647991897317
0.9938862304736207,-1.4207631985281313,0.9077336676977982,0.9745101341314281
-0.5794791173364179,-1.3259749498745286,-0.5362331800716384,1.5369454209269693
-0.9515517728199958,-1.3065294043832123,0.9362711492380008,-1.5056136550587291
2.088152887948149,0.8325115914051002,-0.1625227165490704,1.0290148000658406
-0.6414089852123317,0.4444985089405256,1.1414705290500589,0.22269704611560293
0.10319601985155792,-0.14879704951286282,-0.6776601840391175,0.39869539276185917
0.06998598345379561,0.5958261467185636,1.6979675260344729,-1.3768108686483875
-0.17456318214379068,-1.3118305340017304,-0.6365344876866165,0.9959709675147589
0.3104433932056363,-0.7532961517194343,-0.808771006329308,-0.8287078351057034
0.03446045694477828,1.2140898257899193,3.3942361817762903,0.3856078779251076
-0.10859060755439817,0.9556309420435285,3.3929954104076003,0.6594972249213041
0.8050409003231048,-1.09402978667778,-0.5545846189172624,-0.36109318420614345
0.0323059768134796,0.8922070516135346,2.5684321138058968,-0.8354826511100854
-0.3629029492796633,-0.8311111562012832,0.32943249082599835,-0.8778729369287358
-0.45356961418657044,0.8019725350334131,-0.03818228488038009,1.4988007250459223
-0.3982323584635979,-1.0957726578872924,0.988220453034149,0.8425144583953121
-0.962705937899433,-0.1801907503587518,1.5947088325662049,-1.5644940987941718
0.5805937466118396,-0.5216550488107871,-0.43130103240417755,-0.19171638889332815
0.6354385928809426,-0.6019161373137066,-0.6907959289852587,-1.0886115293859335
-0.665146359901008,-1.5722271566346357,-0.8449578669720182,1.4143914242290636
2.497983111151858,-1.9200445955426588,-0.25021271550745117,-0.0580158261916956
-1.0375007206089766,-0.5009145010740546,2.05242673723661,-0.4804178186859563
0.9521668706300012,-0.2612183096280037,-0.6695136143976709,-1.4193586247131178
0.17690055579579975,1.6710503386331637,-0.11497036482030194,-1.6512833799026119
-0.1351117194389223,-0.536452006528579,0.7228497181596959,0.08836962346943714
-0.18929637510953098,-1.3318108272325835,0.23815685781542933,1.314154856528015
0.30732722275677393,0.7966979332523942,-0.4094337248730439,0.9251867138709869
-1.36768424893156,-0.2672332755063712,0.5608426627009748,-0.27293531397370197
1.760862961930119,1.6710503386331637,-0.678783569628888,0.543768567767795
-0.008752968338069086,-0.36632476272951764,-0.9199747226058409,-1.6523108317921562
-1.6803346935168673,0.7669346368304968,-0.5964015781461433,0.3760646072401537
0.5133062595688349,0.95040515239583,-0.8465463633035735,0.14348703271558694
-1.1221462153785613,0.7122422313717495,-0.9053158314003289,-0.44119693334329274
-0.13495238524802042,-0.826775134362201,-0.874205230152794,0.28700349409886955
-0.3770583548907251,-0.7711955960122294,-0.7675917500482435,-1.4750161898802596
0.0651451000985008,-1.2993251395532883,-0.20605648772777163,-0.91245269258793
3.1844619374074514,-0.24518172777905337,-0.6648948909096588,0.560912093253421
-0.4452392993348444,0.6332230315834121,-0.28557659923621687,-1.1007564832196766
0.1470178975390375,0.5954564596975755,-0.8205336897192984,-1.561419606849952
0.1497091764239349,0.5393221573339965,-0.4625584921604319,0.6758052445304553
2.164054256883816,0.6157163148997272,-0.3481679408076306,0.6347822110243108
0.8009375030803506,0.9667214437223536,0.27842194996384717,1.2147222562607025
-0.5626096599741921,-1.2493891087093774,0.29260718293020954,-1.6109983606187883
1.0140145636448945,1.6710503386331637,-0.26980958602222227,0.6037000799462484
1.133522913629901,0.9942220733714778,0.4348449525164256,0.5828170457911357
0.09214468286923043,1.6710503386331637,-0.9299932695869134,0.28630662870881163
0.5160523868678278,-0.6069590443279188,-0.9457726518536779,-0.12144670795274096
0.5605583892122661,0.7392259839144578,-0.07171194310792423,1.363738112840965
0.4955496700506235,0.8100256448198405,-0.6053155080329796,1.4642283060535615
-1.491976980947098,-1.2423777040084032,2.197819846678446,0.16016278568492698
-0.573335269475935,0.8955609713342528,-0.24166844339710314,0.5255497121153548
-0.014928674562489797,1.039561244912516,0.14078285876963206,0.5810045333481242
-0.49660842685030343,-0.6897767253420711,-0.7643140776379999,0.21615584306531146
2.4280119747979274,-1.1442072011613016,-0.9613062578944715,-0.6504994445241626
-1.9632770089270604,-1.1518145197930574,-0.10549793452725253,0.4052274689031269
-1.001968133019727,-1.7972865176143693,0.34017101486971485,-0.6883933878352074
0.29662205018388543,0.9341790336326247,-0.5624274369479619,1.6461616247114372
-2.043998074869497,-1.322390172495674,2.0684882731160856,1.5911846758119357
-0.4124173642412208,-0.6761455263946325,0.216699404184717,0.6908312891463977
-1.1071894954845571,-0.41181699509065095,0.47731157749692243,1.1730696270019632
-0.5248229153073024,-0.8966881495141291,-0.6886011894751342,0.017948590684156246
-0.6443504202885318,-0.9451275937154088,-0.7540386083689407,1.034471630552676
0.7173234935904905,-1.1536691952274862,-0.30070530173090715,0.5389933546210456
1.689259565596175,0.7412131898836996,-0.97698530331967,0.004599607959363317
3.0855316389895755,0.6345276953534674,-0.8903638660329634,-0.8365941153195082
-0.003064547382903872,0.5606846838943739,2.620956130202495,-1.554156098157474
0.44537621652711695,0.5185091297690836,-0.8734447771907656,0.9327052685198342
-0.8306339429063527,0.6642820891467379,0.16298781157108683,0.9778352909361379
-0.010006829145665357,0.6132713152576801,-0.7344835831952209,0.17390078536870107
1.2999712480768353,0.6746766723499462,-0.8071812098116049,-1.3505976741002885
0.711938016001751,0.8386066957726374,-0.5108574110107041,-1.6089610330944795
0.6019301596675959,-0.9000889367689857,-0.12377722626402704,1.6870166487737188
-0.115839689566548,1.6710503386331637,-0.353536929989644,1.4291992552817532
-2.25670761539047,-1.3568158879325218,-0.1883822525012112,-0.14679268426878186
-1.5469597413078755,0.7120817002937153,3.818362750067778,0.08955616008624852
2.005508601579091,0.7999227461393696,-0.3952518957155442,1.559422460548696
0.32057287970599996,1.42675259620456,-0.6205792180851561,-1.1298147814061577
0.6700538459511067,0.9176735467518213,0.21586359795167417,-0.23113542535995005
-0.7774555249513858,-0.6634774378864211,-0.3547979715319224,0.038605191208850025
0.5573418167282834,-1.528185629988062,-0.11681647696019981,-1.3380221102245096
0.5947686115431179,1.0499406076209583,-0.9150417254495388,-1.3748092704699466
0.2874139749811696,0.7975041319911581,-0.6176729938196751,-0.13214015658570993
-1.7846835480064471,0.8466345484500002,-0.5967032830862218,-1.4597249936764647
0.16116007561997195,-0.19288609218254663,0.4953805389899438,-1.055082017733728
-0.6279669352136703,-0.9627224045848877,-0.2323814881262168,-1.0424351990264287
0.17276338031686708,-0.9366536653635683,-0.16517803879994195,-1.5362323644058162
0.07816240013850738,0.38739269425005324,0.5530346274918039,0.3547546588343306
-0.9047974680291877,-0.5870115381765466,1.3659781821525359,-1.3952118908349997
0.24129819084298076,0.6812074045949272,-0.9081055563198178,-1.2571753253195195
-0.5109198585646392,-1.1224807254750455,2.2199101112543564,-0.055140721259917605
-0.021766241714496933,0.41616771989714674,-0.9042084630431992,-1.0866746748951654
-0.02534675826176224,0.9657552656642036,0.5778946085088168,-0.700585615146085
0.24478887517120335,-1.2425405664780176,-0.9384788917512245,-1.3274494470754714
-0.7714335292038217,-0.8144495525499237,0.24731886064918393,1.1821320823502435
1.422307549960775,-0.983523063672109,-0.5123293208086042,-0.5088078106401698
0.41965658121995814,0.6848735653295092,0.7824980581163963,0.9029859255788759
-1.4429225066308469,-0.8286851253527142,-0.12226493272553043,-1.2442592705688513
0.19491867765091178,-1.3479405014368533,-0.9238216997437766,0.782254790836461
0.06888175894405951,-1.1672997806722791,0.3278737348029856,-1.433822448153144
-0.9779661050639439,-0.8347657513461394,-0.9873599606665736,-0.20007770353718848
0.17662574052819596,0.874994660224865,-0.6150365563369082,-0.5918778665113085
-0.08578280477576615,-1.6282552912991768,1.3618142595308245,0.9165470691064251
-0.4803922308525291,0.8131005163019708,-0.7648521499178011,-1.0159728281766494
-0.3656730394629842,0.9786341407240147,2.782189719894547,-1.5000695729616031
0.5071524941685238,-1.1072850334150373,0.23710260302913375,-0.6295834078759277
-0.3396334375271301,-0.8718709253925344,-0.8156728451487322,-1.3728433338907748
-2.375380931663219,-1.8222090388931544,-0.07573407201087043,1.4587921639937105
-0.14313800818072464,0.590368396191075,0.5092677398019441,0.052059924961933554
-1.3625358003012138,-0.8695120618264462,-0.8271456246035169,-1.4054976802910288
-1.2883945645890864,-0.8473580170725905,0.050699550897315836,-1.610808336532777
1.3110441832424442,1.6710503386331637,-0.8154517928717828,0.23768443682779689
0.20782327443997317,-1.165724207817329,2.615844124350586,0.7972890135126265
-0.25879921926057475,-1.4362012105244781,5.220406000255968,-1.7208984390694448
-0.8378815078419369,-0.8298712294134367,1.1711516193420994,-1.226614140361323
-0.7785808221751236,-1.1226024821297695,-0.919903620843589,0.394337693636163
0.33501778573870317,-0.8768303240021651,-0.12053574900613105,0.25544187290846776
-2.550033553891242,0.6700260145513002,-0.8457076023457613,0.9162533201887012
0.19495344100827983,-1.0590372027970565,1.3068990710127015,0.4276564205209144
1.0228825023646375,-1.2594655232875949,-0.9349572162906865,0.3347472393435998
0.2568694148923411,-1.0935185472444449,2.8722822543351754,0.9827971905496328
-0.13833119138905536,-1.8100122278575341,-0.8970205675904991,-0.9981775453000445
0.09222307079206075,-0.39847887359211387,0.08304250734342578,1.0571057290861925
-0.3289155516699871,0.368283569123648,0.3980303597813968,0.9626714358180782
0.8502563662574992,-0.7894751536301,1.0417017347824562,0.20774976997581418
1.4462605694166888,-1.116139909922059,1.1896308334703032,-1.260432379132053
0.9236593297084347,-0.4315223450022966,0.007301353321943018,1.1796145060533423
0.31583158432435327,-0.26521671058105467,-0.9613549296795045,1.1685904817444994
0.10730611798555878,-1.2583844562552402,-0.755920402945115,0.854988883618271
0.5011644654556283,-1.052092673954626,0.1236803963445175,-0.9156365632783974
-0.1433869312388913,-0.3754347582157754,0.7351604436743584,-1.44336221158645
-1.0802806586190097,-0.7130912420105141,-0.33622534331590465,1.496780991913648
-0.48041401506249104,0.7512316926736674,-0.9254294984039493,-1.354878622531938
-0.25117162942746624,-0.9602302199105732,-0.8187839807001226,-0.7723889162581176
-0.11983778887991864,0.8680371574055674,0.5138822971087779,-1.6770517404433227
0.4096374811892589,-0.7076817181537408,-0.7718640243647015,-1.6739428647158248
-1.0112208254054895,-1.3421632843138434,-0.01219927533958286,0.3078010987088488
-1.2653787564788166,0.9386055101027678,-0.23900429641545629,-1.2342350172120893
1.2920128964546924,-0.2834667475367322,-0.9507977633479386,0.21779388487952836
1.0899771238898526,0.5248689180023768,0.14905856480289678,-0.11216374811379973
-0.9336556399937935,0.6622476421428697,1.3022052530340278,0.5145618569366452
-0.13862406012760753,0.7196815289233489,0.26679659588963384,-1.535309272199378
0.9322780494655063,-0.5180836712370074,-0.3734829245478623,1.0774659268350206
0.04142345267841053,-1.4640413907525316,-0.4105102626400129,-0.29973399685737195
0.8855796272418383,-1.1871136659326502,2.1551042040488717,1.2138539648853137
1.1823046691510548,0.6969535191044445,-0.46102621335040017,0.5423340477446713
-0.8019852430483367,-0.2659694960347141,-0.6679047506155533,-1.5080530674719064
-0.3736042207637679,0.6752194674096278,-0.41661925408093836,-0.40108370262724813
-1.2913398599207806,0.8995693097343824,-0.8550804149683812,1.708625561863583
0.8348756316016176,0.603219633829442,0.735420911226152,-0.927224106827538
-1.3887036332298686,0.6545024132631049,0.9486257047784813,1.593377887228538
-1.2969571305946141,0.5823173812404087,1.7877311282985298,0.3345632495456849
-0.7922476520469208,0.7910689959065543,-0.46634129416965087,-1.3590694099973504
-0.5816831811866291,1.6710503386331637,2.0159308690876148,-0.7972797419695117
-0.5219781265475004,0.7604301175189253,-0.8398477433130489,0.4949015711685265
-0.33724055775939443,0.689004188463867,-0.30409413062986757,0.866916734288812
-0.7553739454392819,-1.4498292169343545,0.3216174900453491,-1.0672885446847986
0.22739492347656645,-1.1117268203364232,0.9251388340656765,0.6395516681841881
0.7320823800494052,-1.4732153833585537,0.8372477175037518,0.01813747924780244
0.058669768424647224,0.5969053734044358,-0.7261205516673923,-0.731300319498963
0.18805361576916405,-1.4510059048896018,-0.6036769814310188,1.2472462000198166
0.3631592580660394,0.6131041757869122,0.3994715274486935,-0.3224697501583225
-0.6321260543769931,-1.8059698375384234,-0.1694647087065426,1.6854856779173837
1.6419892527926865,0.45305367708507804,-0.009351828786261425,-1.267390992568714
-0.6806987450790983,-0.6114693705350461,3.5621211508366506,1.438153756563363
0.06363671948439638,-0.853952633988534,0.697741098912751,-0.46444385180696784
-1.138419845718119,0.7587465809695267,-0.49504776282396157,1.212383950854064
0.8308089069600536,0.8974519248421615,1.44486828014412,1.439134023207632
-0.7166664923264713,-0.2757407701983176,0.41040448876713537,-0.7026988377721529
0.008971167561184755,-1.040329782879908,1.2612731599712368,1.4402613040745957
0.9275426363773562,-0.9559584324289716,0.12605477182280497,0.30559590411434034
0.3362258819788582,0.6244273208441039,0.17047219789901655,-1.0011660659383939
0.3201517111494058,1.6710503386331637,0.7194475601537585,0.6396941479606226
-0.20365888788003794,-0.8064160518908987,-0.028670580565627303,-1.0842251060731098
-1.1483286477795152,0.6136213698355023,0.03375989489504774,-0.8576860070363482
-0.14628292844417717,0.8271070389261582,-0.4342323342276776,1.2518856475280244
-0.2967275553502111,0.736220695649003,0.07443267744444151,0.9988340062656376
-0.15303665048961135,-0.4393751656289316,-0.44431320800796653,-0.35805262428083756
0.10571489601834726,0.0316282515724616,0.2908217795810007,1.5625590789051114
0.36601109277930055,0.9698515430086119,-0.07133422163980455,-0.9451293452268755
0.40373243220129135,-0.9674732535871405,-0.877754689619328,-0.5776572508349166
0.20470815332643993,-0.843048903180596,-0.9659997017454421,-1.2838494247609216
1.0758872972544997,-1.3913374526033564,-0.9639174024173924,1.6997976425086252
0.9931721703460034,1.0010244592161284,-0.8685777033094048,1.7086236360469123
